{"type":"FeatureCollection","features":[{"type":"Feature","id":"898c1044d27ffff","geometry":{"type":"Polygon","coordinates":[[[106.898925,-6.358378],[106.89851,-6.356646],[106.896736,-6.356212],[106.895379,-6.357509],[106.895794,-6.35924],[106.897568,-6.359674],[106.898925,-6.358378]]]},"properties":{"h3_index":"898c1044d27ffff","kawasan":"Harjamukti","tingkat_keyakinan":"RENDAH","n_titik_misi":0,"data_source":"predicted","zona_izin_komersial":false,"indeks_churn":null,"harga_sewa_median":null,"harga_sewa_per_m2":null,"belanja_per_jam":null,"njop_m2":null,"opportunity_score":0.0,"hidden_gem_score":null,"kuadran":"HINDARI"}},{"type":"Feature","id":"898c1044d33ffff","geometry":{"type":"Polygon","coordinates":[[[106.904245,-6.359681],[106.90383,-6.357949],[106.902056,-6.357515],[106.900699,-6.358812],[106.901114,-6.360543],[106.902888,-6.360977],[106.904245,-6.359681]]]},"properties":{"h3_index":"898c1044d33ffff","kawasan":"Harjamukti","tingkat_keyakinan":"RENDAH","n_titik_misi":0,"data_source":"predicted","zona_izin_komersial":false,"indeks_churn":null,"harga_sewa_median":null,"harga_sewa_per_m2":null,"belanja_per_jam":null,"njop_m2":null,"opportunity_score":0.0,"hidden_gem_score":null,"kuadran":"HINDARI"}},{"type":"Feature","id":"898c1044d37ffff","geometry":{"type":"Polygon","coordinates":[[[106.901114,-6.360543],[106.900699,-6.358812],[106.898925,-6.358378],[106.897568,-6.359674],[106.897983,-6.361406],[106.899757,-6.36184],[106.901114,-6.360543]]]},"properties":{"h3_index":"898c1044d37ffff","kawasan":"Harjamukti","tingkat_keyakinan":"RENDAH","n_titik_misi":0,"data_source":"predicted","zona_izin_komersial":false,"indeks_churn":null,"harga_sewa_median":null,"harga_sewa_per_m2":null,"belanja_per_jam":null,"njop_m2":null,"opportunity_score":0.0,"hidden_gem_score":null,"kuadran":"HINDARI"}},{"type":"Feature","id":"898c1044d87ffff","geometry":{"type":"Polygon","coordinates":[[[106.910811,-6.366177],[106.910396,-6.364446],[106.908623,-6.364011],[106.907265,-6.365308],[106.90768,-6.367039],[106.909454,-6.367473],[106.910811,-6.366177]]]},"properties":{"h3_index":"898c1044d87ffff","kawasan":"Harjamukti","tingkat_keyakinan":"RENDAH","n_titik_misi":0,"data_source":"predicted","zona_izin_komersial":null,"indeks_churn":null,"harga_sewa_median":null,"harga_sewa_per_m2":null,"belanja_per_jam":null,"njop_m2":null,"opportunity_score":31.8,"hidden_gem_score":null,"kuadran":"HINDARI"}},{"type":"Feature","id":"898c1044d97ffff","geometry":{"type":"Polygon","coordinates":[[[106.913,-6.368342],[106.912584,-6.366611],[106.910811,-6.366177],[106.909454,-6.367473],[106.909869,-6.369204],[106.911642,-6.369638],[106.913,-6.368342]]]},"properties":{"h3_index":"898c1044d97ffff","kawasan":"Harjamukti","tingkat_keyakinan":"RENDAH","n_titik_misi":0,"data_source":"predicted","zona_izin_komersial":null,"indeks_churn":null,"harga_sewa_median":null,"harga_sewa_per_m2":null,"belanja_per_jam":null,"njop_m2":null,"opportunity_score":23.0,"hidden_gem_score":null,"kuadran":"HINDARI"}},{"type":"Feature","id":"898c1044da3ffff","geometry":{"type":"Polygon","coordinates":[[[106.905492,-6.364874],[106.905076,-6.363143],[106.903303,-6.362709],[106.901945,-6.364005],[106.902361,-6.365736],[106.904134,-6.366171],[106.905492,-6.364874]]]},"properties":{"h3_index":"898c1044da3ffff","kawasan":"Harjamukti","tingkat_keyakinan":"RENDAH","n_titik_misi":0,"data_source":"predicted","zona_izin_komersial":null,"indeks_churn":null,"harga_sewa_median":null,"harga_sewa_per_m2":null,"belanja_per_jam":null,"njop_m2":null,"opportunity_score":33.9,"hidden_gem_score":null,"kuadran":"HINDARI"}},{"type":"Feature","id":"898c1044da7ffff","geometry":{"type":"Polygon","coordinates":[[[106.902361,-6.365736],[106.901945,-6.364005],[106.900172,-6.363571],[106.898814,-6.364868],[106.89923,-6.366599],[106.901003,-6.367033],[106.902361,-6.365736]]]},"properties":{"h3_index":"898c1044da7ffff","kawasan":"Harjamukti","tingkat_keyakinan":"RENDAH","n_titik_misi":0,"data_source":"predicted","zona_izin_komersial":false,"indeks_churn":null,"harga_sewa_median":null,"harga_sewa_per_m2":null,"belanja_per_jam":null,"njop_m2":null,"opportunity_score":0.0,"hidden_gem_score":null,"kuadran":"HINDARI"}},{"type":"Feature","id":"898c1044dabffff","geometry":{"type":"Polygon","coordinates":[[[106.906434,-6.361846],[106.906018,-6.360115],[106.904245,-6.359681],[106.902888,-6.360977],[106.903303,-6.362709],[106.905076,-6.363143],[106.906434,-6.361846]]]},"properties":{"h3_index":"898c1044dabffff","kawasan":"Harjamukti","tingkat_keyakinan":"RENDAH","n_titik_misi":0,"data_source":"predicted","zona_izin_komersial":false,"indeks_churn":null,"harga_sewa_median":null,"harga_sewa_per_m2":null,"belanja_per_jam":null,"njop_m2":null,"opportunity_score":0.0,"hidden_gem_score":null,"kuadran":"HINDARI"}},{"type":"Feature","id":"898c1044dafffff","geometry":{"type":"Polygon","coordinates":[[[106.903303,-6.362709],[106.902888,-6.360977],[106.901114,-6.360543],[106.899757,-6.36184],[106.900172,-6.363571],[106.901945,-6.364005],[106.903303,-6.362709]]]},"properties":{"h3_index":"898c1044dafffff","kawasan":"Harjamukti","tingkat_keyakinan":"RENDAH","n_titik_misi":0,"data_source":"predicted","zona_izin_komersial":false,"indeks_churn":null,"harga_sewa_median":null,"harga_sewa_per_m2":null,"belanja_per_jam":null,"njop_m2":null,"opportunity_score":0.0,"hidden_gem_score":null,"kuadran":"HINDARI"}},{"type":"Feature","id":"898c1044db3ffff","geometry":{"type":"Polygon","coordinates":[[[106.90768,-6.367039],[106.907265,-6.365308],[106.905492,-6.364874],[106.904134,-6.366171],[106.90455,-6.367902],[106.906323,-6.368336],[106.90768,-6.367039]]]},"properties":{"h3_index":"898c1044db3ffff","kawasan":"Harjamukti","tingkat_keyakinan":"RENDAH","n_titik_misi":0,"data_source":"predicted","zona_izin_komersial":null,"indeks_churn":null,"harga_sewa_median":null,"harga_sewa_per_m2":null,"belanja_per_jam":null,"njop_m2":null,"opportunity_score":34.2,"hidden_gem_score":null,"kuadran":"HINDARI"}},{"type":"Feature","id":"898c1044db7ffff","geometry":{"type":"Polygon","coordinates":[[[106.90455,-6.367902],[106.904134,-6.366171],[106.902361,-6.365736],[106.901003,-6.367033],[106.901419,-6.368764],[106.903192,-6.369199],[106.90455,-6.367902]]]},"properties":{"h3_index":"898c1044db7ffff","kawasan":"Harjamukti","tingkat_keyakinan":"RENDAH","n_titik_misi":0,"data_source":"predicted","zona_izin_komersial":null,"indeks_churn":null,"harga_sewa_median":null,"harga_sewa_per_m2":null,"belanja_per_jam":null,"njop_m2":null,"opportunity_score":35.3,"hidden_gem_score":null,"kuadran":"HINDARI"}},{"type":"Feature","id":"898c1044dbbffff","geometry":{"type":"Polygon","coordinates":[[[106.908623,-6.364011],[106.908207,-6.36228],[106.906434,-6.361846],[106.905076,-6.363143],[106.905492,-6.364874],[106.907265,-6.365308],[106.908623,-6.364011]]]},"properties":{"h3_index":"898c1044dbbffff","kawasan":"Harjamukti","tingkat_keyakinan":"RENDAH","n_titik_misi":0,"data_source":"predicted","zona_izin_komersial":null,"indeks_churn":null,"harga_sewa_median":null,"harga_sewa_per_m2":null,"belanja_per_jam":null,"njop_m2":null,"opportunity_score":33.7,"hidden_gem_score":null,"kuadran":"HINDARI"}},{"type":"Feature","id":"898c1046b27ffff","geometry":{"type":"Polygon","coordinates":[[[106.914246,-6.373534],[106.913831,-6.371804],[106.912058,-6.371369],[106.9107,-6.372666],[106.911116,-6.374397],[106.912889,-6.374831],[106.914246,-6.373534]]]},"properties":{"h3_index":"898c1046b27ffff","kawasan":"Harjamukti","tingkat_keyakinan":"RENDAH","n_titik_misi":0,"data_source":"predicted","zona_izin_komersial":null,"indeks_churn":null,"harga_sewa_median":null,"harga_sewa_per_m2":null,"belanja_per_jam":null,"njop_m2":null,"opportunity_score":26.6,"hidden_gem_score":null,"kuadran":"JEBAKAN_GENGSI"}},{"type":"Feature","id":"898c1046b2fffff","geometry":{"type":"Polygon","coordinates":[[[106.915188,-6.370507],[106.914773,-6.368776],[106.913,-6.368342],[106.911642,-6.369638],[106.912058,-6.371369],[106.913831,-6.371804],[106.915188,-6.370507]]]},"properties":{"h3_index":"898c1046b2fffff","kawasan":"Harjamukti","tingkat_keyakinan":"RENDAH","n_titik_misi":0,"data_source":"predicted","zona_izin_komersial":null,"indeks_churn":null,"harga_sewa_median":null,"harga_sewa_per_m2":null,"belanja_per_jam":null,"njop_m2":null,"opportunity_score":25.2,"hidden_gem_score":null,"kuadran":"JEBAKAN_GENGSI"}},{"type":"Feature","id":"898c104c5a7ffff","geometry":{"type":"Polygon","coordinates":[[[107.00769,-6.220384],[107.007275,-6.218651],[107.005502,-6.218216],[107.004145,-6.219514],[107.004559,-6.221247],[107.006332,-6.221682],[107.00769,-6.220384]]]},"properties":{"h3_index":"898c104c5a7ffff","kawasan":"Bekasi","tingkat_keyakinan":"RENDAH","n_titik_misi":0,"data_source":"predicted","zona_izin_komersial":null,"indeks_churn":null,"harga_sewa_median":null,"harga_sewa_per_m2":null,"belanja_per_jam":null,"njop_m2":null,"opportunity_score":31.5,"hidden_gem_score":null,"kuadran":"JEBAKAN_GENGSI"}},{"type":"Feature","id":"898c104c5b7ffff","geometry":{"type":"Polygon","coordinates":[[[107.009877,-6.222552],[107.009463,-6.220819],[107.00769,-6.220384],[107.006332,-6.221682],[107.006747,-6.223415],[107.00852,-6.22385],[107.009877,-6.222552]]]},"properties":{"h3_index":"898c104c5b7ffff","kawasan":"Bekasi","tingkat_keyakinan":"RENDAH","n_titik_misi":0,"data_source":"predicted","zona_izin_komersial":null,"indeks_churn":null,"harga_sewa_median":null,"harga_sewa_per_m2":null,"belanja_per_jam":null,"njop_m2":null,"opportunity_score":33.4,"hidden_gem_score":null,"kuadran":"JEBAKAN_GENGSI"}},{"type":"Feature","id":"898c104e127ffff","geometry":{"type":"Polygon","coordinates":[[[107.012969,-6.249407],[107.012555,-6.247675],[107.010782,-6.24724],[107.009425,-6.248538],[107.009839,-6.25027],[107.011612,-6.250705],[107.012969,-6.249407]]]},"properties":{"h3_index":"898c104e127ffff","kawasan":"Bekasi","tingkat_keyakinan":"RENDAH","n_titik_misi":0,"data_source":"predicted","zona_izin_komersial":null,"indeks_churn":null,"harga_sewa_median":null,"harga_sewa_per_m2":null,"belanja_per_jam":null,"njop_m2":null,"opportunity_score":36.8,"hidden_gem_score":null,"kuadran":"JEBAKAN_GENGSI"}},{"type":"Feature","id":"898c104e12fffff","geometry":{"type":"Polygon","coordinates":[[[107.013912,-6.246377],[107.013497,-6.244645],[107.011725,-6.24421],[107.010367,-6.245507],[107.010782,-6.24724],[107.012555,-6.247675],[107.013912,-6.246377]]]},"properties":{"h3_index":"898c104e12fffff","kawasan":"Bekasi","tingkat_keyakinan":"RENDAH","n_titik_misi":0,"data_source":"predicted","zona_izin_komersial":null,"indeks_churn":null,"harga_sewa_median":null,"harga_sewa_per_m2":null,"belanja_per_jam":null,"njop_m2":null,"opportunity_score":36.9,"hidden_gem_score":null,"kuadran":"HINDARI"}},{"type":"Feature","id":"898c104e803ffff","geometry":{"type":"Polygon","coordinates":[[[106.987323,-6.239851],[106.986908,-6.238119],[106.985135,-6.237683],[106.983778,-6.238981],[106.984193,-6.240714],[106.985966,-6.241149],[106.987323,-6.239851]]]},"properties":{"h3_index":"898c104e803ffff","kawasan":"Bekasi","tingkat_keyakinan":"RENDAH","n_titik_misi":0,"data_source":"predicted","zona_izin_komersial":null,"indeks_churn":null,"harga_sewa_median":null,"harga_sewa_per_m2":null,"belanja_per_jam":null,"njop_m2":null,"opportunity_score":40.1,"hidden_gem_score":null,"kuadran":"HINDARI"}},{"type":"Feature","id":"898c104e807ffff","geometry":{"type":"Polygon","coordinates":[[[106.984193,-6.240714],[106.983778,-6.238981],[106.982005,-6.238546],[106.980647,-6.239844],[106.981062,-6.241577],[106.982835,-6.242012],[106.984193,-6.240714]]]},"properties":{"h3_index":"898c104e807ffff","kawasan":"Bekasi","tingkat_keyakinan":"RENDAH","n_titik_misi":0,"data_source":"predicted","zona_izin_komersial":null,"indeks_churn":null,"harga_sewa_median":null,"harga_sewa_per_m2":null,"belanja_per_jam":null,"njop_m2":null,"opportunity_score":38.1,"hidden_gem_score":null,"kuadran":"HINDARI"}},{"type":"Feature","id":"898c104e80bffff","geometry":{"type":"Polygon","coordinates":[[[106.988266,-6.236821],[106.987851,-6.235088],[106.986078,-6.234653],[106.98472,-6.23595],[106.985135,-6.237683],[106.986908,-6.238119],[106.988266,-6.236821]]]},"properties":{"h3_index":"898c104e80bffff","kawasan":"Bekasi","tingkat_keyakinan":"RENDAH","n_titik_misi":0,"data_source":"predicted","zona_izin_komersial":null,"indeks_churn":null,"harga_sewa_median":null,"harga_sewa_per_m2":null,"belanja_per_jam":null,"njop_m2":null,"opportunity_score":42.1,"hidden_gem_score":null,"kuadran":"HINDARI"}},{"type":"Feature","id":"898c104e80fffff","geometry":{"type":"Polygon","coordinates":[[[106.985135,-6.237683],[106.98472,-6.23595],[106.982948,-6.235515],[106.98159,-6.236813],[106.982005,-6.238546],[106.983778,-6.238981],[106.985135,-6.237683]]]},"properties":{"h3_index":"898c104e80fffff","kawasan":"Bekasi","tingkat_keyakinan":"RENDAH","n_titik_misi":0,"data_source":"predicted","zona_izin_komersial":null,"indeks_churn":null,"harga_sewa_median":null,"harga_sewa_per_m2":null,"belanja_per_jam":null,"njop_m2":null,"opportunity_score":40.3,"hidden_gem_score":null,"kuadran":"JEBAKAN_GENGSI"}},{"type":"Feature","id":"898c104e813ffff","geometry":{"type":"Polygon","coordinates":[[[106.989511,-6.242019],[106.989096,-6.240287],[106.987323,-6.239851],[106.985966,-6.241149],[106.986381,-6.242882],[106.988153,-6.243317],[106.989511,-6.242019]]]},"properties":{"h3_index":"898c104e813ffff","kawasan":"Bekasi","tingkat_keyakinan":"RENDAH","n_titik_misi":0,"data_source":"predicted","zona_izin_komersial":null,"indeks_churn":null,"harga_sewa_median":null,"harga_sewa_per_m2":null,"belanja_per_jam":null,"njop_m2":null,"opportunity_score":39.8,"hidden_gem_score":null,"kuadran":"HINDARI"}},{"type":"Feature","id":"898c104e817ffff","geometry":{"type":"Polygon","coordinates":[[[106.986381,-6.242882],[106.985966,-6.241149],[106.984193,-6.240714],[106.982835,-6.242012],[106.98325,-6.243745],[106.985023,-6.24418],[106.986381,-6.242882]]]},"properties":{"h3_index":"898c104e817ffff","kawasan":"Bekasi","tingkat_keyakinan":"RENDAH","n_titik_misi":0,"data_source":"predicted","zona_izin_komersial":null,"indeks_churn":null,"harga_sewa_median":null,"harga_sewa_per_m2":null,"belanja_per_jam":null,"njop_m2":null,"opportunity_score":40.4,"hidden_gem_score":null,"kuadran":"HINDARI"}},{"type":"Feature","id":"898c104e81bffff","geometry":{"type":"Polygon","coordinates":[[[106.990454,-6.238989],[106.990039,-6.237256],[106.988266,-6.236821],[106.986908,-6.238119],[106.987323,-6.239851],[106.989096,-6.240287],[106.990454,-6.238989]]]},"properties":{"h3_index":"898c104e81bffff","kawasan":"Bekasi","tingkat_keyakinan":"RENDAH","n_titik_misi":0,"data_source":"predicted","zona_izin_komersial":null,"indeks_churn":null,"harga_sewa_median":null,"harga_sewa_per_m2":null,"belanja_per_jam":null,"njop_m2":null,"opportunity_score":42.2,"hidden_gem_score":null,"kuadran":"HINDARI"}},{"type":"Feature","id":"898c104e833ffff","geometry":{"type":"Polygon","coordinates":[[[106.981062,-6.241577],[106.980647,-6.239844],[106.978874,-6.239409],[106.977516,-6.240706],[106.977931,-6.242439],[106.979704,-6.242874],[106.981062,-6.241577]]]},"properties":{"h3_index":"898c104e833ffff","kawasan":"Bekasi","tingkat_keyakinan":"RENDAH","n_titik_misi":0,"data_source":"predicted","zona_izin_komersial":null,"indeks_churn":null,"harga_sewa_median":null,"harga_sewa_per_m2":null,"belanja_per_jam":null,"njop_m2":null,"opportunity_score":36.8,"hidden_gem_score":null,"kuadran":"HINDARI"}},{"type":"Feature","id":"898c104e83bffff","geometry":{"type":"Polygon","coordinates":[[[106.982005,-6.238546],[106.98159,-6.236813],[106.979817,-6.236378],[106.978459,-6.237676],[106.978874,-6.239409],[106.980647,-6.239844],[106.982005,-6.238546]]]},"properties":{"h3_index":"898c104e83bffff","kawasan":"Bekasi","tingkat_keyakinan":"RENDAH","n_titik_misi":0,"data_source":"predicted","zona_izin_komersial":null,"indeks_churn":null,"harga_sewa_median":null,"harga_sewa_per_m2":null,"belanja_per_jam":null,"njop_m2":null,"opportunity_score":37.8,"hidden_gem_score":null,"kuadran":"HINDARI"}},{"type":"Feature","id":"898c104e843ffff","geometry":{"type":"Polygon","coordinates":[[[106.992339,-6.232927],[106.991924,-6.231194],[106.990152,-6.230759],[106.988794,-6.232057],[106.989209,-6.23379],[106.990982,-6.234225],[106.992339,-6.232927]]]},"properties":{"h3_index":"898c104e843ffff","kawasan":"Bekasi","tingkat_keyakinan":"RENDAH","n_titik_misi":0,"data_source":"predicted","zona_izin_komersial":null,"indeks_churn":null,"harga_sewa_median":null,"harga_sewa_per_m2":null,"belanja_per_jam":null,"njop_m2":null,"opportunity_score":45.5,"hidden_gem_score":null,"kuadran":"HIDDEN_GEM"}},{"type":"Feature","id":"898c104e847ffff","geometry":{"type":"Polygon","coordinates":[[[106.989209,-6.23379],[106.988794,-6.232057],[106.987021,-6.231622],[106.985663,-6.23292],[106.986078,-6.234653],[106.987851,-6.235088],[106.989209,-6.23379]]]},"properties":{"h3_index":"898c104e847ffff","kawasan":"Bekasi","tingkat_keyakinan":"RENDAH","n_titik_misi":0,"data_source":"predicted","zona_izin_komersial":null,"indeks_churn":null,"harga_sewa_median":null,"harga_sewa_per_m2":null,"belanja_per_jam":null,"njop_m2":null,"opportunity_score":43.2,"hidden_gem_score":null,"kuadran":"HINDARI"}},{"type":"Feature","id":"898c104e84bffff","geometry":{"type":"Polygon","coordinates":[[[106.993282,-6.229897],[106.992867,-6.228163],[106.991094,-6.227728],[106.989737,-6.229026],[106.990152,-6.230759],[106.991924,-6.231194],[106.993282,-6.229897]]]},"properties":{"h3_index":"898c104e84bffff","kawasan":"Bekasi","tingkat_keyakinan":"RENDAH","n_titik_misi":0,"data_source":"predicted","zona_izin_komersial":null,"indeks_churn":null,"harga_sewa_median":null,"harga_sewa_per_m2":null,"belanja_per_jam":null,"njop_m2":null,"opportunity_score":36.0,"hidden_gem_score":null,"kuadran":"HINDARI"}},{"type":"Feature","id":"898c104e84fffff","geometry":{"type":"Polygon","coordinates":[[[106.990152,-6.230759],[106.989737,-6.229026],[106.987964,-6.228591],[106.986606,-6.229889],[106.987021,-6.231622],[106.988794,-6.232057],[106.990152,-6.230759]]]},"properties":{"h3_index":"898c104e84fffff","kawasan":"Bekasi","tingkat_keyakinan":"RENDAH","n_titik_misi":0,"data_source":"predicted","zona_izin_komersial":null,"indeks_churn":null,"harga_sewa_median":null,"harga_sewa_per_m2":null,"belanja_per_jam":null,"njop_m2":null,"opportunity_score":41.4,"hidden_gem_score":null,"kuadran":"JEBAKAN_GENGSI"}},{"type":"Feature","id":"898c104e853ffff","geometry":{"type":"Polygon","coordinates":[[[106.994527,-6.235096],[106.994112,-6.233363],[106.992339,-6.232927],[106.990982,-6.234225],[106.991397,-6.235958],[106.993169,-6.236393],[106.994527,-6.235096]]]},"properties":{"h3_index":"898c104e853ffff","kawasan":"Bekasi","tingkat_keyakinan":"RENDAH","n_titik_misi":0,"data_source":"predicted","zona_izin_komersial":null,"indeks_churn":null,"harga_sewa_median":null,"harga_sewa_per_m2":null,"belanja_per_jam":null,"njop_m2":null,"opportunity_score":47.9,"hidden_gem_score":null,"kuadran":"HIDDEN_GEM"}},{"type":"Feature","id":"898c104e857ffff","geometry":{"type":"Polygon","coordinates":[[[106.991397,-6.235958],[106.990982,-6.234225],[106.989209,-6.23379],[106.987851,-6.235088],[106.988266,-6.236821],[106.990039,-6.237256],[106.991397,-6.235958]]]},"properties":{"h3_index":"898c104e857ffff","kawasan":"Bekasi","tingkat_keyakinan":"RENDAH","n_titik_misi":0,"data_source":"predicted","zona_izin_komersial":null,"indeks_churn":null,"harga_sewa_median":null,"harga_sewa_per_m2":null,"belanja_per_jam":null,"njop_m2":null,"opportunity_score":44.0,"hidden_gem_score":null,"kuadran":"JEBAKAN_GENGSI"}},{"type":"Feature","id":"898c104e85bffff","geometry":{"type":"Polygon","coordinates":[[[106.99547,-6.232065],[106.995055,-6.230332],[106.993282,-6.229897],[106.991924,-6.231194],[106.992339,-6.232927],[106.994112,-6.233363],[106.99547,-6.232065]]]},"properties":{"h3_index":"898c104e85bffff","kawasan":"Bekasi","tingkat_keyakinan":"RENDAH","n_titik_misi":0,"data_source":"predicted","zona_izin_komersial":null,"indeks_churn":null,"harga_sewa_median":null,"harga_sewa_per_m2":null,"belanja_per_jam":null,"njop_m2":null,"opportunity_score":41.8,"hidden_gem_score":null,"kuadran":"JEBAKAN_GENGSI"}},{"type":"Feature","id":"898c104e863ffff","geometry":{"type":"Polygon","coordinates":[[[106.98389,-6.232484],[106.983475,-6.230751],[106.981702,-6.230316],[106.980345,-6.231614],[106.98076,-6.233347],[106.982533,-6.233782],[106.98389,-6.232484]]]},"properties":{"h3_index":"898c104e863ffff","kawasan":"Bekasi","tingkat_keyakinan":"RENDAH","n_titik_misi":0,"data_source":"predicted","zona_izin_komersial":null,"indeks_churn":null,"harga_sewa_median":null,"harga_sewa_per_m2":null,"belanja_per_jam":null,"njop_m2":null,"opportunity_score":39.5,"hidden_gem_score":null,"kuadran":"HINDARI"}},{"type":"Feature","id":"898c104e86bffff","geometry":{"type":"Polygon","coordinates":[[[106.984833,-6.229453],[106.984418,-6.22772],[106.982645,-6.227285],[106.981287,-6.228583],[106.981702,-6.230316],[106.983475,-6.230751],[106.984833,-6.229453]]]},"properties":{"h3_index":"898c104e86bffff","kawasan":"Bekasi","tingkat_keyakinan":"RENDAH","n_titik_misi":0,"data_source":"predicted","zona_izin_komersial":null,"indeks_churn":null,"harga_sewa_median":null,"harga_sewa_per_m2":null,"belanja_per_jam":null,"njop_m2":null,"opportunity_score":38.8,"hidden_gem_score":null,"kuadran":"JEBAKAN_GENGSI"}},{"type":"Feature","id":"898c104e873ffff","geometry":{"type":"Polygon","coordinates":[[[106.986078,-6.234653],[106.985663,-6.23292],[106.98389,-6.232484],[106.982533,-6.233782],[106.982948,-6.235515],[106.98472,-6.23595],[106.986078,-6.234653]]]},"properties":{"h3_index":"898c104e873ffff","kawasan":"Bekasi","tingkat_keyakinan":"RENDAH","n_titik_misi":0,"data_source":"predicted","zona_izin_komersial":null,"indeks_churn":null,"harga_sewa_median":null,"harga_sewa_per_m2":null,"belanja_per_jam":null,"njop_m2":null,"opportunity_score":41.3,"hidden_gem_score":null,"kuadran":"HINDARI"}},{"type":"Feature","id":"898c104e877ffff","geometry":{"type":"Polygon","coordinates":[[[106.982948,-6.235515],[106.982533,-6.233782],[106.98076,-6.233347],[106.979402,-6.234645],[106.979817,-6.236378],[106.98159,-6.236813],[106.982948,-6.235515]]]},"properties":{"h3_index":"898c104e877ffff","kawasan":"Bekasi","tingkat_keyakinan":"RENDAH","n_titik_misi":0,"data_source":"predicted","zona_izin_komersial":null,"indeks_churn":null,"harga_sewa_median":null,"harga_sewa_per_m2":null,"belanja_per_jam":null,"njop_m2":null,"opportunity_score":41.4,"hidden_gem_score":null,"kuadran":"HINDARI"}},{"type":"Feature","id":"898c104e87bffff","geometry":{"type":"Polygon","coordinates":[[[106.987021,-6.231622],[106.986606,-6.229889],[106.984833,-6.229453],[106.983475,-6.230751],[106.98389,-6.232484],[106.985663,-6.23292],[106.987021,-6.231622]]]},"properties":{"h3_index":"898c104e87bffff","kawasan":"Bekasi","tingkat_keyakinan":"RENDAH","n_titik_misi":0,"data_source":"predicted","zona_izin_komersial":null,"indeks_churn":null,"harga_sewa_median":null,"harga_sewa_per_m2":null,"belanja_per_jam":null,"njop_m2":null,"opportunity_score":40.8,"hidden_gem_score":null,"kuadran":"HINDARI"}},{"type":"Feature","id":"898c104e883ffff","geometry":{"type":"Polygon","coordinates":[[[106.990756,-6.247218],[106.990341,-6.245485],[106.988568,-6.24505],[106.987211,-6.246348],[106.987626,-6.248081],[106.989398,-6.248516],[106.990756,-6.247218]]]},"properties":{"h3_index":"898c104e883ffff","kawasan":"Bekasi","tingkat_keyakinan":"RENDAH","n_titik_misi":0,"data_source":"predicted","zona_izin_komersial":null,"indeks_churn":null,"harga_sewa_median":null,"harga_sewa_per_m2":null,"belanja_per_jam":null,"njop_m2":null,"opportunity_score":44.0,"hidden_gem_score":null,"kuadran":"HINDARI"}},{"type":"Feature","id":"898c104e887ffff","geometry":{"type":"Polygon","coordinates":[[[106.987626,-6.248081],[106.987211,-6.246348],[106.985438,-6.245913],[106.98408,-6.24721],[106.984495,-6.248943],[106.986268,-6.249378],[106.987626,-6.248081]]]},"properties":{"h3_index":"898c104e887ffff","kawasan":"Bekasi","tingkat_keyakinan":"RENDAH","n_titik_misi":0,"data_source":"predicted","zona_izin_komersial":null,"indeks_churn":null,"harga_sewa_median":null,"harga_sewa_per_m2":null,"belanja_per_jam":null,"njop_m2":null,"opportunity_score":40.0,"hidden_gem_score":null,"kuadran":"HINDARI"}},{"type":"Feature","id":"898c104e88bffff","geometry":{"type":"Polygon","coordinates":[[[106.991699,-6.244187],[106.991284,-6.242455],[106.989511,-6.242019],[106.988153,-6.243317],[106.988568,-6.24505],[106.990341,-6.245485],[106.991699,-6.244187]]]},"properties":{"h3_index":"898c104e88bffff","kawasan":"Bekasi","tingkat_keyakinan":"RENDAH","n_titik_misi":0,"data_source":"predicted","zona_izin_komersial":null,"indeks_churn":null,"harga_sewa_median":null,"harga_sewa_per_m2":null,"belanja_per_jam":null,"njop_m2":null,"opportunity_score":45.0,"hidden_gem_score":null,"kuadran":"HIDDEN_GEM"}},{"type":"Feature","id":"898c104e893ffff","geometry":{"type":"Polygon","coordinates":[[[106.992944,-6.249386],[106.992529,-6.247653],[106.990756,-6.247218],[106.989398,-6.248516],[106.989813,-6.250248],[106.991586,-6.250683],[106.992944,-6.249386]]]},"properties":{"h3_index":"898c104e893ffff","kawasan":"Bekasi","tingkat_keyakinan":"RENDAH","n_titik_misi":0,"data_source":"predicted","zona_izin_komersial":null,"indeks_churn":null,"harga_sewa_median":null,"harga_sewa_per_m2":null,"belanja_per_jam":null,"njop_m2":null,"opportunity_score":52.6,"hidden_gem_score":null,"kuadran":"PEMENANG_JELAS"}},{"type":"Feature","id":"898c104e897ffff","geometry":{"type":"Polygon","coordinates":[[[106.989813,-6.250248],[106.989398,-6.248516],[106.987626,-6.248081],[106.986268,-6.249378],[106.986683,-6.251111],[106.988455,-6.251546],[106.989813,-6.250248]]]},"properties":{"h3_index":"898c104e897ffff","kawasan":"Bekasi","tingkat_keyakinan":"RENDAH","n_titik_misi":0,"data_source":"predicted","zona_izin_komersial":null,"indeks_churn":null,"harga_sewa_median":null,"harga_sewa_per_m2":null,"belanja_per_jam":null,"njop_m2":null,"opportunity_score":45.2,"hidden_gem_score":null,"kuadran":"HIDDEN_GEM"}},{"type":"Feature","id":"898c104e89bffff","geometry":{"type":"Polygon","coordinates":[[[106.993886,-6.246355],[106.993471,-6.244623],[106.991699,-6.244187],[106.990341,-6.245485],[106.990756,-6.247218],[106.992529,-6.247653],[106.993886,-6.246355]]]},"properties":{"h3_index":"898c104e89bffff","kawasan":"Bekasi","tingkat_keyakinan":"RENDAH","n_titik_misi":0,"data_source":"predicted","zona_izin_komersial":null,"indeks_churn":null,"harga_sewa_median":null,"harga_sewa_per_m2":null,"belanja_per_jam":null,"njop_m2":null,"opportunity_score":45.0,"hidden_gem_score":null,"kuadran":"PEMENANG_JELAS"}},{"type":"Feature","id":"898c104e8abffff","geometry":{"type":"Polygon","coordinates":[[[106.98325,-6.243745],[106.982835,-6.242012],[106.981062,-6.241577],[106.979704,-6.242874],[106.980119,-6.244607],[106.981892,-6.245042],[106.98325,-6.243745]]]},"properties":{"h3_index":"898c104e8abffff","kawasan":"Bekasi","tingkat_keyakinan":"RENDAH","n_titik_misi":0,"data_source":"predicted","zona_izin_komersial":null,"indeks_churn":null,"harga_sewa_median":null,"harga_sewa_per_m2":null,"belanja_per_jam":null,"njop_m2":null,"opportunity_score":36.3,"hidden_gem_score":null,"kuadran":"HINDARI"}},{"type":"Feature","id":"898c104e8bbffff","geometry":{"type":"Polygon","coordinates":[[[106.985438,-6.245913],[106.985023,-6.24418],[106.98325,-6.243745],[106.981892,-6.245042],[106.982307,-6.246775],[106.98408,-6.24721],[106.985438,-6.245913]]]},"properties":{"h3_index":"898c104e8bbffff","kawasan":"Bekasi","tingkat_keyakinan":"RENDAH","n_titik_misi":0,"data_source":"predicted","zona_izin_komersial":null,"indeks_churn":null,"harga_sewa_median":null,"harga_sewa_per_m2":null,"belanja_per_jam":null,"njop_m2":null,"opportunity_score":48.0,"hidden_gem_score":null,"kuadran":"HIDDEN_GEM"}},{"type":"Feature","id":"898c104e8c3ffff","geometry":{"type":"Polygon","coordinates":[[[106.995772,-6.240294],[106.995357,-6.238561],[106.993584,-6.238126],[106.992227,-6.239424],[106.992642,-6.241157],[106.994414,-6.241592],[106.995772,-6.240294]]]},"properties":{"h3_index":"898c104e8c3ffff","kawasan":"Bekasi","tingkat_keyakinan":"RENDAH","n_titik_misi":0,"data_source":"predicted","zona_izin_komersial":null,"indeks_churn":null,"harga_sewa_median":null,"harga_sewa_per_m2":null,"belanja_per_jam":null,"njop_m2":null,"opportunity_score":56.5,"hidden_gem_score":null,"kuadran":"HIDDEN_GEM"}},{"type":"Feature","id":"898c104e8c7ffff","geometry":{"type":"Polygon","coordinates":[[[106.992642,-6.241157],[106.992227,-6.239424],[106.990454,-6.238989],[106.989096,-6.240287],[106.989511,-6.242019],[106.991284,-6.242455],[106.992642,-6.241157]]]},"properties":{"h3_index":"898c104e8c7ffff","kawasan":"Bekasi","tingkat_keyakinan":"RENDAH","n_titik_misi":0,"data_source":"predicted","zona_izin_komersial":null,"indeks_churn":null,"harga_sewa_median":null,"harga_sewa_per_m2":null,"belanja_per_jam":null,"njop_m2":null,"opportunity_score":54.0,"hidden_gem_score":null,"kuadran":"HIDDEN_GEM"}},{"type":"Feature","id":"898c104e8cbffff","geometry":{"type":"Polygon","coordinates":[[[106.996715,-6.237264],[106.9963,-6.235531],[106.994527,-6.235096],[106.993169,-6.236393],[106.993584,-6.238126],[106.995357,-6.238561],[106.996715,-6.237264]]]},"properties":{"h3_index":"898c104e8cbffff","kawasan":"Bekasi","tingkat_keyakinan":"RENDAH","n_titik_misi":0,"data_source":"predicted","zona_izin_komersial":null,"indeks_churn":null,"harga_sewa_median":null,"harga_sewa_per_m2":null,"belanja_per_jam":null,"njop_m2":null,"opportunity_score":80.9,"hidden_gem_score":null,"kuadran":"HIDDEN_GEM"}},{"type":"Feature","id":"898c104e8cfffff","geometry":{"type":"Polygon","coordinates":[[[106.993584,-6.238126],[106.993169,-6.236393],[106.991397,-6.235958],[106.990039,-6.237256],[106.990454,-6.238989],[106.992227,-6.239424],[106.993584,-6.238126]]]},"properties":{"h3_index":"898c104e8cfffff","kawasan":"Bekasi","tingkat_keyakinan":"RENDAH","n_titik_misi":0,"data_source":"predicted","zona_izin_komersial":null,"indeks_churn":null,"harga_sewa_median":null,"harga_sewa_per_m2":null,"belanja_per_jam":null,"njop_m2":null,"opportunity_score":49.2,"hidden_gem_score":null,"kuadran":"HIDDEN_GEM"}},{"type":"Feature","id":"898c104e8d3ffff","geometry":{"type":"Polygon","coordinates":[[[106.99796,-6.242462],[106.997545,-6.240729],[106.995772,-6.240294],[106.994414,-6.241592],[106.994829,-6.243325],[106.996602,-6.24376],[106.99796,-6.242462]]]},"properties":{"h3_index":"898c104e8d3ffff","kawasan":"Bekasi","tingkat_keyakinan":"RENDAH","n_titik_misi":0,"data_source":"predicted","zona_izin_komersial":null,"indeks_churn":null,"harga_sewa_median":null,"harga_sewa_per_m2":null,"belanja_per_jam":null,"njop_m2":null,"opportunity_score":55.9,"hidden_gem_score":null,"kuadran":"HIDDEN_GEM"}},{"type":"Feature","id":"898c104e8d7ffff","geometry":{"type":"Polygon","coordinates":[[[106.994829,-6.243325],[106.994414,-6.241592],[106.992642,-6.241157],[106.991284,-6.242455],[106.991699,-6.244187],[106.993471,-6.244623],[106.994829,-6.243325]]]},"properties":{"h3_index":"898c104e8d7ffff","kawasan":"Bekasi","tingkat_keyakinan":"RENDAH","n_titik_misi":0,"data_source":"predicted","zona_izin_komersial":null,"indeks_churn":null,"harga_sewa_median":null,"harga_sewa_per_m2":null,"belanja_per_jam":null,"njop_m2":null,"opportunity_score":48.6,"hidden_gem_score":null,"kuadran":"HIDDEN_GEM"}},{"type":"Feature","id":"898c104e8dbffff","geometry":{"type":"Polygon","coordinates":[[[106.998902,-6.239432],[106.998487,-6.237699],[106.996715,-6.237264],[106.995357,-6.238561],[106.995772,-6.240294],[106.997545,-6.240729],[106.998902,-6.239432]]]},"properties":{"h3_index":"898c104e8dbffff","kawasan":"Bekasi","tingkat_keyakinan":"RENDAH","n_titik_misi":0,"data_source":"predicted","zona_izin_komersial":null,"indeks_churn":null,"harga_sewa_median":null,"harga_sewa_per_m2":null,"belanja_per_jam":null,"njop_m2":null,"opportunity_score":79.3,"hidden_gem_score":null,"kuadran":"HIDDEN_GEM"}},{"type":"Feature","id":"898c104ea13ffff","geometry":{"type":"Polygon","coordinates":[[[106.996111,-6.220803],[106.995696,-6.21907],[106.993923,-6.218635],[106.992565,-6.219933],[106.99298,-6.221666],[106.994753,-6.222101],[106.996111,-6.220803]]]},"properties":{"h3_index":"898c104ea13ffff","kawasan":"Bekasi","tingkat_keyakinan":"RENDAH","n_titik_misi":0,"data_source":"predicted","zona_izin_komersial":null,"indeks_churn":null,"harga_sewa_median":null,"harga_sewa_per_m2":null,"belanja_per_jam":null,"njop_m2":null,"opportunity_score":30.2,"hidden_gem_score":null,"kuadran":"HINDARI"}},{"type":"Feature","id":"898c104ea17ffff","geometry":{"type":"Polygon","coordinates":[[[106.99298,-6.221666],[106.992565,-6.219933],[106.990792,-6.219497],[106.989434,-6.220795],[106.989849,-6.222529],[106.991622,-6.222964],[106.99298,-6.221666]]]},"properties":{"h3_index":"898c104ea17ffff","kawasan":"Bekasi","tingkat_keyakinan":"RENDAH","n_titik_misi":0,"data_source":"predicted","zona_izin_komersial":null,"indeks_churn":null,"harga_sewa_median":null,"harga_sewa_per_m2":null,"belanja_per_jam":null,"njop_m2":null,"opportunity_score":29.4,"hidden_gem_score":null,"kuadran":"HINDARI"}},{"type":"Feature","id":"898c104ea83ffff","geometry":{"type":"Polygon","coordinates":[[[106.997356,-6.226003],[106.996941,-6.22427],[106.995168,-6.223835],[106.99381,-6.225132],[106.994225,-6.226866],[106.995998,-6.227301],[106.997356,-6.226003]]]},"properties":{"h3_index":"898c104ea83ffff","kawasan":"Bekasi","tingkat_keyakinan":"RENDAH","n_titik_misi":0,"data_source":"predicted","zona_izin_komersial":null,"indeks_churn":null,"harga_sewa_median":null,"harga_sewa_per_m2":null,"belanja_per_jam":null,"njop_m2":null,"opportunity_score":39.7,"hidden_gem_score":null,"kuadran":"HINDARI"}},{"type":"Feature","id":"898c104ea87ffff","geometry":{"type":"Polygon","coordinates":[[[106.994225,-6.226866],[106.99381,-6.225132],[106.992037,-6.224697],[106.99068,-6.225995],[106.991094,-6.227728],[106.992867,-6.228163],[106.994225,-6.226866]]]},"properties":{"h3_index":"898c104ea87ffff","kawasan":"Bekasi","tingkat_keyakinan":"RENDAH","n_titik_misi":0,"data_source":"predicted","zona_izin_komersial":null,"indeks_churn":null,"harga_sewa_median":null,"harga_sewa_per_m2":null,"belanja_per_jam":null,"njop_m2":null,"opportunity_score":36.0,"hidden_gem_score":null,"kuadran":"HINDARI"}},{"type":"Feature","id":"898c104ea8bffff","geometry":{"type":"Polygon","coordinates":[[[106.998299,-6.222972],[106.997884,-6.221239],[106.996111,-6.220803],[106.994753,-6.222101],[106.995168,-6.223835],[106.996941,-6.22427],[106.998299,-6.222972]]]},"properties":{"h3_index":"898c104ea8bffff","kawasan":"Bekasi","tingkat_keyakinan":"RENDAH","n_titik_misi":0,"data_source":"predicted","zona_izin_komersial":null,"indeks_churn":null,"harga_sewa_median":null,"harga_sewa_per_m2":null,"belanja_per_jam":null,"njop_m2":null,"opportunity_score":41.9,"hidden_gem_score":null,"kuadran":"HINDARI"}},{"type":"Feature","id":"898c104ea8fffff","geometry":{"type":"Polygon","coordinates":[[[106.995168,-6.223835],[106.994753,-6.222101],[106.99298,-6.221666],[106.991622,-6.222964],[106.992037,-6.224697],[106.99381,-6.225132],[106.995168,-6.223835]]]},"properties":{"h3_index":"898c104ea8fffff","kawasan":"Bekasi","tingkat_keyakinan":"RENDAH","n_titik_misi":0,"data_source":"predicted","zona_izin_komersial":null,"indeks_churn":null,"harga_sewa_median":null,"harga_sewa_per_m2":null,"belanja_per_jam":null,"njop_m2":null,"opportunity_score":36.5,"hidden_gem_score":null,"kuadran":"HINDARI"}},{"type":"Feature","id":"898c104ea93ffff","geometry":{"type":"Polygon","coordinates":[[[106.999543,-6.228171],[106.999128,-6.226438],[106.997356,-6.226003],[106.995998,-6.227301],[106.996413,-6.229034],[106.998186,-6.229469],[106.999543,-6.228171]]]},"properties":{"h3_index":"898c104ea93ffff","kawasan":"Bekasi","tingkat_keyakinan":"RENDAH","n_titik_misi":0,"data_source":"predicted","zona_izin_komersial":null,"indeks_churn":null,"harga_sewa_median":null,"harga_sewa_per_m2":null,"belanja_per_jam":null,"njop_m2":null,"opportunity_score":36.7,"hidden_gem_score":null,"kuadran":"JEBAKAN_GENGSI"}},{"type":"Feature","id":"898c104ea97ffff","geometry":{"type":"Polygon","coordinates":[[[106.996413,-6.229034],[106.995998,-6.227301],[106.994225,-6.226866],[106.992867,-6.228163],[106.993282,-6.229897],[106.995055,-6.230332],[106.996413,-6.229034]]]},"properties":{"h3_index":"898c104ea97ffff","kawasan":"Bekasi","tingkat_keyakinan":"RENDAH","n_titik_misi":0,"data_source":"predicted","zona_izin_komersial":null,"indeks_churn":null,"harga_sewa_median":null,"harga_sewa_per_m2":null,"belanja_per_jam":null,"njop_m2":null,"opportunity_score":36.5,"hidden_gem_score":null,"kuadran":"HINDARI"}},{"type":"Feature","id":"898c104ea9bffff","geometry":{"type":"Polygon","coordinates":[[[107.000486,-6.22514],[107.000071,-6.223407],[106.998299,-6.222972],[106.996941,-6.22427],[106.997356,-6.226003],[106.999128,-6.226438],[107.000486,-6.22514]]]},"properties":{"h3_index":"898c104ea9bffff","kawasan":"Bekasi","tingkat_keyakinan":"RENDAH","n_titik_misi":0,"data_source":"predicted","zona_izin_komersial":null,"indeks_churn":null,"harga_sewa_median":null,"harga_sewa_per_m2":null,"belanja_per_jam":null,"njop_m2":null,"opportunity_score":40.5,"hidden_gem_score":null,"kuadran":"HINDARI"}},{"type":"Feature","id":"898c104eaa3ffff","geometry":{"type":"Polygon","coordinates":[[[106.988907,-6.22556],[106.988492,-6.223827],[106.986719,-6.223391],[106.985361,-6.224689],[106.985776,-6.226422],[106.987549,-6.226858],[106.988907,-6.22556]]]},"properties":{"h3_index":"898c104eaa3ffff","kawasan":"Bekasi","tingkat_keyakinan":"RENDAH","n_titik_misi":0,"data_source":"predicted","zona_izin_komersial":null,"indeks_churn":null,"harga_sewa_median":null,"harga_sewa_per_m2":null,"belanja_per_jam":null,"njop_m2":null,"opportunity_score":35.9,"hidden_gem_score":null,"kuadran":"HINDARI"}},{"type":"Feature","id":"898c104eaa7ffff","geometry":{"type":"Polygon","coordinates":[[[106.985776,-6.226422],[106.985361,-6.224689],[106.983588,-6.224254],[106.98223,-6.225552],[106.982645,-6.227285],[106.984418,-6.22772],[106.985776,-6.226422]]]},"properties":{"h3_index":"898c104eaa7ffff","kawasan":"Bekasi","tingkat_keyakinan":"RENDAH","n_titik_misi":0,"data_source":"predicted","zona_izin_komersial":null,"indeks_churn":null,"harga_sewa_median":null,"harga_sewa_per_m2":null,"belanja_per_jam":null,"njop_m2":null,"opportunity_score":42.0,"hidden_gem_score":null,"kuadran":"HINDARI"}},{"type":"Feature","id":"898c104eaabffff","geometry":{"type":"Polygon","coordinates":[[[106.989849,-6.222529],[106.989434,-6.220795],[106.987662,-6.22036],[106.986304,-6.221658],[106.986719,-6.223391],[106.988492,-6.223827],[106.989849,-6.222529]]]},"properties":{"h3_index":"898c104eaabffff","kawasan":"Bekasi","tingkat_keyakinan":"RENDAH","n_titik_misi":0,"data_source":"predicted","zona_izin_komersial":null,"indeks_churn":null,"harga_sewa_median":null,"harga_sewa_per_m2":null,"belanja_per_jam":null,"njop_m2":null,"opportunity_score":30.3,"hidden_gem_score":null,"kuadran":"HINDARI"}},{"type":"Feature","id":"898c104eaafffff","geometry":{"type":"Polygon","coordinates":[[[106.986719,-6.223391],[106.986304,-6.221658],[106.984531,-6.221223],[106.983173,-6.222521],[106.983588,-6.224254],[106.985361,-6.224689],[106.986719,-6.223391]]]},"properties":{"h3_index":"898c104eaafffff","kawasan":"Bekasi","tingkat_keyakinan":"RENDAH","n_titik_misi":0,"data_source":"predicted","zona_izin_komersial":null,"indeks_churn":null,"harga_sewa_median":null,"harga_sewa_per_m2":null,"belanja_per_jam":null,"njop_m2":null,"opportunity_score":40.5,"hidden_gem_score":null,"kuadran":"HINDARI"}},{"type":"Feature","id":"898c104eab3ffff","geometry":{"type":"Polygon","coordinates":[[[106.991094,-6.227728],[106.99068,-6.225995],[106.988907,-6.22556],[106.987549,-6.226858],[106.987964,-6.228591],[106.989737,-6.229026],[106.991094,-6.227728]]]},"properties":{"h3_index":"898c104eab3ffff","kawasan":"Bekasi","tingkat_keyakinan":"RENDAH","n_titik_misi":0,"data_source":"predicted","zona_izin_komersial":null,"indeks_churn":null,"harga_sewa_median":null,"harga_sewa_per_m2":null,"belanja_per_jam":null,"njop_m2":null,"opportunity_score":36.6,"hidden_gem_score":null,"kuadran":"HINDARI"}},{"type":"Feature","id":"898c104eab7ffff","geometry":{"type":"Polygon","coordinates":[[[106.987964,-6.228591],[106.987549,-6.226858],[106.985776,-6.226422],[106.984418,-6.22772],[106.984833,-6.229453],[106.986606,-6.229889],[106.987964,-6.228591]]]},"properties":{"h3_index":"898c104eab7ffff","kawasan":"Bekasi","tingkat_keyakinan":"RENDAH","n_titik_misi":0,"data_source":"predicted","zona_izin_komersial":null,"indeks_churn":null,"harga_sewa_median":null,"harga_sewa_per_m2":null,"belanja_per_jam":null,"njop_m2":null,"opportunity_score":39.2,"hidden_gem_score":null,"kuadran":"HINDARI"}},{"type":"Feature","id":"898c104eabbffff","geometry":{"type":"Polygon","coordinates":[[[106.992037,-6.224697],[106.991622,-6.222964],[106.989849,-6.222529],[106.988492,-6.223827],[106.988907,-6.22556],[106.99068,-6.225995],[106.992037,-6.224697]]]},"properties":{"h3_index":"898c104eabbffff","kawasan":"Bekasi","tingkat_keyakinan":"RENDAH","n_titik_misi":0,"data_source":"predicted","zona_izin_komersial":null,"indeks_churn":null,"harga_sewa_median":null,"harga_sewa_per_m2":null,"belanja_per_jam":null,"njop_m2":null,"opportunity_score":35.2,"hidden_gem_score":null,"kuadran":"HINDARI"}},{"type":"Feature","id":"898c104eac3ffff","geometry":{"type":"Polygon","coordinates":[[[107.002372,-6.219078],[107.001957,-6.217345],[107.000184,-6.21691],[106.998826,-6.218208],[106.999241,-6.219941],[107.001014,-6.220376],[107.002372,-6.219078]]]},"properties":{"h3_index":"898c104eac3ffff","kawasan":"Bekasi","tingkat_keyakinan":"RENDAH","n_titik_misi":0,"data_source":"predicted","zona_izin_komersial":null,"indeks_churn":null,"harga_sewa_median":null,"harga_sewa_per_m2":null,"belanja_per_jam":null,"njop_m2":null,"opportunity_score":31.9,"hidden_gem_score":null,"kuadran":"JEBAKAN_GENGSI"}},{"type":"Feature","id":"898c104eac7ffff","geometry":{"type":"Polygon","coordinates":[[[106.999241,-6.219941],[106.998826,-6.218208],[106.997054,-6.217772],[106.995696,-6.21907],[106.996111,-6.220803],[106.997884,-6.221239],[106.999241,-6.219941]]]},"properties":{"h3_index":"898c104eac7ffff","kawasan":"Bekasi","tingkat_keyakinan":"RENDAH","n_titik_misi":0,"data_source":"predicted","zona_izin_komersial":null,"indeks_churn":null,"harga_sewa_median":null,"harga_sewa_per_m2":null,"belanja_per_jam":null,"njop_m2":null,"opportunity_score":31.7,"hidden_gem_score":null,"kuadran":"HINDARI"}},{"type":"Feature","id":"898c104ead3ffff","geometry":{"type":"Polygon","coordinates":[[[107.004559,-6.221247],[107.004145,-6.219514],[107.002372,-6.219078],[107.001014,-6.220376],[107.001429,-6.222109],[107.003202,-6.222545],[107.004559,-6.221247]]]},"properties":{"h3_index":"898c104ead3ffff","kawasan":"Bekasi","tingkat_keyakinan":"RENDAH","n_titik_misi":0,"data_source":"predicted","zona_izin_komersial":null,"indeks_churn":null,"harga_sewa_median":null,"harga_sewa_per_m2":null,"belanja_per_jam":null,"njop_m2":null,"opportunity_score":12.9,"hidden_gem_score":null,"kuadran":"JEBAKAN_GENGSI"}},{"type":"Feature","id":"898c104ead7ffff","geometry":{"type":"Polygon","coordinates":[[[107.001429,-6.222109],[107.001014,-6.220376],[106.999241,-6.219941],[106.997884,-6.221239],[106.998299,-6.222972],[107.000071,-6.223407],[107.001429,-6.222109]]]},"properties":{"h3_index":"898c104ead7ffff","kawasan":"Bekasi","tingkat_keyakinan":"RENDAH","n_titik_misi":0,"data_source":"predicted","zona_izin_komersial":null,"indeks_churn":null,"harga_sewa_median":null,"harga_sewa_per_m2":null,"belanja_per_jam":null,"njop_m2":null,"opportunity_score":33.7,"hidden_gem_score":null,"kuadran":"HINDARI"}},{"type":"Feature","id":"898c104eadbffff","geometry":{"type":"Polygon","coordinates":[[[107.005502,-6.218216],[107.005088,-6.216482],[107.003315,-6.216047],[107.001957,-6.217345],[107.002372,-6.219078],[107.004145,-6.219514],[107.005502,-6.218216]]]},"properties":{"h3_index":"898c104eadbffff","kawasan":"Bekasi","tingkat_keyakinan":"RENDAH","n_titik_misi":0,"data_source":"predicted","zona_izin_komersial":null,"indeks_churn":null,"harga_sewa_median":null,"harga_sewa_per_m2":null,"belanja_per_jam":null,"njop_m2":null,"opportunity_score":30.0,"hidden_gem_score":null,"kuadran":"HINDARI"}},{"type":"Feature","id":"898c104ec0bffff","geometry":{"type":"Polygon","coordinates":[[[107.003579,-6.251996],[107.003164,-6.250263],[107.001392,-6.249828],[107.000034,-6.251126],[107.000449,-6.252858],[107.002221,-6.253293],[107.003579,-6.251996]]]},"properties":{"h3_index":"898c104ec0bffff","kawasan":"Bekasi","tingkat_keyakinan":"RENDAH","n_titik_misi":0,"data_source":"predicted","zona_izin_komersial":null,"indeks_churn":null,"harga_sewa_median":null,"harga_sewa_per_m2":null,"belanja_per_jam":null,"njop_m2":null,"opportunity_score":44.2,"hidden_gem_score":null,"kuadran":"HIDDEN_GEM"}},{"type":"Feature","id":"898c104ec0fffff","geometry":{"type":"Polygon","coordinates":[[[107.000449,-6.252858],[107.000034,-6.251126],[106.998261,-6.250691],[106.996904,-6.251988],[106.997319,-6.253721],[106.999091,-6.254156],[107.000449,-6.252858]]]},"properties":{"h3_index":"898c104ec0fffff","kawasan":"Bekasi","tingkat_keyakinan":"RENDAH","n_titik_misi":0,"data_source":"predicted","zona_izin_komersial":null,"indeks_churn":null,"harga_sewa_median":null,"harga_sewa_per_m2":null,"belanja_per_jam":null,"njop_m2":null,"opportunity_score":31.8,"hidden_gem_score":null,"kuadran":"HINDARI"}},{"type":"Feature","id":"898c104ec23ffff","geometry":{"type":"Polygon","coordinates":[[[106.994188,-6.254584],[106.993774,-6.252851],[106.992001,-6.252416],[106.990643,-6.253714],[106.991058,-6.255446],[106.992831,-6.255881],[106.994188,-6.254584]]]},"properties":{"h3_index":"898c104ec23ffff","kawasan":"Bekasi","tingkat_keyakinan":"RENDAH","n_titik_misi":0,"data_source":"predicted","zona_izin_komersial":null,"indeks_churn":null,"harga_sewa_median":null,"harga_sewa_per_m2":null,"belanja_per_jam":null,"njop_m2":null,"opportunity_score":38.6,"hidden_gem_score":null,"kuadran":"HINDARI"}},{"type":"Feature","id":"898c104ec2bffff","geometry":{"type":"Polygon","coordinates":[[[106.995131,-6.251553],[106.994716,-6.249821],[106.992944,-6.249386],[106.991586,-6.250683],[106.992001,-6.252416],[106.993774,-6.252851],[106.995131,-6.251553]]]},"properties":{"h3_index":"898c104ec2bffff","kawasan":"Bekasi","tingkat_keyakinan":"RENDAH","n_titik_misi":0,"data_source":"predicted","zona_izin_komersial":null,"indeks_churn":null,"harga_sewa_median":null,"harga_sewa_per_m2":null,"belanja_per_jam":null,"njop_m2":null,"opportunity_score":25.5,"hidden_gem_score":null,"kuadran":"JEBAKAN_GENGSI"}},{"type":"Feature","id":"898c104ec2fffff","geometry":{"type":"Polygon","coordinates":[[[106.992001,-6.252416],[106.991586,-6.250683],[106.989813,-6.250248],[106.988455,-6.251546],[106.98887,-6.253279],[106.990643,-6.253714],[106.992001,-6.252416]]]},"properties":{"h3_index":"898c104ec2fffff","kawasan":"Bekasi","tingkat_keyakinan":"RENDAH","n_titik_misi":0,"data_source":"predicted","zona_izin_komersial":null,"indeks_churn":null,"harga_sewa_median":null,"harga_sewa_per_m2":null,"belanja_per_jam":null,"njop_m2":null,"opportunity_score":42.3,"hidden_gem_score":null,"kuadran":"HINDARI"}},{"type":"Feature","id":"898c104ec3bffff","geometry":{"type":"Polygon","coordinates":[[[106.997319,-6.253721],[106.996904,-6.251988],[106.995131,-6.251553],[106.993774,-6.252851],[106.994188,-6.254584],[106.995961,-6.255019],[106.997319,-6.253721]]]},"properties":{"h3_index":"898c104ec3bffff","kawasan":"Bekasi","tingkat_keyakinan":"RENDAH","n_titik_misi":0,"data_source":"predicted","zona_izin_komersial":null,"indeks_churn":null,"harga_sewa_median":null,"harga_sewa_per_m2":null,"belanja_per_jam":null,"njop_m2":null,"opportunity_score":38.1,"hidden_gem_score":null,"kuadran":"HINDARI"}},{"type":"Feature","id":"898c104ec43ffff","geometry":{"type":"Polygon","coordinates":[[[107.007652,-6.248103],[107.007237,-6.24637],[107.005465,-6.245935],[107.004107,-6.247233],[107.004522,-6.248965],[107.006294,-6.2494],[107.007652,-6.248103]]]},"properties":{"h3_index":"898c104ec43ffff","kawasan":"Bekasi","tingkat_keyakinan":"RENDAH","n_titik_misi":0,"data_source":"predicted","zona_izin_komersial":null,"indeks_churn":null,"harga_sewa_median":null,"harga_sewa_per_m2":null,"belanja_per_jam":null,"njop_m2":null,"opportunity_score":38.8,"hidden_gem_score":null,"kuadran":"HINDARI"}},{"type":"Feature","id":"898c104ec47ffff","geometry":{"type":"Polygon","coordinates":[[[107.004522,-6.248965],[107.004107,-6.247233],[107.002335,-6.246798],[107.000977,-6.248095],[107.001392,-6.249828],[107.003164,-6.250263],[107.004522,-6.248965]]]},"properties":{"h3_index":"898c104ec47ffff","kawasan":"Bekasi","tingkat_keyakinan":"RENDAH","n_titik_misi":0,"data_source":"predicted","zona_izin_komersial":null,"indeks_churn":null,"harga_sewa_median":null,"harga_sewa_per_m2":null,"belanja_per_jam":null,"njop_m2":null,"opportunity_score":39.0,"hidden_gem_score":null,"kuadran":"HINDARI"}},{"type":"Feature","id":"898c104ec4bffff","geometry":{"type":"Polygon","coordinates":[[[107.008595,-6.245072],[107.00818,-6.24334],[107.006408,-6.242905],[107.00505,-6.244202],[107.005465,-6.245935],[107.007237,-6.24637],[107.008595,-6.245072]]]},"properties":{"h3_index":"898c104ec4bffff","kawasan":"Bekasi","tingkat_keyakinan":"RENDAH","n_titik_misi":0,"data_source":"predicted","zona_izin_komersial":null,"indeks_churn":null,"harga_sewa_median":null,"harga_sewa_per_m2":null,"belanja_per_jam":null,"njop_m2":null,"opportunity_score":41.0,"hidden_gem_score":null,"kuadran":"HINDARI"}},{"type":"Feature","id":"898c104ec4fffff","geometry":{"type":"Polygon","coordinates":[[[107.005465,-6.245935],[107.00505,-6.244202],[107.003277,-6.243767],[107.00192,-6.245065],[107.002335,-6.246798],[107.004107,-6.247233],[107.005465,-6.245935]]]},"properties":{"h3_index":"898c104ec4fffff","kawasan":"Bekasi","tingkat_keyakinan":"RENDAH","n_titik_misi":0,"data_source":"predicted","zona_izin_komersial":null,"indeks_churn":null,"harga_sewa_median":null,"harga_sewa_per_m2":null,"belanja_per_jam":null,"njop_m2":null,"opportunity_score":41.8,"hidden_gem_score":null,"kuadran":"HINDARI"}},{"type":"Feature","id":"898c104ec53ffff","geometry":{"type":"Polygon","coordinates":[[[107.009839,-6.25027],[107.009425,-6.248538],[107.007652,-6.248103],[107.006294,-6.2494],[107.006709,-6.251133],[107.008482,-6.251568],[107.009839,-6.25027]]]},"properties":{"h3_index":"898c104ec53ffff","kawasan":"Bekasi","tingkat_keyakinan":"RENDAH","n_titik_misi":0,"data_source":"predicted","zona_izin_komersial":null,"indeks_churn":null,"harga_sewa_median":null,"harga_sewa_per_m2":null,"belanja_per_jam":null,"njop_m2":null,"opportunity_score":36.4,"hidden_gem_score":null,"kuadran":"HINDARI"}},{"type":"Feature","id":"898c104ec57ffff","geometry":{"type":"Polygon","coordinates":[[[107.006709,-6.251133],[107.006294,-6.2494],[107.004522,-6.248965],[107.003164,-6.250263],[107.003579,-6.251996],[107.005352,-6.252431],[107.006709,-6.251133]]]},"properties":{"h3_index":"898c104ec57ffff","kawasan":"Bekasi","tingkat_keyakinan":"RENDAH","n_titik_misi":0,"data_source":"predicted","zona_izin_komersial":null,"indeks_churn":null,"harga_sewa_median":null,"harga_sewa_per_m2":null,"belanja_per_jam":null,"njop_m2":null,"opportunity_score":37.0,"hidden_gem_score":null,"kuadran":"HINDARI"}},{"type":"Feature","id":"898c104ec5bffff","geometry":{"type":"Polygon","coordinates":[[[107.010782,-6.24724],[107.010367,-6.245507],[107.008595,-6.245072],[107.007237,-6.24637],[107.007652,-6.248103],[107.009425,-6.248538],[107.010782,-6.24724]]]},"properties":{"h3_index":"898c104ec5bffff","kawasan":"Bekasi","tingkat_keyakinan":"RENDAH","n_titik_misi":0,"data_source":"predicted","zona_izin_komersial":null,"indeks_churn":null,"harga_sewa_median":null,"harga_sewa_per_m2":null,"belanja_per_jam":null,"njop_m2":null,"opportunity_score":45.0,"hidden_gem_score":null,"kuadran":"HIDDEN_GEM"}},{"type":"Feature","id":"898c104ec63ffff","geometry":{"type":"Polygon","coordinates":[[[106.999204,-6.24766],[106.998789,-6.245928],[106.997017,-6.245493],[106.995659,-6.24679],[106.996074,-6.248523],[106.997847,-6.248958],[106.999204,-6.24766]]]},"properties":{"h3_index":"898c104ec63ffff","kawasan":"Bekasi","tingkat_keyakinan":"RENDAH","n_titik_misi":0,"data_source":"predicted","zona_izin_komersial":null,"indeks_churn":null,"harga_sewa_median":null,"harga_sewa_per_m2":null,"belanja_per_jam":null,"njop_m2":null,"opportunity_score":41.9,"hidden_gem_score":null,"kuadran":"HINDARI"}},{"type":"Feature","id":"898c104ec67ffff","geometry":{"type":"Polygon","coordinates":[[[106.996074,-6.248523],[106.995659,-6.24679],[106.993886,-6.246355],[106.992529,-6.247653],[106.992944,-6.249386],[106.994716,-6.249821],[106.996074,-6.248523]]]},"properties":{"h3_index":"898c104ec67ffff","kawasan":"Bekasi","tingkat_keyakinan":"RENDAH","n_titik_misi":0,"data_source":"predicted","zona_izin_komersial":null,"indeks_churn":null,"harga_sewa_median":null,"harga_sewa_per_m2":null,"belanja_per_jam":null,"njop_m2":null,"opportunity_score":21.9,"hidden_gem_score":null,"kuadran":"JEBAKAN_GENGSI"}},{"type":"Feature","id":"898c104ec6bffff","geometry":{"type":"Polygon","coordinates":[[[107.000147,-6.24463],[106.999732,-6.242897],[106.99796,-6.242462],[106.996602,-6.24376],[106.997017,-6.245493],[106.998789,-6.245928],[107.000147,-6.24463]]]},"properties":{"h3_index":"898c104ec6bffff","kawasan":"Bekasi","tingkat_keyakinan":"RENDAH","n_titik_misi":0,"data_source":"predicted","zona_izin_komersial":null,"indeks_churn":null,"harga_sewa_median":null,"harga_sewa_per_m2":null,"belanja_per_jam":null,"njop_m2":null,"opportunity_score":43.3,"hidden_gem_score":null,"kuadran":"HINDARI"}},{"type":"Feature","id":"898c104ec6fffff","geometry":{"type":"Polygon","coordinates":[[[106.997017,-6.245493],[106.996602,-6.24376],[106.994829,-6.243325],[106.993471,-6.244623],[106.993886,-6.246355],[106.995659,-6.24679],[106.997017,-6.245493]]]},"properties":{"h3_index":"898c104ec6fffff","kawasan":"Bekasi","tingkat_keyakinan":"RENDAH","n_titik_misi":0,"data_source":"predicted","zona_izin_komersial":null,"indeks_churn":null,"harga_sewa_median":null,"harga_sewa_per_m2":null,"belanja_per_jam":null,"njop_m2":null,"opportunity_score":45.6,"hidden_gem_score":null,"kuadran":"PEMENANG_JELAS"}},{"type":"Feature","id":"898c104ec73ffff","geometry":{"type":"Polygon","coordinates":[[[107.001392,-6.249828],[107.000977,-6.248095],[106.999204,-6.24766],[106.997847,-6.248958],[106.998261,-6.250691],[107.000034,-6.251126],[107.001392,-6.249828]]]},"properties":{"h3_index":"898c104ec73ffff","kawasan":"Bekasi","tingkat_keyakinan":"RENDAH","n_titik_misi":0,"data_source":"predicted","zona_izin_komersial":null,"indeks_churn":null,"harga_sewa_median":null,"harga_sewa_per_m2":null,"belanja_per_jam":null,"njop_m2":null,"opportunity_score":38.5,"hidden_gem_score":null,"kuadran":"HINDARI"}},{"type":"Feature","id":"898c104ec77ffff","geometry":{"type":"Polygon","coordinates":[[[106.998261,-6.250691],[106.997847,-6.248958],[106.996074,-6.248523],[106.994716,-6.249821],[106.995131,-6.251553],[106.996904,-6.251988],[106.998261,-6.250691]]]},"properties":{"h3_index":"898c104ec77ffff","kawasan":"Bekasi","tingkat_keyakinan":"RENDAH","n_titik_misi":0,"data_source":"predicted","zona_izin_komersial":null,"indeks_churn":null,"harga_sewa_median":null,"harga_sewa_per_m2":null,"belanja_per_jam":null,"njop_m2":null,"opportunity_score":40.1,"hidden_gem_score":null,"kuadran":"JEBAKAN_GENGSI"}},{"type":"Feature","id":"898c104ee03ffff","geometry":{"type":"Polygon","coordinates":[[[107.009236,-6.233813],[107.008821,-6.23208],[107.007049,-6.231645],[107.005691,-6.232943],[107.006106,-6.234676],[107.007878,-6.235111],[107.009236,-6.233813]]]},"properties":{"h3_index":"898c104ee03ffff","kawasan":"Bekasi","tingkat_keyakinan":"RENDAH","n_titik_misi":0,"data_source":"predicted","zona_izin_komersial":null,"indeks_churn":null,"harga_sewa_median":null,"harga_sewa_per_m2":null,"belanja_per_jam":null,"njop_m2":null,"opportunity_score":36.9,"hidden_gem_score":null,"kuadran":"HINDARI"}},{"type":"Feature","id":"898c104ee07ffff","geometry":{"type":"Polygon","coordinates":[[[107.006106,-6.234676],[107.005691,-6.232943],[107.003918,-6.232508],[107.002561,-6.233805],[107.002976,-6.235538],[107.004748,-6.235973],[107.006106,-6.234676]]]},"properties":{"h3_index":"898c104ee07ffff","kawasan":"Bekasi","tingkat_keyakinan":"RENDAH","n_titik_misi":0,"data_source":"predicted","zona_izin_komersial":null,"indeks_churn":null,"harga_sewa_median":null,"harga_sewa_per_m2":null,"belanja_per_jam":null,"njop_m2":null,"opportunity_score":38.3,"hidden_gem_score":null,"kuadran":"HINDARI"}},{"type":"Feature","id":"898c104ee0bffff","geometry":{"type":"Polygon","coordinates":[[[107.010179,-6.230782],[107.009764,-6.229049],[107.007992,-6.228614],[107.006634,-6.229912],[107.007049,-6.231645],[107.008821,-6.23208],[107.010179,-6.230782]]]},"properties":{"h3_index":"898c104ee0bffff","kawasan":"Bekasi","tingkat_keyakinan":"RENDAH","n_titik_misi":0,"data_source":"predicted","zona_izin_komersial":null,"indeks_churn":null,"harga_sewa_median":null,"harga_sewa_per_m2":null,"belanja_per_jam":null,"njop_m2":null,"opportunity_score":34.1,"hidden_gem_score":null,"kuadran":"HINDARI"}},{"type":"Feature","id":"898c104ee0fffff","geometry":{"type":"Polygon","coordinates":[[[107.007049,-6.231645],[107.006634,-6.229912],[107.004861,-6.229477],[107.003504,-6.230775],[107.003918,-6.232508],[107.005691,-6.232943],[107.007049,-6.231645]]]},"properties":{"h3_index":"898c104ee0fffff","kawasan":"Bekasi","tingkat_keyakinan":"RENDAH","n_titik_misi":0,"data_source":"predicted","zona_izin_komersial":null,"indeks_churn":null,"harga_sewa_median":null,"harga_sewa_per_m2":null,"belanja_per_jam":null,"njop_m2":null,"opportunity_score":41.1,"hidden_gem_score":null,"kuadran":"HINDARI"}},{"type":"Feature","id":"898c104ee13ffff","geometry":{"type":"Polygon","coordinates":[[[107.011423,-6.235981],[107.011009,-6.234248],[107.009236,-6.233813],[107.007878,-6.235111],[107.008293,-6.236844],[107.010066,-6.237279],[107.011423,-6.235981]]]},"properties":{"h3_index":"898c104ee13ffff","kawasan":"Bekasi","tingkat_keyakinan":"RENDAH","n_titik_misi":0,"data_source":"predicted","zona_izin_komersial":null,"indeks_churn":null,"harga_sewa_median":null,"harga_sewa_per_m2":null,"belanja_per_jam":null,"njop_m2":null,"opportunity_score":37.5,"hidden_gem_score":null,"kuadran":"HINDARI"}},{"type":"Feature","id":"898c104ee17ffff","geometry":{"type":"Polygon","coordinates":[[[107.008293,-6.236844],[107.007878,-6.235111],[107.006106,-6.234676],[107.004748,-6.235973],[107.005163,-6.237706],[107.006936,-6.238141],[107.008293,-6.236844]]]},"properties":{"h3_index":"898c104ee17ffff","kawasan":"Bekasi","tingkat_keyakinan":"RENDAH","n_titik_misi":0,"data_source":"predicted","zona_izin_komersial":null,"indeks_churn":null,"harga_sewa_median":null,"harga_sewa_per_m2":null,"belanja_per_jam":null,"njop_m2":null,"opportunity_score":25.4,"hidden_gem_score":null,"kuadran":"JEBAKAN_GENGSI"}},{"type":"Feature","id":"898c104ee1bffff","geometry":{"type":"Polygon","coordinates":[[[107.012366,-6.23295],[107.011952,-6.231217],[107.010179,-6.230782],[107.008821,-6.23208],[107.009236,-6.233813],[107.011009,-6.234248],[107.012366,-6.23295]]]},"properties":{"h3_index":"898c104ee1bffff","kawasan":"Bekasi","tingkat_keyakinan":"RENDAH","n_titik_misi":0,"data_source":"predicted","zona_izin_komersial":null,"indeks_churn":null,"harga_sewa_median":null,"harga_sewa_per_m2":null,"belanja_per_jam":null,"njop_m2":null,"opportunity_score":41.8,"hidden_gem_score":null,"kuadran":"HINDARI"}},{"type":"Feature","id":"898c104ee23ffff","geometry":{"type":"Polygon","coordinates":[[[107.000788,-6.23337],[107.000373,-6.231637],[106.9986,-6.231202],[106.997243,-6.2325],[106.997658,-6.234233],[106.99943,-6.234668],[107.000788,-6.23337]]]},"properties":{"h3_index":"898c104ee23ffff","kawasan":"Bekasi","tingkat_keyakinan":"RENDAH","n_titik_misi":0,"data_source":"predicted","zona_izin_komersial":null,"indeks_churn":null,"harga_sewa_median":null,"harga_sewa_per_m2":null,"belanja_per_jam":null,"njop_m2":null,"opportunity_score":70.9,"hidden_gem_score":null,"kuadran":"HIDDEN_GEM"}},{"type":"Feature","id":"898c104ee27ffff","geometry":{"type":"Polygon","coordinates":[[[106.997658,-6.234233],[106.997243,-6.2325],[106.99547,-6.232065],[106.994112,-6.233363],[106.994527,-6.235096],[106.9963,-6.235531],[106.997658,-6.234233]]]},"properties":{"h3_index":"898c104ee27ffff","kawasan":"Bekasi","tingkat_keyakinan":"RENDAH","n_titik_misi":0,"data_source":"predicted","zona_izin_komersial":null,"indeks_churn":null,"harga_sewa_median":null,"harga_sewa_per_m2":null,"belanja_per_jam":null,"njop_m2":null,"opportunity_score":71.4,"hidden_gem_score":null,"kuadran":"HIDDEN_GEM"}},{"type":"Feature","id":"898c104ee2bffff","geometry":{"type":"Polygon","coordinates":[[[107.001731,-6.230339],[107.001316,-6.228606],[106.999543,-6.228171],[106.998186,-6.229469],[106.9986,-6.231202],[107.000373,-6.231637],[107.001731,-6.230339]]]},"properties":{"h3_index":"898c104ee2bffff","kawasan":"Bekasi","tingkat_keyakinan":"RENDAH","n_titik_misi":0,"data_source":"predicted","zona_izin_komersial":null,"indeks_churn":null,"harga_sewa_median":null,"harga_sewa_per_m2":null,"belanja_per_jam":null,"njop_m2":null,"opportunity_score":33.9,"hidden_gem_score":null,"kuadran":"JEBAKAN_GENGSI"}},{"type":"Feature","id":"898c104ee2fffff","geometry":{"type":"Polygon","coordinates":[[[106.9986,-6.231202],[106.998186,-6.229469],[106.996413,-6.229034],[106.995055,-6.230332],[106.99547,-6.232065],[106.997243,-6.2325],[106.9986,-6.231202]]]},"properties":{"h3_index":"898c104ee2fffff","kawasan":"Bekasi","tingkat_keyakinan":"RENDAH","n_titik_misi":0,"data_source":"predicted","zona_izin_komersial":null,"indeks_churn":null,"harga_sewa_median":null,"harga_sewa_per_m2":null,"belanja_per_jam":null,"njop_m2":null,"opportunity_score":43.1,"hidden_gem_score":null,"kuadran":"HINDARI"}},{"type":"Feature","id":"898c104ee33ffff","geometry":{"type":"Polygon","coordinates":[[[107.002976,-6.235538],[107.002561,-6.233805],[107.000788,-6.23337],[106.99943,-6.234668],[106.999845,-6.236401],[107.001618,-6.236836],[107.002976,-6.235538]]]},"properties":{"h3_index":"898c104ee33ffff","kawasan":"Bekasi","tingkat_keyakinan":"RENDAH","n_titik_misi":0,"data_source":"predicted","zona_izin_komersial":null,"indeks_churn":null,"harga_sewa_median":null,"harga_sewa_per_m2":null,"belanja_per_jam":null,"njop_m2":null,"opportunity_score":72.1,"hidden_gem_score":null,"kuadran":"HIDDEN_GEM"}},{"type":"Feature","id":"898c104ee37ffff","geometry":{"type":"Polygon","coordinates":[[[106.999845,-6.236401],[106.99943,-6.234668],[106.997658,-6.234233],[106.9963,-6.235531],[106.996715,-6.237264],[106.998487,-6.237699],[106.999845,-6.236401]]]},"properties":{"h3_index":"898c104ee37ffff","kawasan":"Bekasi","tingkat_keyakinan":"RENDAH","n_titik_misi":0,"data_source":"predicted","zona_izin_komersial":null,"indeks_churn":null,"harga_sewa_median":null,"harga_sewa_per_m2":null,"belanja_per_jam":null,"njop_m2":null,"opportunity_score":75.7,"hidden_gem_score":null,"kuadran":"PEMENANG_JELAS"}},{"type":"Feature","id":"898c104ee3bffff","geometry":{"type":"Polygon","coordinates":[[[107.003918,-6.232508],[107.003504,-6.230775],[107.001731,-6.230339],[107.000373,-6.231637],[107.000788,-6.23337],[107.002561,-6.233805],[107.003918,-6.232508]]]},"properties":{"h3_index":"898c104ee3bffff","kawasan":"Bekasi","tingkat_keyakinan":"RENDAH","n_titik_misi":0,"data_source":"predicted","zona_izin_komersial":null,"indeks_churn":null,"harga_sewa_median":null,"harga_sewa_per_m2":null,"belanja_per_jam":null,"njop_m2":null,"opportunity_score":44.1,"hidden_gem_score":null,"kuadran":"JEBAKAN_GENGSI"}},{"type":"Feature","id":"898c104ee43ffff","geometry":{"type":"Polygon","coordinates":[[[107.014252,-6.226889],[107.013837,-6.225156],[107.012065,-6.224721],[107.010707,-6.226019],[107.011122,-6.227752],[107.012894,-6.228187],[107.014252,-6.226889]]]},"properties":{"h3_index":"898c104ee43ffff","kawasan":"Bekasi","tingkat_keyakinan":"RENDAH","n_titik_misi":0,"data_source":"predicted","zona_izin_komersial":null,"indeks_churn":null,"harga_sewa_median":null,"harga_sewa_per_m2":null,"belanja_per_jam":null,"njop_m2":null,"opportunity_score":32.4,"hidden_gem_score":null,"kuadran":"HINDARI"}},{"type":"Feature","id":"898c104ee47ffff","geometry":{"type":"Polygon","coordinates":[[[107.011122,-6.227752],[107.010707,-6.226019],[107.008934,-6.225583],[107.007577,-6.226881],[107.007992,-6.228614],[107.009764,-6.229049],[107.011122,-6.227752]]]},"properties":{"h3_index":"898c104ee47ffff","kawasan":"Bekasi","tingkat_keyakinan":"RENDAH","n_titik_misi":0,"data_source":"predicted","zona_izin_komersial":null,"indeks_churn":null,"harga_sewa_median":null,"harga_sewa_per_m2":null,"belanja_per_jam":null,"njop_m2":null,"opportunity_score":36.0,"hidden_gem_score":null,"kuadran":"HINDARI"}},{"type":"Feature","id":"898c104ee4fffff","geometry":{"type":"Polygon","coordinates":[[[107.012065,-6.224721],[107.01165,-6.222988],[107.009877,-6.222552],[107.00852,-6.22385],[107.008934,-6.225583],[107.010707,-6.226019],[107.012065,-6.224721]]]},"properties":{"h3_index":"898c104ee4fffff","kawasan":"Bekasi","tingkat_keyakinan":"RENDAH","n_titik_misi":0,"data_source":"predicted","zona_izin_komersial":null,"indeks_churn":null,"harga_sewa_median":null,"harga_sewa_per_m2":null,"belanja_per_jam":null,"njop_m2":null,"opportunity_score":34.3,"hidden_gem_score":null,"kuadran":"HINDARI"}},{"type":"Feature","id":"898c104ee53ffff","geometry":{"type":"Polygon","coordinates":[[[107.016439,-6.229057],[107.016025,-6.227324],[107.014252,-6.226889],[107.012894,-6.228187],[107.013309,-6.22992],[107.015082,-6.230355],[107.016439,-6.229057]]]},"properties":{"h3_index":"898c104ee53ffff","kawasan":"Bekasi","tingkat_keyakinan":"RENDAH","n_titik_misi":0,"data_source":"predicted","zona_izin_komersial":null,"indeks_churn":null,"harga_sewa_median":null,"harga_sewa_per_m2":null,"belanja_per_jam":null,"njop_m2":null,"opportunity_score":33.0,"hidden_gem_score":null,"kuadran":"JEBAKAN_GENGSI"}},{"type":"Feature","id":"898c104ee57ffff","geometry":{"type":"Polygon","coordinates":[[[107.013309,-6.22992],[107.012894,-6.228187],[107.011122,-6.227752],[107.009764,-6.229049],[107.010179,-6.230782],[107.011952,-6.231217],[107.013309,-6.22992]]]},"properties":{"h3_index":"898c104ee57ffff","kawasan":"Bekasi","tingkat_keyakinan":"RENDAH","n_titik_misi":0,"data_source":"predicted","zona_izin_komersial":null,"indeks_churn":null,"harga_sewa_median":null,"harga_sewa_per_m2":null,"belanja_per_jam":null,"njop_m2":null,"opportunity_score":33.9,"hidden_gem_score":null,"kuadran":"JEBAKAN_GENGSI"}},{"type":"Feature","id":"898c104ee63ffff","geometry":{"type":"Polygon","coordinates":[[[107.005804,-6.226446],[107.005389,-6.224713],[107.003617,-6.224278],[107.002259,-6.225576],[107.002674,-6.227309],[107.004446,-6.227744],[107.005804,-6.226446]]]},"properties":{"h3_index":"898c104ee63ffff","kawasan":"Bekasi","tingkat_keyakinan":"RENDAH","n_titik_misi":0,"data_source":"predicted","zona_izin_komersial":null,"indeks_churn":null,"harga_sewa_median":null,"harga_sewa_per_m2":null,"belanja_per_jam":null,"njop_m2":null,"opportunity_score":39.0,"hidden_gem_score":null,"kuadran":"JEBAKAN_GENGSI"}},{"type":"Feature","id":"898c104ee67ffff","geometry":{"type":"Polygon","coordinates":[[[107.002674,-6.227309],[107.002259,-6.225576],[107.000486,-6.22514],[106.999128,-6.226438],[106.999543,-6.228171],[107.001316,-6.228606],[107.002674,-6.227309]]]},"properties":{"h3_index":"898c104ee67ffff","kawasan":"Bekasi","tingkat_keyakinan":"RENDAH","n_titik_misi":0,"data_source":"predicted","zona_izin_komersial":null,"indeks_churn":null,"harga_sewa_median":null,"harga_sewa_per_m2":null,"belanja_per_jam":null,"njop_m2":null,"opportunity_score":40.3,"hidden_gem_score":null,"kuadran":"JEBAKAN_GENGSI"}},{"type":"Feature","id":"898c104ee6bffff","geometry":{"type":"Polygon","coordinates":[[[107.006747,-6.223415],[107.006332,-6.221682],[107.004559,-6.221247],[107.003202,-6.222545],[107.003617,-6.224278],[107.005389,-6.224713],[107.006747,-6.223415]]]},"properties":{"h3_index":"898c104ee6bffff","kawasan":"Bekasi","tingkat_keyakinan":"RENDAH","n_titik_misi":0,"data_source":"predicted","zona_izin_komersial":null,"indeks_churn":null,"harga_sewa_median":null,"harga_sewa_per_m2":null,"belanja_per_jam":null,"njop_m2":null,"opportunity_score":37.1,"hidden_gem_score":null,"kuadran":"HINDARI"}},{"type":"Feature","id":"898c104ee6fffff","geometry":{"type":"Polygon","coordinates":[[[107.003617,-6.224278],[107.003202,-6.222545],[107.001429,-6.222109],[107.000071,-6.223407],[107.000486,-6.22514],[107.002259,-6.225576],[107.003617,-6.224278]]]},"properties":{"h3_index":"898c104ee6fffff","kawasan":"Bekasi","tingkat_keyakinan":"RENDAH","n_titik_misi":0,"data_source":"predicted","zona_izin_komersial":null,"indeks_churn":null,"harga_sewa_median":null,"harga_sewa_per_m2":null,"belanja_per_jam":null,"njop_m2":null,"opportunity_score":45.4,"hidden_gem_score":null,"kuadran":"HIDDEN_GEM"}},{"type":"Feature","id":"898c104ee73ffff","geometry":{"type":"Polygon","coordinates":[[[107.007992,-6.228614],[107.007577,-6.226881],[107.005804,-6.226446],[107.004446,-6.227744],[107.004861,-6.229477],[107.006634,-6.229912],[107.007992,-6.228614]]]},"properties":{"h3_index":"898c104ee73ffff","kawasan":"Bekasi","tingkat_keyakinan":"RENDAH","n_titik_misi":0,"data_source":"predicted","zona_izin_komersial":null,"indeks_churn":null,"harga_sewa_median":null,"harga_sewa_per_m2":null,"belanja_per_jam":null,"njop_m2":null,"opportunity_score":43.3,"hidden_gem_score":null,"kuadran":"HINDARI"}},{"type":"Feature","id":"898c104ee77ffff","geometry":{"type":"Polygon","coordinates":[[[107.004861,-6.229477],[107.004446,-6.227744],[107.002674,-6.227309],[107.001316,-6.228606],[107.001731,-6.230339],[107.003504,-6.230775],[107.004861,-6.229477]]]},"properties":{"h3_index":"898c104ee77ffff","kawasan":"Bekasi","tingkat_keyakinan":"RENDAH","n_titik_misi":0,"data_source":"predicted","zona_izin_komersial":null,"indeks_churn":null,"harga_sewa_median":null,"harga_sewa_per_m2":null,"belanja_per_jam":null,"njop_m2":null,"opportunity_score":50.4,"hidden_gem_score":null,"kuadran":"HIDDEN_GEM"}},{"type":"Feature","id":"898c104ee7bffff","geometry":{"type":"Polygon","coordinates":[[[107.008934,-6.225583],[107.00852,-6.22385],[107.006747,-6.223415],[107.005389,-6.224713],[107.005804,-6.226446],[107.007577,-6.226881],[107.008934,-6.225583]]]},"properties":{"h3_index":"898c104ee7bffff","kawasan":"Bekasi","tingkat_keyakinan":"RENDAH","n_titik_misi":0,"data_source":"predicted","zona_izin_komersial":null,"indeks_churn":null,"harga_sewa_median":null,"harga_sewa_per_m2":null,"belanja_per_jam":null,"njop_m2":null,"opportunity_score":46.7,"hidden_gem_score":null,"kuadran":"HIDDEN_GEM"}},{"type":"Feature","id":"898c104ee83ffff","geometry":{"type":"Polygon","coordinates":[[[107.012668,-6.241179],[107.012253,-6.239447],[107.010481,-6.239011],[107.009123,-6.240309],[107.009538,-6.242042],[107.01131,-6.242477],[107.012668,-6.241179]]]},"properties":{"h3_index":"898c104ee83ffff","kawasan":"Bekasi","tingkat_keyakinan":"RENDAH","n_titik_misi":0,"data_source":"predicted","zona_izin_komersial":null,"indeks_churn":null,"harga_sewa_median":null,"harga_sewa_per_m2":null,"belanja_per_jam":null,"njop_m2":null,"opportunity_score":37.6,"hidden_gem_score":null,"kuadran":"HINDARI"}},{"type":"Feature","id":"898c104ee87ffff","geometry":{"type":"Polygon","coordinates":[[[107.009538,-6.242042],[107.009123,-6.240309],[107.00735,-6.239874],[107.005993,-6.241172],[107.006408,-6.242905],[107.00818,-6.24334],[107.009538,-6.242042]]]},"properties":{"h3_index":"898c104ee87ffff","kawasan":"Bekasi","tingkat_keyakinan":"RENDAH","n_titik_misi":0,"data_source":"predicted","zona_izin_komersial":null,"indeks_churn":null,"harga_sewa_median":null,"harga_sewa_per_m2":null,"belanja_per_jam":null,"njop_m2":null,"opportunity_score":39.0,"hidden_gem_score":null,"kuadran":"HINDARI"}},{"type":"Feature","id":"898c104ee8bffff","geometry":{"type":"Polygon","coordinates":[[[107.013611,-6.238149],[107.013196,-6.236416],[107.011423,-6.235981],[107.010066,-6.237279],[107.010481,-6.239011],[107.012253,-6.239447],[107.013611,-6.238149]]]},"properties":{"h3_index":"898c104ee8bffff","kawasan":"Bekasi","tingkat_keyakinan":"RENDAH","n_titik_misi":0,"data_source":"predicted","zona_izin_komersial":null,"indeks_churn":null,"harga_sewa_median":null,"harga_sewa_per_m2":null,"belanja_per_jam":null,"njop_m2":null,"opportunity_score":37.3,"hidden_gem_score":null,"kuadran":"HINDARI"}},{"type":"Feature","id":"898c104ee8fffff","geometry":{"type":"Polygon","coordinates":[[[107.010481,-6.239011],[107.010066,-6.237279],[107.008293,-6.236844],[107.006936,-6.238141],[107.00735,-6.239874],[107.009123,-6.240309],[107.010481,-6.239011]]]},"properties":{"h3_index":"898c104ee8fffff","kawasan":"Bekasi","tingkat_keyakinan":"RENDAH","n_titik_misi":0,"data_source":"predicted","zona_izin_komersial":null,"indeks_churn":null,"harga_sewa_median":null,"harga_sewa_per_m2":null,"belanja_per_jam":null,"njop_m2":null,"opportunity_score":39.2,"hidden_gem_score":null,"kuadran":"HINDARI"}},{"type":"Feature","id":"898c104ee93ffff","geometry":{"type":"Polygon","coordinates":[[[107.014855,-6.243347],[107.01444,-6.241614],[107.012668,-6.241179],[107.01131,-6.242477],[107.011725,-6.24421],[107.013497,-6.244645],[107.014855,-6.243347]]]},"properties":{"h3_index":"898c104ee93ffff","kawasan":"Bekasi","tingkat_keyakinan":"RENDAH","n_titik_misi":0,"data_source":"predicted","zona_izin_komersial":null,"indeks_churn":null,"harga_sewa_median":null,"harga_sewa_per_m2":null,"belanja_per_jam":null,"njop_m2":null,"opportunity_score":37.1,"hidden_gem_score":null,"kuadran":"HINDARI"}},{"type":"Feature","id":"898c104ee97ffff","geometry":{"type":"Polygon","coordinates":[[[107.011725,-6.24421],[107.01131,-6.242477],[107.009538,-6.242042],[107.00818,-6.24334],[107.008595,-6.245072],[107.010367,-6.245507],[107.011725,-6.24421]]]},"properties":{"h3_index":"898c104ee97ffff","kawasan":"Bekasi","tingkat_keyakinan":"RENDAH","n_titik_misi":0,"data_source":"predicted","zona_izin_komersial":null,"indeks_churn":null,"harga_sewa_median":null,"harga_sewa_per_m2":null,"belanja_per_jam":null,"njop_m2":null,"opportunity_score":39.3,"hidden_gem_score":null,"kuadran":"HINDARI"}},{"type":"Feature","id":"898c104ee9bffff","geometry":{"type":"Polygon","coordinates":[[[107.015798,-6.240317],[107.015383,-6.238584],[107.013611,-6.238149],[107.012253,-6.239447],[107.012668,-6.241179],[107.01444,-6.241614],[107.015798,-6.240317]]]},"properties":{"h3_index":"898c104ee9bffff","kawasan":"Bekasi","tingkat_keyakinan":"RENDAH","n_titik_misi":0,"data_source":"predicted","zona_izin_komersial":null,"indeks_churn":null,"harga_sewa_median":null,"harga_sewa_per_m2":null,"belanja_per_jam":null,"njop_m2":null,"opportunity_score":35.6,"hidden_gem_score":null,"kuadran":"HINDARI"}},{"type":"Feature","id":"898c104eea3ffff","geometry":{"type":"Polygon","coordinates":[[[107.00422,-6.240737],[107.003805,-6.239004],[107.002033,-6.238569],[107.000675,-6.239867],[107.00109,-6.241599],[107.002862,-6.242035],[107.00422,-6.240737]]]},"properties":{"h3_index":"898c104eea3ffff","kawasan":"Bekasi","tingkat_keyakinan":"RENDAH","n_titik_misi":0,"data_source":"predicted","zona_izin_komersial":null,"indeks_churn":null,"harga_sewa_median":null,"harga_sewa_per_m2":null,"belanja_per_jam":null,"njop_m2":null,"opportunity_score":50.6,"hidden_gem_score":null,"kuadran":"PEMENANG_JELAS"}},{"type":"Feature","id":"898c104eea7ffff","geometry":{"type":"Polygon","coordinates":[[[107.00109,-6.241599],[107.000675,-6.239867],[106.998902,-6.239432],[106.997545,-6.240729],[106.99796,-6.242462],[106.999732,-6.242897],[107.00109,-6.241599]]]},"properties":{"h3_index":"898c104eea7ffff","kawasan":"Bekasi","tingkat_keyakinan":"RENDAH","n_titik_misi":0,"data_source":"predicted","zona_izin_komersial":null,"indeks_churn":null,"harga_sewa_median":null,"harga_sewa_per_m2":null,"belanja_per_jam":null,"njop_m2":null,"opportunity_score":76.2,"hidden_gem_score":null,"kuadran":"HIDDEN_GEM"}},{"type":"Feature","id":"898c104eeabffff","geometry":{"type":"Polygon","coordinates":[[[107.005163,-6.237706],[107.004748,-6.235973],[107.002976,-6.235538],[107.001618,-6.236836],[107.002033,-6.238569],[107.003805,-6.239004],[107.005163,-6.237706]]]},"properties":{"h3_index":"898c104eeabffff","kawasan":"Bekasi","tingkat_keyakinan":"RENDAH","n_titik_misi":0,"data_source":"predicted","zona_izin_komersial":null,"indeks_churn":null,"harga_sewa_median":null,"harga_sewa_per_m2":null,"belanja_per_jam":null,"njop_m2":null,"opportunity_score":70.4,"hidden_gem_score":null,"kuadran":"HIDDEN_GEM"}},{"type":"Feature","id":"898c104eeafffff","geometry":{"type":"Polygon","coordinates":[[[107.002033,-6.238569],[107.001618,-6.236836],[106.999845,-6.236401],[106.998487,-6.237699],[106.998902,-6.239432],[107.000675,-6.239867],[107.002033,-6.238569]]]},"properties":{"h3_index":"898c104eeafffff","kawasan":"Bekasi","tingkat_keyakinan":"RENDAH","n_titik_misi":0,"data_source":"predicted","zona_izin_komersial":null,"indeks_churn":null,"harga_sewa_median":null,"harga_sewa_per_m2":null,"belanja_per_jam":null,"njop_m2":null,"opportunity_score":86.8,"hidden_gem_score":null,"kuadran":"HIDDEN_GEM"}},{"type":"Feature","id":"898c104eeb3ffff","geometry":{"type":"Polygon","coordinates":[[[107.006408,-6.242905],[107.005993,-6.241172],[107.00422,-6.240737],[107.002862,-6.242035],[107.003277,-6.243767],[107.00505,-6.244202],[107.006408,-6.242905]]]},"properties":{"h3_index":"898c104eeb3ffff","kawasan":"Bekasi","tingkat_keyakinan":"RENDAH","n_titik_misi":0,"data_source":"predicted","zona_izin_komersial":null,"indeks_churn":null,"harga_sewa_median":null,"harga_sewa_per_m2":null,"belanja_per_jam":null,"njop_m2":null,"opportunity_score":41.9,"hidden_gem_score":null,"kuadran":"HINDARI"}},{"type":"Feature","id":"898c104eeb7ffff","geometry":{"type":"Polygon","coordinates":[[[107.003277,-6.243767],[107.002862,-6.242035],[107.00109,-6.241599],[106.999732,-6.242897],[107.000147,-6.24463],[107.00192,-6.245065],[107.003277,-6.243767]]]},"properties":{"h3_index":"898c104eeb7ffff","kawasan":"Bekasi","tingkat_keyakinan":"RENDAH","n_titik_misi":0,"data_source":"predicted","zona_izin_komersial":null,"indeks_churn":null,"harga_sewa_median":null,"harga_sewa_per_m2":null,"belanja_per_jam":null,"njop_m2":null,"opportunity_score":42.8,"hidden_gem_score":null,"kuadran":"HINDARI"}},{"type":"Feature","id":"898c104eebbffff","geometry":{"type":"Polygon","coordinates":[[[107.00735,-6.239874],[107.006936,-6.238141],[107.005163,-6.237706],[107.003805,-6.239004],[107.00422,-6.240737],[107.005993,-6.241172],[107.00735,-6.239874]]]},"properties":{"h3_index":"898c104eebbffff","kawasan":"Bekasi","tingkat_keyakinan":"RENDAH","n_titik_misi":0,"data_source":"predicted","zona_izin_komersial":null,"indeks_churn":null,"harga_sewa_median":null,"harga_sewa_per_m2":null,"belanja_per_jam":null,"njop_m2":null,"opportunity_score":43.3,"hidden_gem_score":null,"kuadran":"HINDARI"}},{"type":"Feature","id":"898c104eec3ffff","geometry":{"type":"Polygon","coordinates":[[[107.017684,-6.234256],[107.017269,-6.232523],[107.015496,-6.232088],[107.014139,-6.233385],[107.014554,-6.235118],[107.016326,-6.235553],[107.017684,-6.234256]]]},"properties":{"h3_index":"898c104eec3ffff","kawasan":"Bekasi","tingkat_keyakinan":"RENDAH","n_titik_misi":0,"data_source":"predicted","zona_izin_komersial":null,"indeks_churn":null,"harga_sewa_median":null,"harga_sewa_per_m2":null,"belanja_per_jam":null,"njop_m2":null,"opportunity_score":32.6,"hidden_gem_score":null,"kuadran":"JEBAKAN_GENGSI"}},{"type":"Feature","id":"898c104eec7ffff","geometry":{"type":"Polygon","coordinates":[[[107.014554,-6.235118],[107.014139,-6.233385],[107.012366,-6.23295],[107.011009,-6.234248],[107.011423,-6.235981],[107.013196,-6.236416],[107.014554,-6.235118]]]},"properties":{"h3_index":"898c104eec7ffff","kawasan":"Bekasi","tingkat_keyakinan":"RENDAH","n_titik_misi":0,"data_source":"predicted","zona_izin_komersial":null,"indeks_churn":null,"harga_sewa_median":null,"harga_sewa_per_m2":null,"belanja_per_jam":null,"njop_m2":null,"opportunity_score":34.9,"hidden_gem_score":null,"kuadran":"HINDARI"}},{"type":"Feature","id":"898c104eecbffff","geometry":{"type":"Polygon","coordinates":[[[107.018627,-6.231225],[107.018212,-6.229492],[107.016439,-6.229057],[107.015082,-6.230355],[107.015496,-6.232088],[107.017269,-6.232523],[107.018627,-6.231225]]]},"properties":{"h3_index":"898c104eecbffff","kawasan":"Bekasi","tingkat_keyakinan":"RENDAH","n_titik_misi":0,"data_source":"predicted","zona_izin_komersial":null,"indeks_churn":null,"harga_sewa_median":null,"harga_sewa_per_m2":null,"belanja_per_jam":null,"njop_m2":null,"opportunity_score":31.7,"hidden_gem_score":null,"kuadran":"JEBAKAN_GENGSI"}},{"type":"Feature","id":"898c104eecfffff","geometry":{"type":"Polygon","coordinates":[[[107.015496,-6.232088],[107.015082,-6.230355],[107.013309,-6.22992],[107.011952,-6.231217],[107.012366,-6.23295],[107.014139,-6.233385],[107.015496,-6.232088]]]},"properties":{"h3_index":"898c104eecfffff","kawasan":"Bekasi","tingkat_keyakinan":"RENDAH","n_titik_misi":0,"data_source":"predicted","zona_izin_komersial":null,"indeks_churn":null,"harga_sewa_median":null,"harga_sewa_per_m2":null,"belanja_per_jam":null,"njop_m2":null,"opportunity_score":34.9,"hidden_gem_score":null,"kuadran":"HINDARI"}},{"type":"Feature","id":"898c104eed7ffff","geometry":{"type":"Polygon","coordinates":[[[107.016741,-6.237286],[107.016326,-6.235553],[107.014554,-6.235118],[107.013196,-6.236416],[107.013611,-6.238149],[107.015383,-6.238584],[107.016741,-6.237286]]]},"properties":{"h3_index":"898c104eed7ffff","kawasan":"Bekasi","tingkat_keyakinan":"RENDAH","n_titik_misi":0,"data_source":"predicted","zona_izin_komersial":null,"indeks_churn":null,"harga_sewa_median":null,"harga_sewa_per_m2":null,"belanja_per_jam":null,"njop_m2":null,"opportunity_score":32.4,"hidden_gem_score":null,"kuadran":"HINDARI"}},{"type":"Feature","id":"898c106a0d3ffff","geometry":{"type":"Polygon","coordinates":[[[106.796343,-6.181506],[106.795927,-6.17977],[106.794151,-6.179334],[106.792792,-6.180632],[106.793209,-6.182368],[106.794984,-6.182804],[106.796343,-6.181506]]]},"properties":{"h3_index":"898c106a0d3ffff","kawasan":"Tanah Abang","tingkat_keyakinan":"RENDAH","n_titik_misi":0,"data_source":"predicted","zona_izin_komersial":true,"indeks_churn":null,"harga_sewa_median":null,"harga_sewa_per_m2":null,"belanja_per_jam":null,"njop_m2":null,"opportunity_score":46.9,"hidden_gem_score":null,"kuadran":"HIDDEN_GEM"}},{"type":"Feature","id":"898c106a0dbffff","geometry":{"type":"Polygon","coordinates":[[[106.797286,-6.178472],[106.796869,-6.176736],[106.795093,-6.1763],[106.793734,-6.177598],[106.794151,-6.179334],[106.795927,-6.17977],[106.797286,-6.178472]]]},"properties":{"h3_index":"898c106a0dbffff","kawasan":"Tanah Abang","tingkat_keyakinan":"RENDAH","n_titik_misi":0,"data_source":"predicted","zona_izin_komersial":true,"indeks_churn":null,"harga_sewa_median":null,"harga_sewa_per_m2":null,"belanja_per_jam":null,"njop_m2":null,"opportunity_score":58.4,"hidden_gem_score":null,"kuadran":"HIDDEN_GEM"}},{"type":"Feature","id":"898c106a403ffff","geometry":{"type":"Polygon","coordinates":[[[106.801035,-6.194088],[106.800619,-6.192353],[106.798843,-6.191917],[106.797484,-6.193215],[106.797901,-6.19495],[106.799677,-6.195387],[106.801035,-6.194088]]]},"properties":{"h3_index":"898c106a403ffff","kawasan":"Tanah Abang","tingkat_keyakinan":"RENDAH","n_titik_misi":0,"data_source":"predicted","zona_izin_komersial":true,"indeks_churn":null,"harga_sewa_median":null,"harga_sewa_per_m2":null,"belanja_per_jam":null,"njop_m2":null,"opportunity_score":53.3,"hidden_gem_score":null,"kuadran":"PEMENANG_JELAS"}},{"type":"Feature","id":"898c106a407ffff","geometry":{"type":"Polygon","coordinates":[[[106.797901,-6.19495],[106.797484,-6.193215],[106.795709,-6.192779],[106.79435,-6.194077],[106.794766,-6.195812],[106.796542,-6.196249],[106.797901,-6.19495]]]},"properties":{"h3_index":"898c106a407ffff","kawasan":"Tanah Abang","tingkat_keyakinan":"RENDAH","n_titik_misi":0,"data_source":"predicted","zona_izin_komersial":true,"indeks_churn":null,"harga_sewa_median":null,"harga_sewa_per_m2":null,"belanja_per_jam":null,"njop_m2":null,"opportunity_score":46.2,"hidden_gem_score":0.493720722954459,"kuadran":"HIDDEN_GEM"}},{"type":"Feature","id":"898c106a40bffff","geometry":{"type":"Polygon","coordinates":[[[106.801978,-6.191055],[106.801561,-6.18932],[106.799786,-6.188883],[106.798427,-6.190182],[106.798843,-6.191917],[106.800619,-6.192353],[106.801978,-6.191055]]]},"properties":{"h3_index":"898c106a40bffff","kawasan":"Tanah Abang","tingkat_keyakinan":"RENDAH","n_titik_misi":0,"data_source":"predicted","zona_izin_komersial":true,"indeks_churn":null,"harga_sewa_median":null,"harga_sewa_per_m2":null,"belanja_per_jam":null,"njop_m2":null,"opportunity_score":57.0,"hidden_gem_score":null,"kuadran":"PEMENANG_JELAS"}},{"type":"Feature","id":"898c106a40fffff","geometry":{"type":"Polygon","coordinates":[[[106.798843,-6.191917],[106.798427,-6.190182],[106.796651,-6.189745],[106.795292,-6.191044],[106.795709,-6.192779],[106.797484,-6.193215],[106.798843,-6.191917]]]},"properties":{"h3_index":"898c106a40fffff","kawasan":"Tanah Abang","tingkat_keyakinan":"RENDAH","n_titik_misi":0,"data_source":"predicted","zona_izin_komersial":true,"indeks_churn":null,"harga_sewa_median":null,"harga_sewa_per_m2":null,"belanja_per_jam":null,"njop_m2":null,"opportunity_score":49.9,"hidden_gem_score":null,"kuadran":"PEMENANG_JELAS"}},{"type":"Feature","id":"898c106a413ffff","geometry":{"type":"Polygon","coordinates":[[[106.803228,-6.19626],[106.802811,-6.194525],[106.801035,-6.194088],[106.799677,-6.195387],[106.800093,-6.197122],[106.801869,-6.197558],[106.803228,-6.19626]]]},"properties":{"h3_index":"898c106a413ffff","kawasan":"Tanah Abang","tingkat_keyakinan":"RENDAH","n_titik_misi":0,"data_source":"predicted","zona_izin_komersial":true,"indeks_churn":null,"harga_sewa_median":null,"harga_sewa_per_m2":null,"belanja_per_jam":null,"njop_m2":null,"opportunity_score":45.2,"hidden_gem_score":null,"kuadran":"PEMENANG_JELAS"}},{"type":"Feature","id":"898c106a417ffff","geometry":{"type":"Polygon","coordinates":[[[106.800093,-6.197122],[106.799677,-6.195387],[106.797901,-6.19495],[106.796542,-6.196249],[106.796959,-6.197984],[106.798734,-6.19842],[106.800093,-6.197122]]]},"properties":{"h3_index":"898c106a417ffff","kawasan":"Tanah Abang","tingkat_keyakinan":"RENDAH","n_titik_misi":0,"data_source":"predicted","zona_izin_komersial":true,"indeks_churn":null,"harga_sewa_median":null,"harga_sewa_per_m2":null,"belanja_per_jam":null,"njop_m2":null,"opportunity_score":25.8,"hidden_gem_score":null,"kuadran":"JEBAKAN_GENGSI"}},{"type":"Feature","id":"898c106a41bffff","geometry":{"type":"Polygon","coordinates":[[[106.80417,-6.193226],[106.803753,-6.191491],[106.801978,-6.191055],[106.800619,-6.192353],[106.801035,-6.194088],[106.802811,-6.194525],[106.80417,-6.193226]]]},"properties":{"h3_index":"898c106a41bffff","kawasan":"Tanah Abang","tingkat_keyakinan":"RENDAH","n_titik_misi":0,"data_source":"predicted","zona_izin_komersial":null,"indeks_churn":null,"harga_sewa_median":null,"harga_sewa_per_m2":null,"belanja_per_jam":null,"njop_m2":null,"opportunity_score":50.7,"hidden_gem_score":null,"kuadran":"PEMENANG_JELAS"}},{"type":"Feature","id":"898c106a42bffff","geometry":{"type":"Polygon","coordinates":[[[106.793516,-6.190607],[106.7931,-6.188872],[106.791324,-6.188435],[106.789965,-6.189734],[106.790382,-6.191469],[106.792157,-6.191906],[106.793516,-6.190607]]]},"properties":{"h3_index":"898c106a42bffff","kawasan":"Tanah Abang","tingkat_keyakinan":"RENDAH","n_titik_misi":0,"data_source":"predicted","zona_izin_komersial":true,"indeks_churn":null,"harga_sewa_median":null,"harga_sewa_per_m2":null,"belanja_per_jam":null,"njop_m2":null,"opportunity_score":45.3,"hidden_gem_score":null,"kuadran":"PEMENANG_JELAS"}},{"type":"Feature","id":"898c106a43bffff","geometry":{"type":"Polygon","coordinates":[[[106.795709,-6.192779],[106.795292,-6.191044],[106.793516,-6.190607],[106.792157,-6.191906],[106.792574,-6.193641],[106.79435,-6.194077],[106.795709,-6.192779]]]},"properties":{"h3_index":"898c106a43bffff","kawasan":"Tanah Abang","tingkat_keyakinan":"RENDAH","n_titik_misi":0,"data_source":"predicted","zona_izin_komersial":null,"indeks_churn":null,"harga_sewa_median":null,"harga_sewa_per_m2":null,"belanja_per_jam":null,"njop_m2":null,"opportunity_score":45.0,"hidden_gem_score":null,"kuadran":"PEMENANG_JELAS"}},{"type":"Feature","id":"898c106a443ffff","geometry":{"type":"Polygon","coordinates":[[[106.806055,-6.187159],[106.805638,-6.185424],[106.803862,-6.184988],[106.802503,-6.186286],[106.80292,-6.188021],[106.804696,-6.188458],[106.806055,-6.187159]]]},"properties":{"h3_index":"898c106a443ffff","kawasan":"Tanah Abang","tingkat_keyakinan":"RENDAH","n_titik_misi":0,"data_source":"predicted","zona_izin_komersial":true,"indeks_churn":null,"harga_sewa_median":null,"harga_sewa_per_m2":null,"belanja_per_jam":null,"njop_m2":null,"opportunity_score":50.0,"hidden_gem_score":null,"kuadran":"HIDDEN_GEM"}},{"type":"Feature","id":"898c106a447ffff","geometry":{"type":"Polygon","coordinates":[[[106.80292,-6.188021],[106.802503,-6.186286],[106.800728,-6.18585],[106.799369,-6.187148],[106.799786,-6.188883],[106.801561,-6.18932],[106.80292,-6.188021]]]},"properties":{"h3_index":"898c106a447ffff","kawasan":"Tanah Abang","tingkat_keyakinan":"RENDAH","n_titik_misi":0,"data_source":"predicted","zona_izin_komersial":true,"indeks_churn":null,"harga_sewa_median":null,"harga_sewa_per_m2":null,"belanja_per_jam":null,"njop_m2":null,"opportunity_score":53.8,"hidden_gem_score":null,"kuadran":"PEMENANG_JELAS"}},{"type":"Feature","id":"898c106a44bffff","geometry":{"type":"Polygon","coordinates":[[[106.806997,-6.184126],[106.80658,-6.18239],[106.804805,-6.181954],[106.803446,-6.183252],[106.803862,-6.184988],[106.805638,-6.185424],[106.806997,-6.184126]]]},"properties":{"h3_index":"898c106a44bffff","kawasan":"Tanah Abang","tingkat_keyakinan":"RENDAH","n_titik_misi":0,"data_source":"predicted","zona_izin_komersial":null,"indeks_churn":null,"harga_sewa_median":null,"harga_sewa_per_m2":null,"belanja_per_jam":null,"njop_m2":null,"opportunity_score":46.5,"hidden_gem_score":null,"kuadran":"PEMENANG_JELAS"}},{"type":"Feature","id":"898c106a44fffff","geometry":{"type":"Polygon","coordinates":[[[106.803862,-6.184988],[106.803446,-6.183252],[106.80167,-6.182816],[106.800311,-6.184114],[106.800728,-6.18585],[106.802503,-6.186286],[106.803862,-6.184988]]]},"properties":{"h3_index":"898c106a44fffff","kawasan":"Tanah Abang","tingkat_keyakinan":"RENDAH","n_titik_misi":0,"data_source":"predicted","zona_izin_komersial":true,"indeks_churn":null,"harga_sewa_median":null,"harga_sewa_per_m2":null,"belanja_per_jam":null,"njop_m2":null,"opportunity_score":44.2,"hidden_gem_score":null,"kuadran":"PEMENANG_JELAS"}},{"type":"Feature","id":"898c106a453ffff","geometry":{"type":"Polygon","coordinates":[[[106.808247,-6.189331],[106.80783,-6.187596],[106.806055,-6.187159],[106.804696,-6.188458],[106.805112,-6.190193],[106.806888,-6.190629],[106.808247,-6.189331]]]},"properties":{"h3_index":"898c106a453ffff","kawasan":"Tanah Abang","tingkat_keyakinan":"RENDAH","n_titik_misi":0,"data_source":"predicted","zona_izin_komersial":true,"indeks_churn":null,"harga_sewa_median":null,"harga_sewa_per_m2":null,"belanja_per_jam":null,"njop_m2":null,"opportunity_score":67.6,"hidden_gem_score":null,"kuadran":"HIDDEN_GEM"}},{"type":"Feature","id":"898c106a457ffff","geometry":{"type":"Polygon","coordinates":[[[106.805112,-6.190193],[106.804696,-6.188458],[106.80292,-6.188021],[106.801561,-6.18932],[106.801978,-6.191055],[106.803753,-6.191491],[106.805112,-6.190193]]]},"properties":{"h3_index":"898c106a457ffff","kawasan":"Tanah Abang","tingkat_keyakinan":"RENDAH","n_titik_misi":0,"data_source":"predicted","zona_izin_komersial":true,"indeks_churn":null,"harga_sewa_median":null,"harga_sewa_per_m2":null,"belanja_per_jam":null,"njop_m2":null,"opportunity_score":49.4,"hidden_gem_score":null,"kuadran":"HIDDEN_GEM"}},{"type":"Feature","id":"898c106a45bffff","geometry":{"type":"Polygon","coordinates":[[[106.809189,-6.186297],[106.808772,-6.184562],[106.806997,-6.184126],[106.805638,-6.185424],[106.806055,-6.187159],[106.80783,-6.187596],[106.809189,-6.186297]]]},"properties":{"h3_index":"898c106a45bffff","kawasan":"Tanah Abang","tingkat_keyakinan":"RENDAH","n_titik_misi":0,"data_source":"predicted","zona_izin_komersial":true,"indeks_churn":null,"harga_sewa_median":null,"harga_sewa_per_m2":null,"belanja_per_jam":null,"njop_m2":null,"opportunity_score":81.0,"hidden_gem_score":null,"kuadran":"PEMENANG_JELAS"}},{"type":"Feature","id":"898c106a463ffff","geometry":{"type":"Polygon","coordinates":[[[106.797593,-6.186711],[106.797177,-6.184976],[106.795401,-6.18454],[106.794042,-6.185838],[106.794459,-6.187573],[106.796234,-6.18801],[106.797593,-6.186711]]]},"properties":{"h3_index":"898c106a463ffff","kawasan":"Tanah Abang","tingkat_keyakinan":"RENDAH","n_titik_misi":0,"data_source":"predicted","zona_izin_komersial":true,"indeks_churn":null,"harga_sewa_median":null,"harga_sewa_per_m2":null,"belanja_per_jam":null,"njop_m2":null,"opportunity_score":32.5,"hidden_gem_score":null,"kuadran":"JEBAKAN_GENGSI"}},{"type":"Feature","id":"898c106a467ffff","geometry":{"type":"Polygon","coordinates":[[[106.794459,-6.187573],[106.794042,-6.185838],[106.792266,-6.185402],[106.790907,-6.1867],[106.791324,-6.188435],[106.7931,-6.188872],[106.794459,-6.187573]]]},"properties":{"h3_index":"898c106a467ffff","kawasan":"Tanah Abang","tingkat_keyakinan":"RENDAH","n_titik_misi":0,"data_source":"predicted","zona_izin_komersial":null,"indeks_churn":null,"harga_sewa_median":null,"harga_sewa_per_m2":null,"belanja_per_jam":null,"njop_m2":null,"opportunity_score":42.9,"hidden_gem_score":null,"kuadran":"JEBAKAN_GENGSI"}},{"type":"Feature","id":"898c106a46bffff","geometry":{"type":"Polygon","coordinates":[[[106.798536,-6.183678],[106.798119,-6.181942],[106.796343,-6.181506],[106.794984,-6.182804],[106.795401,-6.18454],[106.797177,-6.184976],[106.798536,-6.183678]]]},"properties":{"h3_index":"898c106a46bffff","kawasan":"Tanah Abang","tingkat_keyakinan":"RENDAH","n_titik_misi":0,"data_source":"predicted","zona_izin_komersial":true,"indeks_churn":null,"harga_sewa_median":null,"harga_sewa_per_m2":null,"belanja_per_jam":null,"njop_m2":null,"opportunity_score":49.8,"hidden_gem_score":0.523826656042548,"kuadran":"HIDDEN_GEM"}},{"type":"Feature","id":"898c106a46fffff","geometry":{"type":"Polygon","coordinates":[[[106.795401,-6.18454],[106.794984,-6.182804],[106.793209,-6.182368],[106.79185,-6.183666],[106.792266,-6.185402],[106.794042,-6.185838],[106.795401,-6.18454]]]},"properties":{"h3_index":"898c106a46fffff","kawasan":"Tanah Abang","tingkat_keyakinan":"RENDAH","n_titik_misi":0,"data_source":"predicted","zona_izin_komersial":true,"indeks_churn":null,"harga_sewa_median":null,"harga_sewa_per_m2":null,"belanja_per_jam":null,"njop_m2":null,"opportunity_score":43.2,"hidden_gem_score":null,"kuadran":"HINDARI"}},{"type":"Feature","id":"898c106a473ffff","geometry":{"type":"Polygon","coordinates":[[[106.799786,-6.188883],[106.799369,-6.187148],[106.797593,-6.186711],[106.796234,-6.18801],[106.796651,-6.189745],[106.798427,-6.190182],[106.799786,-6.188883]]]},"properties":{"h3_index":"898c106a473ffff","kawasan":"Tanah Abang","tingkat_keyakinan":"RENDAH","n_titik_misi":0,"data_source":"predicted","zona_izin_komersial":true,"indeks_churn":null,"harga_sewa_median":null,"harga_sewa_per_m2":null,"belanja_per_jam":null,"njop_m2":null,"opportunity_score":43.6,"hidden_gem_score":null,"kuadran":"JEBAKAN_GENGSI"}},{"type":"Feature","id":"898c106a477ffff","geometry":{"type":"Polygon","coordinates":[[[106.796651,-6.189745],[106.796234,-6.18801],[106.794459,-6.187573],[106.7931,-6.188872],[106.793516,-6.190607],[106.795292,-6.191044],[106.796651,-6.189745]]]},"properties":{"h3_index":"898c106a477ffff","kawasan":"Tanah Abang","tingkat_keyakinan":"RENDAH","n_titik_misi":0,"data_source":"predicted","zona_izin_komersial":true,"indeks_churn":null,"harga_sewa_median":null,"harga_sewa_per_m2":null,"belanja_per_jam":null,"njop_m2":null,"opportunity_score":43.6,"hidden_gem_score":null,"kuadran":"JEBAKAN_GENGSI"}},{"type":"Feature","id":"898c106a47bffff","geometry":{"type":"Polygon","coordinates":[[[106.800728,-6.18585],[106.800311,-6.184114],[106.798536,-6.183678],[106.797177,-6.184976],[106.797593,-6.186711],[106.799369,-6.187148],[106.800728,-6.18585]]]},"properties":{"h3_index":"898c106a47bffff","kawasan":"Tanah Abang","tingkat_keyakinan":"RENDAH","n_titik_misi":0,"data_source":"predicted","zona_izin_komersial":null,"indeks_churn":null,"harga_sewa_median":null,"harga_sewa_per_m2":null,"belanja_per_jam":null,"njop_m2":null,"opportunity_score":57.5,"hidden_gem_score":null,"kuadran":"PEMENANG_JELAS"}},{"type":"Feature","id":"898c106a483ffff","geometry":{"type":"Polygon","coordinates":[[[106.804477,-6.201465],[106.804061,-6.19973],[106.802285,-6.199293],[106.800926,-6.200592],[106.801343,-6.202327],[106.803119,-6.202763],[106.804477,-6.201465]]]},"properties":{"h3_index":"898c106a483ffff","kawasan":"Tanah Abang","tingkat_keyakinan":"RENDAH","n_titik_misi":0,"data_source":"predicted","zona_izin_komersial":true,"indeks_churn":null,"harga_sewa_median":null,"harga_sewa_per_m2":null,"belanja_per_jam":null,"njop_m2":null,"opportunity_score":53.0,"hidden_gem_score":null,"kuadran":"PEMENANG_JELAS"}},{"type":"Feature","id":"898c106a48bffff","geometry":{"type":"Polygon","coordinates":[[[106.80542,-6.198431],[106.805003,-6.196696],[106.803228,-6.19626],[106.801869,-6.197558],[106.802285,-6.199293],[106.804061,-6.19973],[106.80542,-6.198431]]]},"properties":{"h3_index":"898c106a48bffff","kawasan":"Tanah Abang","tingkat_keyakinan":"RENDAH","n_titik_misi":0,"data_source":"predicted","zona_izin_komersial":true,"indeks_churn":null,"harga_sewa_median":null,"harga_sewa_per_m2":null,"belanja_per_jam":null,"njop_m2":null,"opportunity_score":42.7,"hidden_gem_score":null,"kuadran":"JEBAKAN_GENGSI"}},{"type":"Feature","id":"898c106a48fffff","geometry":{"type":"Polygon","coordinates":[[[106.802285,-6.199293],[106.801869,-6.197558],[106.800093,-6.197122],[106.798734,-6.19842],[106.799151,-6.200155],[106.800926,-6.200592],[106.802285,-6.199293]]]},"properties":{"h3_index":"898c106a48fffff","kawasan":"Tanah Abang","tingkat_keyakinan":"RENDAH","n_titik_misi":0,"data_source":"predicted","zona_izin_komersial":true,"indeks_churn":null,"harga_sewa_median":null,"harga_sewa_per_m2":null,"belanja_per_jam":null,"njop_m2":null,"opportunity_score":60.5,"hidden_gem_score":null,"kuadran":"PEMENANG_JELAS"}},{"type":"Feature","id":"898c106a493ffff","geometry":{"type":"Polygon","coordinates":[[[106.806669,-6.203636],[106.806253,-6.201901],[106.804477,-6.201465],[106.803119,-6.202763],[106.803535,-6.204498],[106.805311,-6.204934],[106.806669,-6.203636]]]},"properties":{"h3_index":"898c106a493ffff","kawasan":"Dukuh Atas BNI","tingkat_keyakinan":"RENDAH","n_titik_misi":0,"data_source":"predicted","zona_izin_komersial":true,"indeks_churn":null,"harga_sewa_median":null,"harga_sewa_per_m2":null,"belanja_per_jam":null,"njop_m2":null,"opportunity_score":37.8,"hidden_gem_score":null,"kuadran":"JEBAKAN_GENGSI"}},{"type":"Feature","id":"898c106a49bffff","geometry":{"type":"Polygon","coordinates":[[[106.807612,-6.200603],[106.807195,-6.198868],[106.80542,-6.198431],[106.804061,-6.19973],[106.804477,-6.201465],[106.806253,-6.201901],[106.807612,-6.200603]]]},"properties":{"h3_index":"898c106a49bffff","kawasan":"Tanah Abang","tingkat_keyakinan":"RENDAH","n_titik_misi":0,"data_source":"predicted","zona_izin_komersial":null,"indeks_churn":null,"harga_sewa_median":null,"harga_sewa_per_m2":null,"belanja_per_jam":null,"njop_m2":null,"opportunity_score":28.2,"hidden_gem_score":null,"kuadran":"JEBAKAN_GENGSI"}},{"type":"Feature","id":"898c106a4c3ffff","geometry":{"type":"Polygon","coordinates":[[[106.809496,-6.194536],[106.80908,-6.192801],[106.807304,-6.192365],[106.805945,-6.193663],[106.806362,-6.195398],[106.808137,-6.195834],[106.809496,-6.194536]]]},"properties":{"h3_index":"898c106a4c3ffff","kawasan":"Tanah Abang","tingkat_keyakinan":"RENDAH","n_titik_misi":0,"data_source":"predicted","zona_izin_komersial":null,"indeks_churn":null,"harga_sewa_median":null,"harga_sewa_per_m2":null,"belanja_per_jam":null,"njop_m2":null,"opportunity_score":27.4,"hidden_gem_score":null,"kuadran":"JEBAKAN_GENGSI"}},{"type":"Feature","id":"898c106a4c7ffff","geometry":{"type":"Polygon","coordinates":[[[106.806362,-6.195398],[106.805945,-6.193663],[106.80417,-6.193226],[106.802811,-6.194525],[106.803228,-6.19626],[106.805003,-6.196696],[106.806362,-6.195398]]]},"properties":{"h3_index":"898c106a4c7ffff","kawasan":"Tanah Abang","tingkat_keyakinan":"RENDAH","n_titik_misi":0,"data_source":"predicted","zona_izin_komersial":true,"indeks_churn":null,"harga_sewa_median":null,"harga_sewa_per_m2":null,"belanja_per_jam":null,"njop_m2":null,"opportunity_score":45.7,"hidden_gem_score":null,"kuadran":"PEMENANG_JELAS"}},{"type":"Feature","id":"898c106a4cbffff","geometry":{"type":"Polygon","coordinates":[[[106.810439,-6.191503],[106.810022,-6.189767],[106.808247,-6.189331],[106.806888,-6.190629],[106.807304,-6.192365],[106.80908,-6.192801],[106.810439,-6.191503]]]},"properties":{"h3_index":"898c106a4cbffff","kawasan":"Tanah Abang","tingkat_keyakinan":"RENDAH","n_titik_misi":0,"data_source":"predicted","zona_izin_komersial":null,"indeks_churn":null,"harga_sewa_median":null,"harga_sewa_per_m2":null,"belanja_per_jam":null,"njop_m2":null,"opportunity_score":63.6,"hidden_gem_score":null,"kuadran":"PEMENANG_JELAS"}},{"type":"Feature","id":"898c106a4cfffff","geometry":{"type":"Polygon","coordinates":[[[106.807304,-6.192365],[106.806888,-6.190629],[106.805112,-6.190193],[106.803753,-6.191491],[106.80417,-6.193226],[106.805945,-6.193663],[106.807304,-6.192365]]]},"properties":{"h3_index":"898c106a4cfffff","kawasan":"Tanah Abang","tingkat_keyakinan":"RENDAH","n_titik_misi":0,"data_source":"predicted","zona_izin_komersial":true,"indeks_churn":null,"harga_sewa_median":null,"harga_sewa_per_m2":null,"belanja_per_jam":null,"njop_m2":null,"opportunity_score":55.7,"hidden_gem_score":null,"kuadran":"PEMENANG_JELAS"}},{"type":"Feature","id":"898c106a4d3ffff","geometry":{"type":"Polygon","coordinates":[[[106.811688,-6.196707],[106.811272,-6.194972],[106.809496,-6.194536],[106.808137,-6.195834],[106.808554,-6.197569],[106.810329,-6.198006],[106.811688,-6.196707]]]},"properties":{"h3_index":"898c106a4d3ffff","kawasan":"Tanah Abang","tingkat_keyakinan":"RENDAH","n_titik_misi":0,"data_source":"predicted","zona_izin_komersial":true,"indeks_churn":null,"harga_sewa_median":null,"harga_sewa_per_m2":null,"belanja_per_jam":null,"njop_m2":null,"opportunity_score":23.6,"hidden_gem_score":null,"kuadran":"JEBAKAN_GENGSI"}},{"type":"Feature","id":"898c106a4d7ffff","geometry":{"type":"Polygon","coordinates":[[[106.808554,-6.197569],[106.808137,-6.195834],[106.806362,-6.195398],[106.805003,-6.196696],[106.80542,-6.198431],[106.807195,-6.198868],[106.808554,-6.197569]]]},"properties":{"h3_index":"898c106a4d7ffff","kawasan":"Tanah Abang","tingkat_keyakinan":"RENDAH","n_titik_misi":0,"data_source":"predicted","zona_izin_komersial":true,"indeks_churn":null,"harga_sewa_median":null,"harga_sewa_per_m2":null,"belanja_per_jam":null,"njop_m2":null,"opportunity_score":42.2,"hidden_gem_score":null,"kuadran":"JEBAKAN_GENGSI"}},{"type":"Feature","id":"898c106a4dbffff","geometry":{"type":"Polygon","coordinates":[[[106.812631,-6.193674],[106.812214,-6.191939],[106.810439,-6.191503],[106.80908,-6.192801],[106.809496,-6.194536],[106.811272,-6.194972],[106.812631,-6.193674]]]},"properties":{"h3_index":"898c106a4dbffff","kawasan":"Tanah Abang","tingkat_keyakinan":"RENDAH","n_titik_misi":0,"data_source":"predicted","zona_izin_komersial":true,"indeks_churn":null,"harga_sewa_median":null,"harga_sewa_per_m2":null,"belanja_per_jam":null,"njop_m2":null,"opportunity_score":68.9,"hidden_gem_score":null,"kuadran":"HIDDEN_GEM"}},{"type":"Feature","id":"898c106a603ffff","geometry":{"type":"Polygon","coordinates":[[[106.807632,-6.172852],[106.807215,-6.171117],[106.80544,-6.17068],[106.804081,-6.171979],[106.804497,-6.173714],[106.806273,-6.174151],[106.807632,-6.172852]]]},"properties":{"h3_index":"898c106a603ffff","kawasan":"Tanah Abang","tingkat_keyakinan":"RENDAH","n_titik_misi":0,"data_source":"predicted","zona_izin_komersial":true,"indeks_churn":null,"harga_sewa_median":null,"harga_sewa_per_m2":null,"belanja_per_jam":null,"njop_m2":null,"opportunity_score":0.0,"hidden_gem_score":null,"kuadran":"JEBAKAN_GENGSI"}},{"type":"Feature","id":"898c106a607ffff","geometry":{"type":"Polygon","coordinates":[[[106.804497,-6.173714],[106.804081,-6.171979],[106.802305,-6.171542],[106.800946,-6.17284],[106.801363,-6.174576],[106.803138,-6.175013],[106.804497,-6.173714]]]},"properties":{"h3_index":"898c106a607ffff","kawasan":"Tanah Abang","tingkat_keyakinan":"RENDAH","n_titik_misi":0,"data_source":"predicted","zona_izin_komersial":true,"indeks_churn":null,"harga_sewa_median":null,"harga_sewa_per_m2":null,"belanja_per_jam":null,"njop_m2":null,"opportunity_score":59.6,"hidden_gem_score":null,"kuadran":"PEMENANG_JELAS"}},{"type":"Feature","id":"898c106a60bffff","geometry":{"type":"Polygon","coordinates":[[[106.808574,-6.169818],[106.808158,-6.168082],[106.806382,-6.167646],[106.805023,-6.168944],[106.80544,-6.17068],[106.807215,-6.171117],[106.808574,-6.169818]]]},"properties":{"h3_index":"898c106a60bffff","kawasan":"Tanah Abang","tingkat_keyakinan":"RENDAH","n_titik_misi":0,"data_source":"predicted","zona_izin_komersial":true,"indeks_churn":null,"harga_sewa_median":null,"harga_sewa_per_m2":null,"belanja_per_jam":null,"njop_m2":null,"opportunity_score":49.3,"hidden_gem_score":null,"kuadran":"PEMENANG_JELAS"}},{"type":"Feature","id":"898c106a60fffff","geometry":{"type":"Polygon","coordinates":[[[106.80544,-6.17068],[106.805023,-6.168944],[106.803247,-6.168508],[106.801888,-6.169806],[106.802305,-6.171542],[106.804081,-6.171979],[106.80544,-6.17068]]]},"properties":{"h3_index":"898c106a60fffff","kawasan":"Tanah Abang","tingkat_keyakinan":"RENDAH","n_titik_misi":0,"data_source":"predicted","zona_izin_komersial":true,"indeks_churn":null,"harga_sewa_median":null,"harga_sewa_per_m2":null,"belanja_per_jam":null,"njop_m2":null,"opportunity_score":48.3,"hidden_gem_score":null,"kuadran":"PEMENANG_JELAS"}},{"type":"Feature","id":"898c106a613ffff","geometry":{"type":"Polygon","coordinates":[[[106.809824,-6.175024],[106.809407,-6.173289],[106.807632,-6.172852],[106.806273,-6.174151],[106.806689,-6.175886],[106.808465,-6.176323],[106.809824,-6.175024]]]},"properties":{"h3_index":"898c106a613ffff","kawasan":"Tanah Abang","tingkat_keyakinan":"RENDAH","n_titik_misi":0,"data_source":"predicted","zona_izin_komersial":true,"indeks_churn":null,"harga_sewa_median":null,"harga_sewa_per_m2":null,"belanja_per_jam":null,"njop_m2":null,"opportunity_score":60.5,"hidden_gem_score":null,"kuadran":"PEMENANG_JELAS"}},{"type":"Feature","id":"898c106a617ffff","geometry":{"type":"Polygon","coordinates":[[[106.806689,-6.175886],[106.806273,-6.174151],[106.804497,-6.173714],[106.803138,-6.175013],[106.803555,-6.176748],[106.80533,-6.177185],[106.806689,-6.175886]]]},"properties":{"h3_index":"898c106a617ffff","kawasan":"Tanah Abang","tingkat_keyakinan":"RENDAH","n_titik_misi":0,"data_source":"predicted","zona_izin_komersial":true,"indeks_churn":null,"harga_sewa_median":null,"harga_sewa_per_m2":null,"belanja_per_jam":null,"njop_m2":null,"opportunity_score":52.8,"hidden_gem_score":null,"kuadran":"PEMENANG_JELAS"}},{"type":"Feature","id":"898c106a61bffff","geometry":{"type":"Polygon","coordinates":[[[106.810766,-6.17199],[106.81035,-6.170255],[106.808574,-6.169818],[106.807215,-6.171117],[106.807632,-6.172852],[106.809407,-6.173289],[106.810766,-6.17199]]]},"properties":{"h3_index":"898c106a61bffff","kawasan":"Tanah Abang","tingkat_keyakinan":"RENDAH","n_titik_misi":0,"data_source":"predicted","zona_izin_komersial":true,"indeks_churn":null,"harga_sewa_median":null,"harga_sewa_per_m2":null,"belanja_per_jam":null,"njop_m2":null,"opportunity_score":62.4,"hidden_gem_score":0.549553872802716,"kuadran":"HIDDEN_GEM"}},{"type":"Feature","id":"898c106a623ffff","geometry":{"type":"Polygon","coordinates":[[[106.79917,-6.172404],[106.798754,-6.170668],[106.796978,-6.170231],[106.795619,-6.17153],[106.796036,-6.173266],[106.797811,-6.173702],[106.79917,-6.172404]]]},"properties":{"h3_index":"898c106a623ffff","kawasan":"Tanah Abang","tingkat_keyakinan":"RENDAH","n_titik_misi":0,"data_source":"predicted","zona_izin_komersial":true,"indeks_churn":null,"harga_sewa_median":null,"harga_sewa_per_m2":null,"belanja_per_jam":null,"njop_m2":null,"opportunity_score":39.8,"hidden_gem_score":null,"kuadran":"JEBAKAN_GENGSI"}},{"type":"Feature","id":"898c106a633ffff","geometry":{"type":"Polygon","coordinates":[[[106.801363,-6.174576],[106.800946,-6.17284],[106.79917,-6.172404],[106.797811,-6.173702],[106.798228,-6.175438],[106.800004,-6.175875],[106.801363,-6.174576]]]},"properties":{"h3_index":"898c106a633ffff","kawasan":"Tanah Abang","tingkat_keyakinan":"RENDAH","n_titik_misi":0,"data_source":"predicted","zona_izin_komersial":true,"indeks_churn":null,"harga_sewa_median":null,"harga_sewa_per_m2":null,"belanja_per_jam":null,"njop_m2":null,"opportunity_score":24.0,"hidden_gem_score":null,"kuadran":"JEBAKAN_GENGSI"}},{"type":"Feature","id":"898c106a637ffff","geometry":{"type":"Polygon","coordinates":[[[106.798228,-6.175438],[106.797811,-6.173702],[106.796036,-6.173266],[106.794677,-6.174564],[106.795093,-6.1763],[106.796869,-6.176736],[106.798228,-6.175438]]]},"properties":{"h3_index":"898c106a637ffff","kawasan":"Tanah Abang","tingkat_keyakinan":"RENDAH","n_titik_misi":0,"data_source":"predicted","zona_izin_komersial":true,"indeks_churn":null,"harga_sewa_median":null,"harga_sewa_per_m2":null,"belanja_per_jam":null,"njop_m2":null,"opportunity_score":57.1,"hidden_gem_score":null,"kuadran":"PEMENANG_JELAS"}},{"type":"Feature","id":"898c106a63bffff","geometry":{"type":"Polygon","coordinates":[[[106.802305,-6.171542],[106.801888,-6.169806],[106.800113,-6.16937],[106.798754,-6.170668],[106.79917,-6.172404],[106.800946,-6.17284],[106.802305,-6.171542]]]},"properties":{"h3_index":"898c106a63bffff","kawasan":"Tanah Abang","tingkat_keyakinan":"RENDAH","n_titik_misi":0,"data_source":"predicted","zona_izin_komersial":true,"indeks_churn":null,"harga_sewa_median":null,"harga_sewa_per_m2":null,"belanja_per_jam":null,"njop_m2":null,"opportunity_score":44.5,"hidden_gem_score":null,"kuadran":"PEMENANG_JELAS"}},{"type":"Feature","id":"898c106a653ffff","geometry":{"type":"Polygon","coordinates":[[[106.814843,-6.168094],[106.814427,-6.166359],[106.812651,-6.165922],[106.811292,-6.16722],[106.811709,-6.168956],[106.813484,-6.169393],[106.814843,-6.168094]]]},"properties":{"h3_index":"898c106a653ffff","kawasan":"Tanah Abang","tingkat_keyakinan":"RENDAH","n_titik_misi":0,"data_source":"predicted","zona_izin_komersial":true,"indeks_churn":null,"harga_sewa_median":null,"harga_sewa_per_m2":null,"belanja_per_jam":null,"njop_m2":null,"opportunity_score":46.4,"hidden_gem_score":null,"kuadran":"PEMENANG_JELAS"}},{"type":"Feature","id":"898c106a657ffff","geometry":{"type":"Polygon","coordinates":[[[106.811709,-6.168956],[106.811292,-6.16722],[106.809517,-6.166784],[106.808158,-6.168082],[106.808574,-6.169818],[106.81035,-6.170255],[106.811709,-6.168956]]]},"properties":{"h3_index":"898c106a657ffff","kawasan":"Tanah Abang","tingkat_keyakinan":"RENDAH","n_titik_misi":0,"data_source":"predicted","zona_izin_komersial":true,"indeks_churn":null,"harga_sewa_median":null,"harga_sewa_per_m2":null,"belanja_per_jam":null,"njop_m2":null,"opportunity_score":48.5,"hidden_gem_score":null,"kuadran":"PEMENANG_JELAS"}},{"type":"Feature","id":"898c106a683ffff","geometry":{"type":"Polygon","coordinates":[[[106.811074,-6.18023],[106.810657,-6.178495],[106.808882,-6.178058],[106.807523,-6.179357],[106.807939,-6.181092],[106.809715,-6.181528],[106.811074,-6.18023]]]},"properties":{"h3_index":"898c106a683ffff","kawasan":"Tanah Abang","tingkat_keyakinan":"RENDAH","n_titik_misi":0,"data_source":"predicted","zona_izin_komersial":true,"indeks_churn":null,"harga_sewa_median":null,"harga_sewa_per_m2":null,"belanja_per_jam":null,"njop_m2":null,"opportunity_score":63.7,"hidden_gem_score":null,"kuadran":"PEMENANG_JELAS"}},{"type":"Feature","id":"898c106a687ffff","geometry":{"type":"Polygon","coordinates":[[[106.807939,-6.181092],[106.807523,-6.179357],[106.805747,-6.17892],[106.804388,-6.180219],[106.804805,-6.181954],[106.80658,-6.18239],[106.807939,-6.181092]]]},"properties":{"h3_index":"898c106a687ffff","kawasan":"Tanah Abang","tingkat_keyakinan":"RENDAH","n_titik_misi":0,"data_source":"predicted","zona_izin_komersial":true,"indeks_churn":null,"harga_sewa_median":null,"harga_sewa_per_m2":null,"belanja_per_jam":null,"njop_m2":null,"opportunity_score":49.9,"hidden_gem_score":null,"kuadran":"PEMENANG_JELAS"}},{"type":"Feature","id":"898c106a68bffff","geometry":{"type":"Polygon","coordinates":[[[106.812016,-6.177196],[106.811599,-6.175461],[106.809824,-6.175024],[106.808465,-6.176323],[106.808882,-6.178058],[106.810657,-6.178495],[106.812016,-6.177196]]]},"properties":{"h3_index":"898c106a68bffff","kawasan":"Tanah Abang","tingkat_keyakinan":"RENDAH","n_titik_misi":0,"data_source":"predicted","zona_izin_komersial":true,"indeks_churn":null,"harga_sewa_median":null,"harga_sewa_per_m2":null,"belanja_per_jam":null,"njop_m2":null,"opportunity_score":53.7,"hidden_gem_score":null,"kuadran":"PEMENANG_JELAS"}},{"type":"Feature","id":"898c106a68fffff","geometry":{"type":"Polygon","coordinates":[[[106.808882,-6.178058],[106.808465,-6.176323],[106.806689,-6.175886],[106.80533,-6.177185],[106.805747,-6.17892],[106.807523,-6.179357],[106.808882,-6.178058]]]},"properties":{"h3_index":"898c106a68fffff","kawasan":"Tanah Abang","tingkat_keyakinan":"RENDAH","n_titik_misi":0,"data_source":"predicted","zona_izin_komersial":true,"indeks_churn":null,"harga_sewa_median":null,"harga_sewa_per_m2":null,"belanja_per_jam":null,"njop_m2":null,"opportunity_score":57.7,"hidden_gem_score":null,"kuadran":"HIDDEN_GEM"}},{"type":"Feature","id":"898c106a693ffff","geometry":{"type":"Polygon","coordinates":[[[106.813266,-6.182402],[106.812849,-6.180666],[106.811074,-6.18023],[106.809715,-6.181528],[106.810131,-6.183264],[106.811907,-6.1837],[106.813266,-6.182402]]]},"properties":{"h3_index":"898c106a693ffff","kawasan":"Tanah Abang","tingkat_keyakinan":"RENDAH","n_titik_misi":3,"data_source":"observed","zona_izin_komersial":true,"indeks_churn":null,"harga_sewa_median":null,"harga_sewa_per_m2":null,"belanja_per_jam":null,"njop_m2":null,"opportunity_score":68.0,"hidden_gem_score":null,"kuadran":"PEMENANG_JELAS"}},{"type":"Feature","id":"898c106a697ffff","geometry":{"type":"Polygon","coordinates":[[[106.810131,-6.183264],[106.809715,-6.181528],[106.807939,-6.181092],[106.80658,-6.18239],[106.806997,-6.184126],[106.808772,-6.184562],[106.810131,-6.183264]]]},"properties":{"h3_index":"898c106a697ffff","kawasan":"Tanah Abang","tingkat_keyakinan":"RENDAH","n_titik_misi":0,"data_source":"predicted","zona_izin_komersial":null,"indeks_churn":null,"harga_sewa_median":null,"harga_sewa_per_m2":null,"belanja_per_jam":null,"njop_m2":null,"opportunity_score":83.3,"hidden_gem_score":null,"kuadran":"PEMENANG_JELAS"}},{"type":"Feature","id":"898c106a69bffff","geometry":{"type":"Polygon","coordinates":[[[106.814208,-6.179368],[106.813792,-6.177633],[106.812016,-6.177196],[106.810657,-6.178495],[106.811074,-6.18023],[106.812849,-6.180666],[106.814208,-6.179368]]]},"properties":{"h3_index":"898c106a69bffff","kawasan":"Tanah Abang","tingkat_keyakinan":"RENDAH","n_titik_misi":0,"data_source":"predicted","zona_izin_komersial":true,"indeks_churn":null,"harga_sewa_median":null,"harga_sewa_per_m2":null,"belanja_per_jam":null,"njop_m2":null,"opportunity_score":89.6,"hidden_gem_score":null,"kuadran":"PEMENANG_JELAS"}},{"type":"Feature","id":"898c106a6a3ffff","geometry":{"type":"Polygon","coordinates":[[[106.802613,-6.179782],[106.802196,-6.178047],[106.80042,-6.17761],[106.799061,-6.178909],[106.799478,-6.180644],[106.801254,-6.18108],[106.802613,-6.179782]]]},"properties":{"h3_index":"898c106a6a3ffff","kawasan":"Tanah Abang","tingkat_keyakinan":"RENDAH","n_titik_misi":0,"data_source":"predicted","zona_izin_komersial":true,"indeks_churn":null,"harga_sewa_median":null,"harga_sewa_per_m2":null,"belanja_per_jam":null,"njop_m2":null,"opportunity_score":47.9,"hidden_gem_score":null,"kuadran":"PEMENANG_JELAS"}},{"type":"Feature","id":"898c106a6a7ffff","geometry":{"type":"Polygon","coordinates":[[[106.799478,-6.180644],[106.799061,-6.178909],[106.797286,-6.178472],[106.795927,-6.17977],[106.796343,-6.181506],[106.798119,-6.181942],[106.799478,-6.180644]]]},"properties":{"h3_index":"898c106a6a7ffff","kawasan":"Tanah Abang","tingkat_keyakinan":"RENDAH","n_titik_misi":0,"data_source":"predicted","zona_izin_komersial":true,"indeks_churn":null,"harga_sewa_median":null,"harga_sewa_per_m2":null,"belanja_per_jam":null,"njop_m2":null,"opportunity_score":47.0,"hidden_gem_score":null,"kuadran":"PEMENANG_JELAS"}},{"type":"Feature","id":"898c106a6abffff","geometry":{"type":"Polygon","coordinates":[[[106.803555,-6.176748],[106.803138,-6.175013],[106.801363,-6.174576],[106.800004,-6.175875],[106.80042,-6.17761],[106.802196,-6.178047],[106.803555,-6.176748]]]},"properties":{"h3_index":"898c106a6abffff","kawasan":"Tanah Abang","tingkat_keyakinan":"RENDAH","n_titik_misi":0,"data_source":"predicted","zona_izin_komersial":true,"indeks_churn":null,"harga_sewa_median":null,"harga_sewa_per_m2":null,"belanja_per_jam":null,"njop_m2":null,"opportunity_score":64.3,"hidden_gem_score":null,"kuadran":"PEMENANG_JELAS"}},{"type":"Feature","id":"898c106a6afffff","geometry":{"type":"Polygon","coordinates":[[[106.80042,-6.17761],[106.800004,-6.175875],[106.798228,-6.175438],[106.796869,-6.176736],[106.797286,-6.178472],[106.799061,-6.178909],[106.80042,-6.17761]]]},"properties":{"h3_index":"898c106a6afffff","kawasan":"Tanah Abang","tingkat_keyakinan":"RENDAH","n_titik_misi":0,"data_source":"predicted","zona_izin_komersial":true,"indeks_churn":null,"harga_sewa_median":null,"harga_sewa_per_m2":null,"belanja_per_jam":null,"njop_m2":null,"opportunity_score":47.9,"hidden_gem_score":null,"kuadran":"PEMENANG_JELAS"}},{"type":"Feature","id":"898c106a6b3ffff","geometry":{"type":"Polygon","coordinates":[[[106.804805,-6.181954],[106.804388,-6.180219],[106.802613,-6.179782],[106.801254,-6.18108],[106.80167,-6.182816],[106.803446,-6.183252],[106.804805,-6.181954]]]},"properties":{"h3_index":"898c106a6b3ffff","kawasan":"Tanah Abang","tingkat_keyakinan":"RENDAH","n_titik_misi":0,"data_source":"predicted","zona_izin_komersial":true,"indeks_churn":null,"harga_sewa_median":null,"harga_sewa_per_m2":null,"belanja_per_jam":null,"njop_m2":null,"opportunity_score":44.7,"hidden_gem_score":null,"kuadran":"PEMENANG_JELAS"}},{"type":"Feature","id":"898c106a6b7ffff","geometry":{"type":"Polygon","coordinates":[[[106.80167,-6.182816],[106.801254,-6.18108],[106.799478,-6.180644],[106.798119,-6.181942],[106.798536,-6.183678],[106.800311,-6.184114],[106.80167,-6.182816]]]},"properties":{"h3_index":"898c106a6b7ffff","kawasan":"Tanah Abang","tingkat_keyakinan":"RENDAH","n_titik_misi":0,"data_source":"predicted","zona_izin_komersial":null,"indeks_churn":null,"harga_sewa_median":null,"harga_sewa_per_m2":null,"belanja_per_jam":null,"njop_m2":null,"opportunity_score":52.9,"hidden_gem_score":null,"kuadran":"PEMENANG_JELAS"}},{"type":"Feature","id":"898c106a6bbffff","geometry":{"type":"Polygon","coordinates":[[[106.805747,-6.17892],[106.80533,-6.177185],[106.803555,-6.176748],[106.802196,-6.178047],[106.802613,-6.179782],[106.804388,-6.180219],[106.805747,-6.17892]]]},"properties":{"h3_index":"898c106a6bbffff","kawasan":"Tanah Abang","tingkat_keyakinan":"RENDAH","n_titik_misi":0,"data_source":"predicted","zona_izin_komersial":true,"indeks_churn":null,"harga_sewa_median":null,"harga_sewa_per_m2":null,"belanja_per_jam":null,"njop_m2":null,"opportunity_score":50.6,"hidden_gem_score":null,"kuadran":"PEMENANG_JELAS"}},{"type":"Feature","id":"898c106a6c3ffff","geometry":{"type":"Polygon","coordinates":[[[106.816093,-6.1733],[106.815676,-6.171565],[106.813901,-6.171128],[106.812542,-6.172427],[106.812958,-6.174162],[106.814734,-6.174599],[106.816093,-6.1733]]]},"properties":{"h3_index":"898c106a6c3ffff","kawasan":"Tanah Abang","tingkat_keyakinan":"RENDAH","n_titik_misi":0,"data_source":"predicted","zona_izin_komersial":true,"indeks_churn":null,"harga_sewa_median":null,"harga_sewa_per_m2":null,"belanja_per_jam":null,"njop_m2":null,"opportunity_score":45.8,"hidden_gem_score":null,"kuadran":"PEMENANG_JELAS"}},{"type":"Feature","id":"898c106a6c7ffff","geometry":{"type":"Polygon","coordinates":[[[106.812958,-6.174162],[106.812542,-6.172427],[106.810766,-6.17199],[106.809407,-6.173289],[106.809824,-6.175024],[106.811599,-6.175461],[106.812958,-6.174162]]]},"properties":{"h3_index":"898c106a6c7ffff","kawasan":"Tanah Abang","tingkat_keyakinan":"RENDAH","n_titik_misi":0,"data_source":"predicted","zona_izin_komersial":true,"indeks_churn":null,"harga_sewa_median":null,"harga_sewa_per_m2":null,"belanja_per_jam":null,"njop_m2":null,"opportunity_score":68.4,"hidden_gem_score":null,"kuadran":"PEMENANG_JELAS"}},{"type":"Feature","id":"898c106a6cbffff","geometry":{"type":"Polygon","coordinates":[[[106.817035,-6.170266],[106.816619,-6.168531],[106.814843,-6.168094],[106.813484,-6.169393],[106.813901,-6.171128],[106.815676,-6.171565],[106.817035,-6.170266]]]},"properties":{"h3_index":"898c106a6cbffff","kawasan":"Tanah Abang","tingkat_keyakinan":"RENDAH","n_titik_misi":0,"data_source":"predicted","zona_izin_komersial":true,"indeks_churn":null,"harga_sewa_median":null,"harga_sewa_per_m2":null,"belanja_per_jam":null,"njop_m2":null,"opportunity_score":67.3,"hidden_gem_score":null,"kuadran":"PEMENANG_JELAS"}},{"type":"Feature","id":"898c106a6cfffff","geometry":{"type":"Polygon","coordinates":[[[106.813901,-6.171128],[106.813484,-6.169393],[106.811709,-6.168956],[106.81035,-6.170255],[106.810766,-6.17199],[106.812542,-6.172427],[106.813901,-6.171128]]]},"properties":{"h3_index":"898c106a6cfffff","kawasan":"Tanah Abang","tingkat_keyakinan":"RENDAH","n_titik_misi":0,"data_source":"predicted","zona_izin_komersial":true,"indeks_churn":null,"harga_sewa_median":null,"harga_sewa_per_m2":null,"belanja_per_jam":null,"njop_m2":null,"opportunity_score":60.1,"hidden_gem_score":null,"kuadran":"PEMENANG_JELAS"}},{"type":"Feature","id":"898c106a6d3ffff","geometry":{"type":"Polygon","coordinates":[[[106.818285,-6.175472],[106.817868,-6.173737],[106.816093,-6.1733],[106.814734,-6.174599],[106.81515,-6.176334],[106.816926,-6.176771],[106.818285,-6.175472]]]},"properties":{"h3_index":"898c106a6d3ffff","kawasan":"Tanah Abang","tingkat_keyakinan":"RENDAH","n_titik_misi":0,"data_source":"predicted","zona_izin_komersial":true,"indeks_churn":null,"harga_sewa_median":null,"harga_sewa_per_m2":null,"belanja_per_jam":null,"njop_m2":null,"opportunity_score":57.0,"hidden_gem_score":null,"kuadran":"PEMENANG_JELAS"}},{"type":"Feature","id":"898c106a6d7ffff","geometry":{"type":"Polygon","coordinates":[[[106.81515,-6.176334],[106.814734,-6.174599],[106.812958,-6.174162],[106.811599,-6.175461],[106.812016,-6.177196],[106.813792,-6.177633],[106.81515,-6.176334]]]},"properties":{"h3_index":"898c106a6d7ffff","kawasan":"Tanah Abang","tingkat_keyakinan":"RENDAH","n_titik_misi":0,"data_source":"predicted","zona_izin_komersial":true,"indeks_churn":null,"harga_sewa_median":null,"harga_sewa_per_m2":null,"belanja_per_jam":null,"njop_m2":null,"opportunity_score":54.7,"hidden_gem_score":null,"kuadran":"PEMENANG_JELAS"}},{"type":"Feature","id":"898c106a6dbffff","geometry":{"type":"Polygon","coordinates":[[[106.819227,-6.172438],[106.818811,-6.170703],[106.817035,-6.170266],[106.815676,-6.171565],[106.816093,-6.1733],[106.817868,-6.173737],[106.819227,-6.172438]]]},"properties":{"h3_index":"898c106a6dbffff","kawasan":"Tanah Abang","tingkat_keyakinan":"RENDAH","n_titik_misi":0,"data_source":"predicted","zona_izin_komersial":true,"indeks_churn":null,"harga_sewa_median":null,"harga_sewa_per_m2":null,"belanja_per_jam":null,"njop_m2":null,"opportunity_score":65.5,"hidden_gem_score":0.574232135545728,"kuadran":"HIDDEN_GEM"}},{"type":"Feature","id":"898c1070003ffff","geometry":{"type":"Polygon","coordinates":[[[106.822825,-6.382105],[106.822409,-6.380373],[106.820635,-6.379939],[106.819277,-6.381236],[106.819693,-6.382967],[106.821467,-6.383401],[106.822825,-6.382105]]]},"properties":{"h3_index":"898c1070003ffff","kawasan":"Depok Baru","tingkat_keyakinan":"RENDAH","n_titik_misi":0,"data_source":"predicted","zona_izin_komersial":null,"indeks_churn":null,"harga_sewa_median":null,"harga_sewa_per_m2":null,"belanja_per_jam":null,"njop_m2":null,"opportunity_score":42.7,"hidden_gem_score":null,"kuadran":"HINDARI"}},{"type":"Feature","id":"898c1070007ffff","geometry":{"type":"Polygon","coordinates":[[[106.819693,-6.382967],[106.819277,-6.381236],[106.817502,-6.380801],[106.816144,-6.382098],[106.816561,-6.383829],[106.818335,-6.384264],[106.819693,-6.382967]]]},"properties":{"h3_index":"898c1070007ffff","kawasan":"Depok Baru","tingkat_keyakinan":"RENDAH","n_titik_misi":0,"data_source":"predicted","zona_izin_komersial":null,"indeks_churn":null,"harga_sewa_median":null,"harga_sewa_per_m2":null,"belanja_per_jam":null,"njop_m2":null,"opportunity_score":43.8,"hidden_gem_score":null,"kuadran":"HINDARI"}},{"type":"Feature","id":"898c107000bffff","geometry":{"type":"Polygon","coordinates":[[[106.823767,-6.379076],[106.823351,-6.377345],[106.821576,-6.376911],[106.820218,-6.378207],[106.820635,-6.379939],[106.822409,-6.380373],[106.823767,-6.379076]]]},"properties":{"h3_index":"898c107000bffff","kawasan":"Depok Baru","tingkat_keyakinan":"RENDAH","n_titik_misi":0,"data_source":"predicted","zona_izin_komersial":null,"indeks_churn":null,"harga_sewa_median":null,"harga_sewa_per_m2":null,"belanja_per_jam":null,"njop_m2":null,"opportunity_score":40.1,"hidden_gem_score":null,"kuadran":"HINDARI"}},{"type":"Feature","id":"898c107000fffff","geometry":{"type":"Polygon","coordinates":[[[106.820635,-6.379939],[106.820218,-6.378207],[106.818444,-6.377773],[106.817086,-6.37907],[106.817502,-6.380801],[106.819277,-6.381236],[106.820635,-6.379939]]]},"properties":{"h3_index":"898c107000fffff","kawasan":"Depok Baru","tingkat_keyakinan":"RENDAH","n_titik_misi":0,"data_source":"predicted","zona_izin_komersial":null,"indeks_churn":null,"harga_sewa_median":null,"harga_sewa_per_m2":null,"belanja_per_jam":null,"njop_m2":null,"opportunity_score":41.0,"hidden_gem_score":null,"kuadran":"JEBAKAN_GENGSI"}},{"type":"Feature","id":"898c1070013ffff","geometry":{"type":"Polygon","coordinates":[[[106.825015,-6.38427],[106.824599,-6.382539],[106.822825,-6.382105],[106.821467,-6.383401],[106.821883,-6.385133],[106.823657,-6.385567],[106.825015,-6.38427]]]},"properties":{"h3_index":"898c1070013ffff","kawasan":"Depok Baru","tingkat_keyakinan":"RENDAH","n_titik_misi":0,"data_source":"predicted","zona_izin_komersial":null,"indeks_churn":null,"harga_sewa_median":null,"harga_sewa_per_m2":null,"belanja_per_jam":null,"njop_m2":null,"opportunity_score":43.1,"hidden_gem_score":null,"kuadran":"HINDARI"}},{"type":"Feature","id":"898c1070017ffff","geometry":{"type":"Polygon","coordinates":[[[106.821883,-6.385133],[106.821467,-6.383401],[106.819693,-6.382967],[106.818335,-6.384264],[106.818751,-6.385995],[106.820525,-6.386429],[106.821883,-6.385133]]]},"properties":{"h3_index":"898c1070017ffff","kawasan":"Depok Baru","tingkat_keyakinan":"RENDAH","n_titik_misi":0,"data_source":"predicted","zona_izin_komersial":null,"indeks_churn":null,"harga_sewa_median":null,"harga_sewa_per_m2":null,"belanja_per_jam":null,"njop_m2":null,"opportunity_score":25.0,"hidden_gem_score":null,"kuadran":"JEBAKAN_GENGSI"}},{"type":"Feature","id":"898c107001bffff","geometry":{"type":"Polygon","coordinates":[[[106.825957,-6.381242],[106.825541,-6.379511],[106.823767,-6.379076],[106.822409,-6.380373],[106.822825,-6.382105],[106.824599,-6.382539],[106.825957,-6.381242]]]},"properties":{"h3_index":"898c107001bffff","kawasan":"Depok Baru","tingkat_keyakinan":"RENDAH","n_titik_misi":0,"data_source":"predicted","zona_izin_komersial":null,"indeks_churn":null,"harga_sewa_median":null,"harga_sewa_per_m2":null,"belanja_per_jam":null,"njop_m2":null,"opportunity_score":41.6,"hidden_gem_score":null,"kuadran":"HINDARI"}},{"type":"Feature","id":"898c1070023ffff","geometry":{"type":"Polygon","coordinates":[[[106.81437,-6.381664],[106.813954,-6.379932],[106.812179,-6.379498],[106.810821,-6.380794],[106.811238,-6.382526],[106.813012,-6.38296],[106.81437,-6.381664]]]},"properties":{"h3_index":"898c1070023ffff","kawasan":"Depok Baru","tingkat_keyakinan":"RENDAH","n_titik_misi":0,"data_source":"predicted","zona_izin_komersial":null,"indeks_churn":null,"harga_sewa_median":null,"harga_sewa_per_m2":null,"belanja_per_jam":null,"njop_m2":null,"opportunity_score":42.2,"hidden_gem_score":null,"kuadran":"JEBAKAN_GENGSI"}},{"type":"Feature","id":"898c1070027ffff","geometry":{"type":"Polygon","coordinates":[[[106.811238,-6.382526],[106.810821,-6.380794],[106.809047,-6.38036],[106.807689,-6.381657],[106.808105,-6.383388],[106.80988,-6.383823],[106.811238,-6.382526]]]},"properties":{"h3_index":"898c1070027ffff","kawasan":"Depok Baru","tingkat_keyakinan":"RENDAH","n_titik_misi":0,"data_source":"predicted","zona_izin_komersial":null,"indeks_churn":null,"harga_sewa_median":null,"harga_sewa_per_m2":null,"belanja_per_jam":null,"njop_m2":null,"opportunity_score":20.8,"hidden_gem_score":null,"kuadran":"JEBAKAN_GENGSI"}},{"type":"Feature","id":"898c107002bffff","geometry":{"type":"Polygon","coordinates":[[[106.815312,-6.378635],[106.814896,-6.376904],[106.813121,-6.376469],[106.811763,-6.377766],[106.812179,-6.379498],[106.813954,-6.379932],[106.815312,-6.378635]]]},"properties":{"h3_index":"898c107002bffff","kawasan":"Depok Baru","tingkat_keyakinan":"RENDAH","n_titik_misi":0,"data_source":"predicted","zona_izin_komersial":null,"indeks_churn":null,"harga_sewa_median":null,"harga_sewa_per_m2":null,"belanja_per_jam":null,"njop_m2":null,"opportunity_score":40.7,"hidden_gem_score":null,"kuadran":"JEBAKAN_GENGSI"}},{"type":"Feature","id":"898c107002fffff","geometry":{"type":"Polygon","coordinates":[[[106.812179,-6.379498],[106.811763,-6.377766],[106.809989,-6.377332],[106.808631,-6.378628],[106.809047,-6.38036],[106.810821,-6.380794],[106.812179,-6.379498]]]},"properties":{"h3_index":"898c107002fffff","kawasan":"Depok Baru","tingkat_keyakinan":"RENDAH","n_titik_misi":0,"data_source":"predicted","zona_izin_komersial":null,"indeks_churn":null,"harga_sewa_median":null,"harga_sewa_per_m2":null,"belanja_per_jam":null,"njop_m2":null,"opportunity_score":39.5,"hidden_gem_score":null,"kuadran":"HINDARI"}},{"type":"Feature","id":"898c1070033ffff","geometry":{"type":"Polygon","coordinates":[[[106.816561,-6.383829],[106.816144,-6.382098],[106.81437,-6.381664],[106.813012,-6.38296],[106.813428,-6.384692],[106.815203,-6.385126],[106.816561,-6.383829]]]},"properties":{"h3_index":"898c1070033ffff","kawasan":"Depok Baru","tingkat_keyakinan":"RENDAH","n_titik_misi":0,"data_source":"predicted","zona_izin_komersial":null,"indeks_churn":null,"harga_sewa_median":null,"harga_sewa_per_m2":null,"belanja_per_jam":null,"njop_m2":null,"opportunity_score":52.1,"hidden_gem_score":null,"kuadran":"HIDDEN_GEM"}},{"type":"Feature","id":"898c1070037ffff","geometry":{"type":"Polygon","coordinates":[[[106.813428,-6.384692],[106.813012,-6.38296],[106.811238,-6.382526],[106.80988,-6.383823],[106.810296,-6.385554],[106.81207,-6.385988],[106.813428,-6.384692]]]},"properties":{"h3_index":"898c1070037ffff","kawasan":"Depok Baru","tingkat_keyakinan":"RENDAH","n_titik_misi":0,"data_source":"predicted","zona_izin_komersial":null,"indeks_churn":null,"harga_sewa_median":null,"harga_sewa_per_m2":null,"belanja_per_jam":null,"njop_m2":null,"opportunity_score":42.4,"hidden_gem_score":null,"kuadran":"JEBAKAN_GENGSI"}},{"type":"Feature","id":"898c107003bffff","geometry":{"type":"Polygon","coordinates":[[[106.817502,-6.380801],[106.817086,-6.37907],[106.815312,-6.378635],[106.813954,-6.379932],[106.81437,-6.381664],[106.816144,-6.382098],[106.817502,-6.380801]]]},"properties":{"h3_index":"898c107003bffff","kawasan":"Depok Baru","tingkat_keyakinan":"RENDAH","n_titik_misi":0,"data_source":"predicted","zona_izin_komersial":null,"indeks_churn":null,"harga_sewa_median":null,"harga_sewa_per_m2":null,"belanja_per_jam":null,"njop_m2":null,"opportunity_score":42.0,"hidden_gem_score":null,"kuadran":"JEBAKAN_GENGSI"}},{"type":"Feature","id":"898c1070043ffff","geometry":{"type":"Polygon","coordinates":[[[106.827841,-6.375186],[106.827425,-6.373455],[106.82565,-6.37302],[106.824292,-6.374317],[106.824709,-6.376048],[106.826483,-6.376483],[106.827841,-6.375186]]]},"properties":{"h3_index":"898c1070043ffff","kawasan":"Depok Baru","tingkat_keyakinan":"RENDAH","n_titik_misi":0,"data_source":"predicted","zona_izin_komersial":null,"indeks_churn":null,"harga_sewa_median":null,"harga_sewa_per_m2":null,"belanja_per_jam":null,"njop_m2":null,"opportunity_score":33.1,"hidden_gem_score":null,"kuadran":"HINDARI"}},{"type":"Feature","id":"898c1070047ffff","geometry":{"type":"Polygon","coordinates":[[[106.824709,-6.376048],[106.824292,-6.374317],[106.822518,-6.373882],[106.82116,-6.375179],[106.821576,-6.376911],[106.823351,-6.377345],[106.824709,-6.376048]]]},"properties":{"h3_index":"898c1070047ffff","kawasan":"Depok Baru","tingkat_keyakinan":"RENDAH","n_titik_misi":0,"data_source":"predicted","zona_izin_komersial":null,"indeks_churn":null,"harga_sewa_median":null,"harga_sewa_per_m2":null,"belanja_per_jam":null,"njop_m2":null,"opportunity_score":18.3,"hidden_gem_score":null,"kuadran":"JEBAKAN_GENGSI"}},{"type":"Feature","id":"898c107004fffff","geometry":{"type":"Polygon","coordinates":[[[106.82565,-6.37302],[106.825234,-6.371289],[106.82346,-6.370854],[106.822102,-6.372151],[106.822518,-6.373882],[106.824292,-6.374317],[106.82565,-6.37302]]]},"properties":{"h3_index":"898c107004fffff","kawasan":"Depok Baru","tingkat_keyakinan":"RENDAH","n_titik_misi":0,"data_source":"predicted","zona_izin_komersial":null,"indeks_churn":null,"harga_sewa_median":null,"harga_sewa_per_m2":null,"belanja_per_jam":null,"njop_m2":null,"opportunity_score":46.3,"hidden_gem_score":null,"kuadran":"PEMENANG_JELAS"}},{"type":"Feature","id":"898c1070053ffff","geometry":{"type":"Polygon","coordinates":[[[106.830031,-6.377352],[106.829615,-6.37562],[106.827841,-6.375186],[106.826483,-6.376483],[106.826899,-6.378214],[106.828673,-6.378649],[106.830031,-6.377352]]]},"properties":{"h3_index":"898c1070053ffff","kawasan":"Depok Baru","tingkat_keyakinan":"RENDAH","n_titik_misi":0,"data_source":"predicted","zona_izin_komersial":null,"indeks_churn":null,"harga_sewa_median":null,"harga_sewa_per_m2":null,"belanja_per_jam":null,"njop_m2":null,"opportunity_score":38.1,"hidden_gem_score":null,"kuadran":"HINDARI"}},{"type":"Feature","id":"898c1070057ffff","geometry":{"type":"Polygon","coordinates":[[[106.826899,-6.378214],[106.826483,-6.376483],[106.824709,-6.376048],[106.823351,-6.377345],[106.823767,-6.379076],[106.825541,-6.379511],[106.826899,-6.378214]]]},"properties":{"h3_index":"898c1070057ffff","kawasan":"Depok Baru","tingkat_keyakinan":"RENDAH","n_titik_misi":0,"data_source":"predicted","zona_izin_komersial":null,"indeks_churn":null,"harga_sewa_median":null,"harga_sewa_per_m2":null,"belanja_per_jam":null,"njop_m2":null,"opportunity_score":40.2,"hidden_gem_score":null,"kuadran":"HINDARI"}},{"type":"Feature","id":"898c1070063ffff","geometry":{"type":"Polygon","coordinates":[[[106.819386,-6.374745],[106.81897,-6.373013],[106.817195,-6.372579],[106.815837,-6.373876],[106.816254,-6.375607],[106.818028,-6.376042],[106.819386,-6.374745]]]},"properties":{"h3_index":"898c1070063ffff","kawasan":"Depok Baru","tingkat_keyakinan":"RENDAH","n_titik_misi":0,"data_source":"predicted","zona_izin_komersial":null,"indeks_churn":null,"harga_sewa_median":null,"harga_sewa_per_m2":null,"belanja_per_jam":null,"njop_m2":null,"opportunity_score":39.1,"hidden_gem_score":null,"kuadran":"JEBAKAN_GENGSI"}},{"type":"Feature","id":"898c1070067ffff","geometry":{"type":"Polygon","coordinates":[[[106.816254,-6.375607],[106.815837,-6.373876],[106.814063,-6.373441],[106.812705,-6.374738],[106.813121,-6.376469],[106.814896,-6.376904],[106.816254,-6.375607]]]},"properties":{"h3_index":"898c1070067ffff","kawasan":"Depok Baru","tingkat_keyakinan":"RENDAH","n_titik_misi":0,"data_source":"predicted","zona_izin_komersial":null,"indeks_churn":null,"harga_sewa_median":null,"harga_sewa_per_m2":null,"belanja_per_jam":null,"njop_m2":null,"opportunity_score":39.9,"hidden_gem_score":null,"kuadran":"HINDARI"}},{"type":"Feature","id":"898c1070073ffff","geometry":{"type":"Polygon","coordinates":[[[106.821576,-6.376911],[106.82116,-6.375179],[106.819386,-6.374745],[106.818028,-6.376042],[106.818444,-6.377773],[106.820218,-6.378207],[106.821576,-6.376911]]]},"properties":{"h3_index":"898c1070073ffff","kawasan":"Depok Baru","tingkat_keyakinan":"RENDAH","n_titik_misi":0,"data_source":"predicted","zona_izin_komersial":null,"indeks_churn":null,"harga_sewa_median":null,"harga_sewa_per_m2":null,"belanja_per_jam":null,"njop_m2":null,"opportunity_score":39.4,"hidden_gem_score":null,"kuadran":"HINDARI"}},{"type":"Feature","id":"898c1070077ffff","geometry":{"type":"Polygon","coordinates":[[[106.818444,-6.377773],[106.818028,-6.376042],[106.816254,-6.375607],[106.814896,-6.376904],[106.815312,-6.378635],[106.817086,-6.37907],[106.818444,-6.377773]]]},"properties":{"h3_index":"898c1070077ffff","kawasan":"Depok Baru","tingkat_keyakinan":"RENDAH","n_titik_misi":0,"data_source":"predicted","zona_izin_komersial":null,"indeks_churn":null,"harga_sewa_median":null,"harga_sewa_per_m2":null,"belanja_per_jam":null,"njop_m2":null,"opportunity_score":40.8,"hidden_gem_score":null,"kuadran":"JEBAKAN_GENGSI"}},{"type":"Feature","id":"898c107007bffff","geometry":{"type":"Polygon","coordinates":[[[106.822518,-6.373882],[106.822102,-6.372151],[106.820328,-6.371716],[106.81897,-6.373013],[106.819386,-6.374745],[106.82116,-6.375179],[106.822518,-6.373882]]]},"properties":{"h3_index":"898c107007bffff","kawasan":"Depok Baru","tingkat_keyakinan":"RENDAH","n_titik_misi":0,"data_source":"predicted","zona_izin_komersial":null,"indeks_churn":null,"harga_sewa_median":null,"harga_sewa_per_m2":null,"belanja_per_jam":null,"njop_m2":null,"opportunity_score":37.8,"hidden_gem_score":null,"kuadran":"HINDARI"}},{"type":"Feature","id":"898c1070083ffff","geometry":{"type":"Polygon","coordinates":[[[106.826264,-6.389464],[106.825848,-6.387733],[106.824074,-6.387298],[106.822716,-6.388595],[106.823132,-6.390326],[106.824906,-6.390761],[106.826264,-6.389464]]]},"properties":{"h3_index":"898c1070083ffff","kawasan":"Depok Baru","tingkat_keyakinan":"RENDAH","n_titik_misi":0,"data_source":"predicted","zona_izin_komersial":null,"indeks_churn":null,"harga_sewa_median":null,"harga_sewa_per_m2":null,"belanja_per_jam":null,"njop_m2":null,"opportunity_score":33.8,"hidden_gem_score":null,"kuadran":"JEBAKAN_GENGSI"}},{"type":"Feature","id":"898c1070087ffff","geometry":{"type":"Polygon","coordinates":[[[106.823132,-6.390326],[106.822716,-6.388595],[106.820941,-6.388161],[106.819583,-6.389457],[106.82,-6.391189],[106.821774,-6.391623],[106.823132,-6.390326]]]},"properties":{"h3_index":"898c1070087ffff","kawasan":"Depok Baru","tingkat_keyakinan":"RENDAH","n_titik_misi":0,"data_source":"predicted","zona_izin_komersial":null,"indeks_churn":null,"harga_sewa_median":null,"harga_sewa_per_m2":null,"belanja_per_jam":null,"njop_m2":null,"opportunity_score":63.3,"hidden_gem_score":null,"kuadran":"PEMENANG_JELAS"}},{"type":"Feature","id":"898c107008bffff","geometry":{"type":"Polygon","coordinates":[[[106.827206,-6.386436],[106.826789,-6.384705],[106.825015,-6.38427],[106.823657,-6.385567],[106.824074,-6.387298],[106.825848,-6.387733],[106.827206,-6.386436]]]},"properties":{"h3_index":"898c107008bffff","kawasan":"Depok Baru","tingkat_keyakinan":"RENDAH","n_titik_misi":0,"data_source":"predicted","zona_izin_komersial":null,"indeks_churn":null,"harga_sewa_median":null,"harga_sewa_per_m2":null,"belanja_per_jam":null,"njop_m2":null,"opportunity_score":46.5,"hidden_gem_score":null,"kuadran":"HIDDEN_GEM"}},{"type":"Feature","id":"898c107008fffff","geometry":{"type":"Polygon","coordinates":[[[106.824074,-6.387298],[106.823657,-6.385567],[106.821883,-6.385133],[106.820525,-6.386429],[106.820941,-6.388161],[106.822716,-6.388595],[106.824074,-6.387298]]]},"properties":{"h3_index":"898c107008fffff","kawasan":"Depok Baru","tingkat_keyakinan":"RENDAH","n_titik_misi":0,"data_source":"predicted","zona_izin_komersial":null,"indeks_churn":null,"harga_sewa_median":null,"harga_sewa_per_m2":null,"belanja_per_jam":null,"njop_m2":null,"opportunity_score":52.7,"hidden_gem_score":null,"kuadran":"PEMENANG_JELAS"}},{"type":"Feature","id":"898c1070093ffff","geometry":{"type":"Polygon","coordinates":[[[106.828454,-6.391629],[106.828038,-6.389898],[106.826264,-6.389464],[106.824906,-6.390761],[106.825322,-6.392492],[106.827096,-6.392926],[106.828454,-6.391629]]]},"properties":{"h3_index":"898c1070093ffff","kawasan":"Depok Baru","tingkat_keyakinan":"RENDAH","n_titik_misi":0,"data_source":"predicted","zona_izin_komersial":null,"indeks_churn":null,"harga_sewa_median":null,"harga_sewa_per_m2":null,"belanja_per_jam":null,"njop_m2":null,"opportunity_score":56.7,"hidden_gem_score":null,"kuadran":"HIDDEN_GEM"}},{"type":"Feature","id":"898c1070097ffff","geometry":{"type":"Polygon","coordinates":[[[106.825322,-6.392492],[106.824906,-6.390761],[106.823132,-6.390326],[106.821774,-6.391623],[106.82219,-6.393354],[106.823964,-6.393788],[106.825322,-6.392492]]]},"properties":{"h3_index":"898c1070097ffff","kawasan":"Depok Baru","tingkat_keyakinan":"RENDAH","n_titik_misi":0,"data_source":"predicted","zona_izin_komersial":null,"indeks_churn":null,"harga_sewa_median":null,"harga_sewa_per_m2":null,"belanja_per_jam":null,"njop_m2":null,"opportunity_score":62.4,"hidden_gem_score":null,"kuadran":"HIDDEN_GEM"}},{"type":"Feature","id":"898c107009bffff","geometry":{"type":"Polygon","coordinates":[[[106.829396,-6.388601],[106.82898,-6.38687],[106.827206,-6.386436],[106.825848,-6.387733],[106.826264,-6.389464],[106.828038,-6.389898],[106.829396,-6.388601]]]},"properties":{"h3_index":"898c107009bffff","kawasan":"Depok Baru","tingkat_keyakinan":"RENDAH","n_titik_misi":1,"data_source":"observed","zona_izin_komersial":null,"indeks_churn":null,"harga_sewa_median":null,"harga_sewa_per_m2":null,"belanja_per_jam":null,"njop_m2":null,"opportunity_score":52.8,"hidden_gem_score":null,"kuadran":"HIDDEN_GEM"}},{"type":"Feature","id":"898c10700a3ffff","geometry":{"type":"Polygon","coordinates":[[[106.817809,-6.389023],[106.817393,-6.387292],[106.815619,-6.386857],[106.814261,-6.388154],[106.814677,-6.389885],[106.816451,-6.39032],[106.817809,-6.389023]]]},"properties":{"h3_index":"898c10700a3ffff","kawasan":"Depok Baru","tingkat_keyakinan":"RENDAH","n_titik_misi":0,"data_source":"predicted","zona_izin_komersial":null,"indeks_churn":null,"harga_sewa_median":null,"harga_sewa_per_m2":null,"belanja_per_jam":null,"njop_m2":null,"opportunity_score":49.4,"hidden_gem_score":null,"kuadran":"PEMENANG_JELAS"}},{"type":"Feature","id":"898c10700a7ffff","geometry":{"type":"Polygon","coordinates":[[[106.814677,-6.389885],[106.814261,-6.388154],[106.812486,-6.38772],[106.811128,-6.389016],[106.811545,-6.390748],[106.813319,-6.391182],[106.814677,-6.389885]]]},"properties":{"h3_index":"898c10700a7ffff","kawasan":"Depok Baru","tingkat_keyakinan":"RENDAH","n_titik_misi":0,"data_source":"predicted","zona_izin_komersial":null,"indeks_churn":null,"harga_sewa_median":null,"harga_sewa_per_m2":null,"belanja_per_jam":null,"njop_m2":null,"opportunity_score":50.6,"hidden_gem_score":null,"kuadran":"PEMENANG_JELAS"}},{"type":"Feature","id":"898c10700abffff","geometry":{"type":"Polygon","coordinates":[[[106.818751,-6.385995],[106.818335,-6.384264],[106.816561,-6.383829],[106.815203,-6.385126],[106.815619,-6.386857],[106.817393,-6.387292],[106.818751,-6.385995]]]},"properties":{"h3_index":"898c10700abffff","kawasan":"Depok Baru","tingkat_keyakinan":"RENDAH","n_titik_misi":0,"data_source":"predicted","zona_izin_komersial":null,"indeks_churn":null,"harga_sewa_median":null,"harga_sewa_per_m2":null,"belanja_per_jam":null,"njop_m2":null,"opportunity_score":25.1,"hidden_gem_score":null,"kuadran":"JEBAKAN_GENGSI"}},{"type":"Feature","id":"898c10700afffff","geometry":{"type":"Polygon","coordinates":[[[106.815619,-6.386857],[106.815203,-6.385126],[106.813428,-6.384692],[106.81207,-6.385988],[106.812486,-6.38772],[106.814261,-6.388154],[106.815619,-6.386857]]]},"properties":{"h3_index":"898c10700afffff","kawasan":"Depok Baru","tingkat_keyakinan":"RENDAH","n_titik_misi":2,"data_source":"observed","zona_izin_komersial":null,"indeks_churn":null,"harga_sewa_median":null,"harga_sewa_per_m2":null,"belanja_per_jam":null,"njop_m2":null,"opportunity_score":51.7,"hidden_gem_score":null,"kuadran":"PEMENANG_JELAS"}},{"type":"Feature","id":"898c10700b3ffff","geometry":{"type":"Polygon","coordinates":[[[106.82,-6.391189],[106.819583,-6.389457],[106.817809,-6.389023],[106.816451,-6.39032],[106.816867,-6.392051],[106.818642,-6.392485],[106.82,-6.391189]]]},"properties":{"h3_index":"898c10700b3ffff","kawasan":"Depok Baru","tingkat_keyakinan":"RENDAH","n_titik_misi":0,"data_source":"predicted","zona_izin_komersial":null,"indeks_churn":null,"harga_sewa_median":null,"harga_sewa_per_m2":null,"belanja_per_jam":null,"njop_m2":null,"opportunity_score":54.3,"hidden_gem_score":null,"kuadran":"PEMENANG_JELAS"}},{"type":"Feature","id":"898c10700b7ffff","geometry":{"type":"Polygon","coordinates":[[[106.816867,-6.392051],[106.816451,-6.39032],[106.814677,-6.389885],[106.813319,-6.391182],[106.813735,-6.392913],[106.815509,-6.393348],[106.816867,-6.392051]]]},"properties":{"h3_index":"898c10700b7ffff","kawasan":"Depok Baru","tingkat_keyakinan":"RENDAH","n_titik_misi":0,"data_source":"predicted","zona_izin_komersial":null,"indeks_churn":null,"harga_sewa_median":null,"harga_sewa_per_m2":null,"belanja_per_jam":null,"njop_m2":null,"opportunity_score":47.6,"hidden_gem_score":null,"kuadran":"HIDDEN_GEM"}},{"type":"Feature","id":"898c10700bbffff","geometry":{"type":"Polygon","coordinates":[[[106.820941,-6.388161],[106.820525,-6.386429],[106.818751,-6.385995],[106.817393,-6.387292],[106.817809,-6.389023],[106.819583,-6.389457],[106.820941,-6.388161]]]},"properties":{"h3_index":"898c10700bbffff","kawasan":"Depok Baru","tingkat_keyakinan":"RENDAH","n_titik_misi":0,"data_source":"predicted","zona_izin_komersial":null,"indeks_churn":null,"harga_sewa_median":null,"harga_sewa_per_m2":null,"belanja_per_jam":null,"njop_m2":null,"opportunity_score":60.2,"hidden_gem_score":null,"kuadran":"HIDDEN_GEM"}},{"type":"Feature","id":"898c10700c3ffff","geometry":{"type":"Polygon","coordinates":[[[106.831279,-6.382546],[106.830863,-6.380814],[106.829089,-6.38038],[106.827731,-6.381677],[106.828147,-6.383408],[106.829922,-6.383842],[106.831279,-6.382546]]]},"properties":{"h3_index":"898c10700c3ffff","kawasan":"Depok Baru","tingkat_keyakinan":"RENDAH","n_titik_misi":0,"data_source":"predicted","zona_izin_komersial":null,"indeks_churn":null,"harga_sewa_median":null,"harga_sewa_per_m2":null,"belanja_per_jam":null,"njop_m2":null,"opportunity_score":40.9,"hidden_gem_score":null,"kuadran":"JEBAKAN_GENGSI"}},{"type":"Feature","id":"898c10700c7ffff","geometry":{"type":"Polygon","coordinates":[[[106.828147,-6.383408],[106.827731,-6.381677],[106.825957,-6.381242],[106.824599,-6.382539],[106.825015,-6.38427],[106.826789,-6.384705],[106.828147,-6.383408]]]},"properties":{"h3_index":"898c10700c7ffff","kawasan":"Depok Baru","tingkat_keyakinan":"RENDAH","n_titik_misi":0,"data_source":"predicted","zona_izin_komersial":null,"indeks_churn":null,"harga_sewa_median":null,"harga_sewa_per_m2":null,"belanja_per_jam":null,"njop_m2":null,"opportunity_score":45.3,"hidden_gem_score":null,"kuadran":"HIDDEN_GEM"}},{"type":"Feature","id":"898c10700cbffff","geometry":{"type":"Polygon","coordinates":[[[106.832221,-6.379518],[106.831805,-6.377786],[106.830031,-6.377352],[106.828673,-6.378649],[106.829089,-6.38038],[106.830863,-6.380814],[106.832221,-6.379518]]]},"properties":{"h3_index":"898c10700cbffff","kawasan":"Depok Baru","tingkat_keyakinan":"RENDAH","n_titik_misi":1,"data_source":"observed","zona_izin_komersial":null,"indeks_churn":null,"harga_sewa_median":null,"harga_sewa_per_m2":null,"belanja_per_jam":null,"njop_m2":null,"opportunity_score":45.1,"hidden_gem_score":0.514332811057245,"kuadran":"HIDDEN_GEM"}},{"type":"Feature","id":"898c10700cfffff","geometry":{"type":"Polygon","coordinates":[[[106.829089,-6.38038],[106.828673,-6.378649],[106.826899,-6.378214],[106.825541,-6.379511],[106.825957,-6.381242],[106.827731,-6.381677],[106.829089,-6.38038]]]},"properties":{"h3_index":"898c10700cfffff","kawasan":"Depok Baru","tingkat_keyakinan":"RENDAH","n_titik_misi":0,"data_source":"predicted","zona_izin_komersial":null,"indeks_churn":null,"harga_sewa_median":null,"harga_sewa_per_m2":null,"belanja_per_jam":null,"njop_m2":null,"opportunity_score":42.6,"hidden_gem_score":null,"kuadran":"HINDARI"}},{"type":"Feature","id":"898c10700d3ffff","geometry":{"type":"Polygon","coordinates":[[[106.83347,-6.384711],[106.833054,-6.38298],[106.831279,-6.382546],[106.829922,-6.383842],[106.830338,-6.385574],[106.832112,-6.386008],[106.83347,-6.384711]]]},"properties":{"h3_index":"898c10700d3ffff","kawasan":"Depok Baru","tingkat_keyakinan":"RENDAH","n_titik_misi":0,"data_source":"predicted","zona_izin_komersial":null,"indeks_churn":null,"harga_sewa_median":null,"harga_sewa_per_m2":null,"belanja_per_jam":null,"njop_m2":null,"opportunity_score":43.2,"hidden_gem_score":null,"kuadran":"HINDARI"}},{"type":"Feature","id":"898c10700d7ffff","geometry":{"type":"Polygon","coordinates":[[[106.830338,-6.385574],[106.829922,-6.383842],[106.828147,-6.383408],[106.826789,-6.384705],[106.827206,-6.386436],[106.82898,-6.38687],[106.830338,-6.385574]]]},"properties":{"h3_index":"898c10700d7ffff","kawasan":"Depok Baru","tingkat_keyakinan":"RENDAH","n_titik_misi":0,"data_source":"predicted","zona_izin_komersial":null,"indeks_churn":null,"harga_sewa_median":null,"harga_sewa_per_m2":null,"belanja_per_jam":null,"njop_m2":null,"opportunity_score":56.6,"hidden_gem_score":null,"kuadran":"HIDDEN_GEM"}},{"type":"Feature","id":"898c10700dbffff","geometry":{"type":"Polygon","coordinates":[[[106.834411,-6.381683],[106.833995,-6.379952],[106.832221,-6.379518],[106.830863,-6.380814],[106.831279,-6.382546],[106.833054,-6.38298],[106.834411,-6.381683]]]},"properties":{"h3_index":"898c10700dbffff","kawasan":"Depok Baru","tingkat_keyakinan":"RENDAH","n_titik_misi":0,"data_source":"predicted","zona_izin_komersial":null,"indeks_churn":null,"harga_sewa_median":null,"harga_sewa_per_m2":null,"belanja_per_jam":null,"njop_m2":null,"opportunity_score":39.8,"hidden_gem_score":null,"kuadran":"JEBAKAN_GENGSI"}},{"type":"Feature","id":"898c1070113ffff","geometry":{"type":"Polygon","coordinates":[[[106.803089,-6.390307],[106.802673,-6.388575],[106.800899,-6.388141],[106.79954,-6.389438],[106.799957,-6.391169],[106.801731,-6.391603],[106.803089,-6.390307]]]},"properties":{"h3_index":"898c1070113ffff","kawasan":"Depok Baru","tingkat_keyakinan":"RENDAH","n_titik_misi":0,"data_source":"predicted","zona_izin_komersial":null,"indeks_churn":null,"harga_sewa_median":null,"harga_sewa_per_m2":null,"belanja_per_jam":null,"njop_m2":null,"opportunity_score":37.2,"hidden_gem_score":null,"kuadran":"HINDARI"}},{"type":"Feature","id":"898c107011bffff","geometry":{"type":"Polygon","coordinates":[[[106.804031,-6.387279],[106.803615,-6.385547],[106.80184,-6.385113],[106.800482,-6.38641],[106.800899,-6.388141],[106.802673,-6.388575],[106.804031,-6.387279]]]},"properties":{"h3_index":"898c107011bffff","kawasan":"Depok Baru","tingkat_keyakinan":"RENDAH","n_titik_misi":0,"data_source":"predicted","zona_izin_komersial":null,"indeks_churn":null,"harga_sewa_median":null,"harga_sewa_per_m2":null,"belanja_per_jam":null,"njop_m2":null,"opportunity_score":37.7,"hidden_gem_score":null,"kuadran":"HINDARI"}},{"type":"Feature","id":"898c1070143ffff","geometry":{"type":"Polygon","coordinates":[[[106.805915,-6.381222],[106.805498,-6.379491],[106.803724,-6.379056],[106.802366,-6.380353],[106.802782,-6.382085],[106.804556,-6.382519],[106.805915,-6.381222]]]},"properties":{"h3_index":"898c1070143ffff","kawasan":"Depok Baru","tingkat_keyakinan":"RENDAH","n_titik_misi":0,"data_source":"predicted","zona_izin_komersial":null,"indeks_churn":null,"harga_sewa_median":null,"harga_sewa_per_m2":null,"belanja_per_jam":null,"njop_m2":null,"opportunity_score":36.9,"hidden_gem_score":null,"kuadran":"JEBAKAN_GENGSI"}},{"type":"Feature","id":"898c107014bffff","geometry":{"type":"Polygon","coordinates":[[[106.806856,-6.378194],[106.80644,-6.376462],[106.804665,-6.376028],[106.803307,-6.377325],[106.803724,-6.379056],[106.805498,-6.379491],[106.806856,-6.378194]]]},"properties":{"h3_index":"898c107014bffff","kawasan":"Depok Baru","tingkat_keyakinan":"RENDAH","n_titik_misi":0,"data_source":"predicted","zona_izin_komersial":null,"indeks_churn":null,"harga_sewa_median":null,"harga_sewa_per_m2":null,"belanja_per_jam":null,"njop_m2":null,"opportunity_score":35.9,"hidden_gem_score":null,"kuadran":"JEBAKAN_GENGSI"}},{"type":"Feature","id":"898c1070153ffff","geometry":{"type":"Polygon","coordinates":[[[106.808105,-6.383388],[106.807689,-6.381657],[106.805915,-6.381222],[106.804556,-6.382519],[106.804973,-6.38425],[106.806747,-6.384685],[106.808105,-6.383388]]]},"properties":{"h3_index":"898c1070153ffff","kawasan":"Depok Baru","tingkat_keyakinan":"RENDAH","n_titik_misi":0,"data_source":"predicted","zona_izin_komersial":null,"indeks_churn":null,"harga_sewa_median":null,"harga_sewa_per_m2":null,"belanja_per_jam":null,"njop_m2":null,"opportunity_score":38.7,"hidden_gem_score":null,"kuadran":"JEBAKAN_GENGSI"}},{"type":"Feature","id":"898c1070157ffff","geometry":{"type":"Polygon","coordinates":[[[106.804973,-6.38425],[106.804556,-6.382519],[106.802782,-6.382085],[106.801424,-6.383381],[106.80184,-6.385113],[106.803615,-6.385547],[106.804973,-6.38425]]]},"properties":{"h3_index":"898c1070157ffff","kawasan":"Depok Baru","tingkat_keyakinan":"RENDAH","n_titik_misi":0,"data_source":"predicted","zona_izin_komersial":null,"indeks_churn":null,"harga_sewa_median":null,"harga_sewa_per_m2":null,"belanja_per_jam":null,"njop_m2":null,"opportunity_score":37.1,"hidden_gem_score":null,"kuadran":"HINDARI"}},{"type":"Feature","id":"898c107015bffff","geometry":{"type":"Polygon","coordinates":[[[106.809047,-6.38036],[106.808631,-6.378628],[106.806856,-6.378194],[106.805498,-6.379491],[106.805915,-6.381222],[106.807689,-6.381657],[106.809047,-6.38036]]]},"properties":{"h3_index":"898c107015bffff","kawasan":"Depok Baru","tingkat_keyakinan":"RENDAH","n_titik_misi":0,"data_source":"predicted","zona_izin_komersial":null,"indeks_churn":null,"harga_sewa_median":null,"harga_sewa_per_m2":null,"belanja_per_jam":null,"njop_m2":null,"opportunity_score":38.2,"hidden_gem_score":null,"kuadran":"JEBAKAN_GENGSI"}},{"type":"Feature","id":"898c1070183ffff","geometry":{"type":"Polygon","coordinates":[[[106.804338,-6.3955],[106.803922,-6.393769],[106.802148,-6.393335],[106.80079,-6.394631],[106.801206,-6.396363],[106.80298,-6.396797],[106.804338,-6.3955]]]},"properties":{"h3_index":"898c1070183ffff","kawasan":"Depok Baru","tingkat_keyakinan":"RENDAH","n_titik_misi":0,"data_source":"predicted","zona_izin_komersial":null,"indeks_churn":null,"harga_sewa_median":null,"harga_sewa_per_m2":null,"belanja_per_jam":null,"njop_m2":null,"opportunity_score":34.6,"hidden_gem_score":null,"kuadran":"JEBAKAN_GENGSI"}},{"type":"Feature","id":"898c1070187ffff","geometry":{"type":"Polygon","coordinates":[[[106.801206,-6.396363],[106.80079,-6.394631],[106.799015,-6.394197],[106.797657,-6.395494],[106.798073,-6.397225],[106.799848,-6.397659],[106.801206,-6.396363]]]},"properties":{"h3_index":"898c1070187ffff","kawasan":"Depok Baru","tingkat_keyakinan":"RENDAH","n_titik_misi":0,"data_source":"predicted","zona_izin_komersial":null,"indeks_churn":null,"harga_sewa_median":null,"harga_sewa_per_m2":null,"belanja_per_jam":null,"njop_m2":null,"opportunity_score":31.1,"hidden_gem_score":null,"kuadran":"JEBAKAN_GENGSI"}},{"type":"Feature","id":"898c107018bffff","geometry":{"type":"Polygon","coordinates":[[[106.80528,-6.392472],[106.804864,-6.390741],[106.803089,-6.390307],[106.801731,-6.391603],[106.802148,-6.393335],[106.803922,-6.393769],[106.80528,-6.392472]]]},"properties":{"h3_index":"898c107018bffff","kawasan":"Depok Baru","tingkat_keyakinan":"RENDAH","n_titik_misi":0,"data_source":"predicted","zona_izin_komersial":null,"indeks_churn":null,"harga_sewa_median":null,"harga_sewa_per_m2":null,"belanja_per_jam":null,"njop_m2":null,"opportunity_score":38.9,"hidden_gem_score":null,"kuadran":"JEBAKAN_GENGSI"}},{"type":"Feature","id":"898c107018fffff","geometry":{"type":"Polygon","coordinates":[[[106.802148,-6.393335],[106.801731,-6.391603],[106.799957,-6.391169],[106.798599,-6.392466],[106.799015,-6.394197],[106.80079,-6.394631],[106.802148,-6.393335]]]},"properties":{"h3_index":"898c107018fffff","kawasan":"Depok Baru","tingkat_keyakinan":"RENDAH","n_titik_misi":0,"data_source":"predicted","zona_izin_komersial":null,"indeks_churn":null,"harga_sewa_median":null,"harga_sewa_per_m2":null,"belanja_per_jam":null,"njop_m2":null,"opportunity_score":35.3,"hidden_gem_score":null,"kuadran":"HINDARI"}},{"type":"Feature","id":"898c1070193ffff","geometry":{"type":"Polygon","coordinates":[[[106.806529,-6.397666],[106.806113,-6.395935],[106.804338,-6.3955],[106.80298,-6.396797],[106.803397,-6.398528],[106.805171,-6.398962],[106.806529,-6.397666]]]},"properties":{"h3_index":"898c1070193ffff","kawasan":"Depok Baru","tingkat_keyakinan":"RENDAH","n_titik_misi":0,"data_source":"predicted","zona_izin_komersial":null,"indeks_churn":null,"harga_sewa_median":null,"harga_sewa_per_m2":null,"belanja_per_jam":null,"njop_m2":null,"opportunity_score":47.0,"hidden_gem_score":null,"kuadran":"HIDDEN_GEM"}},{"type":"Feature","id":"898c1070197ffff","geometry":{"type":"Polygon","coordinates":[[[106.803397,-6.398528],[106.80298,-6.396797],[106.801206,-6.396363],[106.799848,-6.397659],[106.800264,-6.39939],[106.802039,-6.399825],[106.803397,-6.398528]]]},"properties":{"h3_index":"898c1070197ffff","kawasan":"Depok Baru","tingkat_keyakinan":"RENDAH","n_titik_misi":0,"data_source":"predicted","zona_izin_komersial":null,"indeks_churn":null,"harga_sewa_median":null,"harga_sewa_per_m2":null,"belanja_per_jam":null,"njop_m2":null,"opportunity_score":34.9,"hidden_gem_score":null,"kuadran":"HINDARI"}},{"type":"Feature","id":"898c107019bffff","geometry":{"type":"Polygon","coordinates":[[[106.807471,-6.394638],[106.807054,-6.392907],[106.80528,-6.392472],[106.803922,-6.393769],[106.804338,-6.3955],[106.806113,-6.395935],[106.807471,-6.394638]]]},"properties":{"h3_index":"898c107019bffff","kawasan":"Depok Baru","tingkat_keyakinan":"RENDAH","n_titik_misi":0,"data_source":"predicted","zona_izin_komersial":null,"indeks_churn":null,"harga_sewa_median":null,"harga_sewa_per_m2":null,"belanja_per_jam":null,"njop_m2":null,"opportunity_score":39.5,"hidden_gem_score":null,"kuadran":"JEBAKAN_GENGSI"}},{"type":"Feature","id":"898c10701c3ffff","geometry":{"type":"Polygon","coordinates":[[[106.809354,-6.388582],[106.808938,-6.386851],[106.807163,-6.386416],[106.805805,-6.387713],[106.806222,-6.389444],[106.807996,-6.389879],[106.809354,-6.388582]]]},"properties":{"h3_index":"898c10701c3ffff","kawasan":"Depok Baru","tingkat_keyakinan":"RENDAH","n_titik_misi":0,"data_source":"predicted","zona_izin_komersial":null,"indeks_churn":null,"harga_sewa_median":null,"harga_sewa_per_m2":null,"belanja_per_jam":null,"njop_m2":null,"opportunity_score":41.2,"hidden_gem_score":null,"kuadran":"HINDARI"}},{"type":"Feature","id":"898c10701c7ffff","geometry":{"type":"Polygon","coordinates":[[[106.806222,-6.389444],[106.805805,-6.387713],[106.804031,-6.387279],[106.802673,-6.388575],[106.803089,-6.390307],[106.804864,-6.390741],[106.806222,-6.389444]]]},"properties":{"h3_index":"898c10701c7ffff","kawasan":"Depok Baru","tingkat_keyakinan":"RENDAH","n_titik_misi":0,"data_source":"predicted","zona_izin_komersial":null,"indeks_churn":null,"harga_sewa_median":null,"harga_sewa_per_m2":null,"belanja_per_jam":null,"njop_m2":null,"opportunity_score":38.1,"hidden_gem_score":null,"kuadran":"JEBAKAN_GENGSI"}},{"type":"Feature","id":"898c10701cbffff","geometry":{"type":"Polygon","coordinates":[[[106.810296,-6.385554],[106.80988,-6.383823],[106.808105,-6.383388],[106.806747,-6.384685],[106.807163,-6.386416],[106.808938,-6.386851],[106.810296,-6.385554]]]},"properties":{"h3_index":"898c10701cbffff","kawasan":"Depok Baru","tingkat_keyakinan":"RENDAH","n_titik_misi":0,"data_source":"predicted","zona_izin_komersial":null,"indeks_churn":null,"harga_sewa_median":null,"harga_sewa_per_m2":null,"belanja_per_jam":null,"njop_m2":null,"opportunity_score":41.2,"hidden_gem_score":null,"kuadran":"HINDARI"}},{"type":"Feature","id":"898c10701cfffff","geometry":{"type":"Polygon","coordinates":[[[106.807163,-6.386416],[106.806747,-6.384685],[106.804973,-6.38425],[106.803615,-6.385547],[106.804031,-6.387279],[106.805805,-6.387713],[106.807163,-6.386416]]]},"properties":{"h3_index":"898c10701cfffff","kawasan":"Depok Baru","tingkat_keyakinan":"RENDAH","n_titik_misi":0,"data_source":"predicted","zona_izin_komersial":null,"indeks_churn":null,"harga_sewa_median":null,"harga_sewa_per_m2":null,"belanja_per_jam":null,"njop_m2":null,"opportunity_score":39.4,"hidden_gem_score":null,"kuadran":"JEBAKAN_GENGSI"}},{"type":"Feature","id":"898c10701d3ffff","geometry":{"type":"Polygon","coordinates":[[[106.811545,-6.390748],[106.811128,-6.389016],[106.809354,-6.388582],[106.807996,-6.389879],[106.808412,-6.39161],[106.810187,-6.392044],[106.811545,-6.390748]]]},"properties":{"h3_index":"898c10701d3ffff","kawasan":"Depok Baru","tingkat_keyakinan":"RENDAH","n_titik_misi":0,"data_source":"predicted","zona_izin_komersial":null,"indeks_churn":null,"harga_sewa_median":null,"harga_sewa_per_m2":null,"belanja_per_jam":null,"njop_m2":null,"opportunity_score":42.3,"hidden_gem_score":null,"kuadran":"JEBAKAN_GENGSI"}},{"type":"Feature","id":"898c10701d7ffff","geometry":{"type":"Polygon","coordinates":[[[106.808412,-6.39161],[106.807996,-6.389879],[106.806222,-6.389444],[106.804864,-6.390741],[106.80528,-6.392472],[106.807054,-6.392907],[106.808412,-6.39161]]]},"properties":{"h3_index":"898c10701d7ffff","kawasan":"Depok Baru","tingkat_keyakinan":"RENDAH","n_titik_misi":0,"data_source":"predicted","zona_izin_komersial":null,"indeks_churn":null,"harga_sewa_median":null,"harga_sewa_per_m2":null,"belanja_per_jam":null,"njop_m2":null,"opportunity_score":40.9,"hidden_gem_score":null,"kuadran":"JEBAKAN_GENGSI"}},{"type":"Feature","id":"898c10701dbffff","geometry":{"type":"Polygon","coordinates":[[[106.812486,-6.38772],[106.81207,-6.385988],[106.810296,-6.385554],[106.808938,-6.386851],[106.809354,-6.388582],[106.811128,-6.389016],[106.812486,-6.38772]]]},"properties":{"h3_index":"898c10701dbffff","kawasan":"Depok Baru","tingkat_keyakinan":"RENDAH","n_titik_misi":0,"data_source":"predicted","zona_izin_komersial":null,"indeks_churn":null,"harga_sewa_median":null,"harga_sewa_per_m2":null,"belanja_per_jam":null,"njop_m2":null,"opportunity_score":43.3,"hidden_gem_score":null,"kuadran":"JEBAKAN_GENGSI"}},{"type":"Feature","id":"898c1070393ffff","geometry":{"type":"Polygon","coordinates":[[[106.813121,-6.376469],[106.812705,-6.374738],[106.810931,-6.374303],[106.809572,-6.3756],[106.809989,-6.377332],[106.811763,-6.377766],[106.813121,-6.376469]]]},"properties":{"h3_index":"898c1070393ffff","kawasan":"Depok Baru","tingkat_keyakinan":"RENDAH","n_titik_misi":0,"data_source":"predicted","zona_izin_komersial":null,"indeks_churn":null,"harga_sewa_median":null,"harga_sewa_per_m2":null,"belanja_per_jam":null,"njop_m2":null,"opportunity_score":38.3,"hidden_gem_score":null,"kuadran":"HINDARI"}},{"type":"Feature","id":"898c1070397ffff","geometry":{"type":"Polygon","coordinates":[[[106.809989,-6.377332],[106.809572,-6.3756],[106.807798,-6.375166],[106.80644,-6.376462],[106.806856,-6.378194],[106.808631,-6.378628],[106.809989,-6.377332]]]},"properties":{"h3_index":"898c1070397ffff","kawasan":"Depok Baru","tingkat_keyakinan":"RENDAH","n_titik_misi":0,"data_source":"predicted","zona_izin_komersial":null,"indeks_churn":null,"harga_sewa_median":null,"harga_sewa_per_m2":null,"belanja_per_jam":null,"njop_m2":null,"opportunity_score":38.1,"hidden_gem_score":null,"kuadran":"HINDARI"}},{"type":"Feature","id":"898c1070407ffff","geometry":{"type":"Polygon","coordinates":[[[106.835024,-6.398125],[106.834608,-6.396394],[106.832834,-6.39596],[106.831476,-6.397257],[106.831893,-6.398987],[106.833666,-6.399422],[106.835024,-6.398125]]]},"properties":{"h3_index":"898c1070407ffff","kawasan":"Depok Baru","tingkat_keyakinan":"RENDAH","n_titik_misi":0,"data_source":"predicted","zona_izin_komersial":null,"indeks_churn":null,"harga_sewa_median":null,"harga_sewa_per_m2":null,"belanja_per_jam":null,"njop_m2":null,"opportunity_score":34.2,"hidden_gem_score":null,"kuadran":"JEBAKAN_GENGSI"}},{"type":"Feature","id":"898c107040fffff","geometry":{"type":"Polygon","coordinates":[[[106.835966,-6.395097],[106.83555,-6.393366],[106.833776,-6.392932],[106.832418,-6.394229],[106.832834,-6.39596],[106.834608,-6.396394],[106.835966,-6.395097]]]},"properties":{"h3_index":"898c107040fffff","kawasan":"Depok Baru","tingkat_keyakinan":"RENDAH","n_titik_misi":0,"data_source":"predicted","zona_izin_komersial":null,"indeks_churn":null,"harga_sewa_median":null,"harga_sewa_per_m2":null,"belanja_per_jam":null,"njop_m2":null,"opportunity_score":30.9,"hidden_gem_score":null,"kuadran":"JEBAKAN_GENGSI"}},{"type":"Feature","id":"898c1070423ffff","geometry":{"type":"Polygon","coordinates":[[[106.829702,-6.396822],[106.829286,-6.395091],[106.827512,-6.394657],[106.826154,-6.395954],[106.82657,-6.397685],[106.828345,-6.398119],[106.829702,-6.396822]]]},"properties":{"h3_index":"898c1070423ffff","kawasan":"Depok Baru","tingkat_keyakinan":"RENDAH","n_titik_misi":0,"data_source":"predicted","zona_izin_komersial":null,"indeks_churn":null,"harga_sewa_median":null,"harga_sewa_per_m2":null,"belanja_per_jam":null,"njop_m2":null,"opportunity_score":37.7,"hidden_gem_score":null,"kuadran":"HINDARI"}},{"type":"Feature","id":"898c1070427ffff","geometry":{"type":"Polygon","coordinates":[[[106.82657,-6.397685],[106.826154,-6.395954],[106.82438,-6.395519],[106.823022,-6.396816],[106.823439,-6.398547],[106.825213,-6.398981],[106.82657,-6.397685]]]},"properties":{"h3_index":"898c1070427ffff","kawasan":"Depok Baru","tingkat_keyakinan":"RENDAH","n_titik_misi":0,"data_source":"predicted","zona_izin_komersial":null,"indeks_churn":null,"harga_sewa_median":null,"harga_sewa_per_m2":null,"belanja_per_jam":null,"njop_m2":null,"opportunity_score":41.2,"hidden_gem_score":null,"kuadran":"HINDARI"}},{"type":"Feature","id":"898c107042bffff","geometry":{"type":"Polygon","coordinates":[[[106.830644,-6.393795],[106.830228,-6.392064],[106.828454,-6.391629],[106.827096,-6.392926],[106.827512,-6.394657],[106.829286,-6.395091],[106.830644,-6.393795]]]},"properties":{"h3_index":"898c107042bffff","kawasan":"Depok Baru","tingkat_keyakinan":"RENDAH","n_titik_misi":0,"data_source":"predicted","zona_izin_komersial":null,"indeks_churn":null,"harga_sewa_median":null,"harga_sewa_per_m2":null,"belanja_per_jam":null,"njop_m2":null,"opportunity_score":42.7,"hidden_gem_score":null,"kuadran":"JEBAKAN_GENGSI"}},{"type":"Feature","id":"898c107042fffff","geometry":{"type":"Polygon","coordinates":[[[106.827512,-6.394657],[106.827096,-6.392926],[106.825322,-6.392492],[106.823964,-6.393788],[106.82438,-6.395519],[106.826154,-6.395954],[106.827512,-6.394657]]]},"properties":{"h3_index":"898c107042fffff","kawasan":"Depok Baru","tingkat_keyakinan":"RENDAH","n_titik_misi":0,"data_source":"predicted","zona_izin_komersial":null,"indeks_churn":null,"harga_sewa_median":null,"harga_sewa_per_m2":null,"belanja_per_jam":null,"njop_m2":null,"opportunity_score":47.6,"hidden_gem_score":null,"kuadran":"HIDDEN_GEM"}},{"type":"Feature","id":"898c1070433ffff","geometry":{"type":"Polygon","coordinates":[[[106.831893,-6.398987],[106.831476,-6.397257],[106.829702,-6.396822],[106.828345,-6.398119],[106.828761,-6.39985],[106.830535,-6.400284],[106.831893,-6.398987]]]},"properties":{"h3_index":"898c1070433ffff","kawasan":"Depok Baru","tingkat_keyakinan":"RENDAH","n_titik_misi":0,"data_source":"predicted","zona_izin_komersial":null,"indeks_churn":null,"harga_sewa_median":null,"harga_sewa_per_m2":null,"belanja_per_jam":null,"njop_m2":null,"opportunity_score":36.6,"hidden_gem_score":null,"kuadran":"HINDARI"}},{"type":"Feature","id":"898c1070437ffff","geometry":{"type":"Polygon","coordinates":[[[106.828761,-6.39985],[106.828345,-6.398119],[106.82657,-6.397685],[106.825213,-6.398981],[106.825629,-6.400712],[106.827403,-6.401146],[106.828761,-6.39985]]]},"properties":{"h3_index":"898c1070437ffff","kawasan":"Depok Baru","tingkat_keyakinan":"RENDAH","n_titik_misi":1,"data_source":"observed","zona_izin_komersial":null,"indeks_churn":null,"harga_sewa_median":null,"harga_sewa_per_m2":null,"belanja_per_jam":null,"njop_m2":null,"opportunity_score":37.1,"hidden_gem_score":null,"kuadran":"HINDARI"}},{"type":"Feature","id":"898c107043bffff","geometry":{"type":"Polygon","coordinates":[[[106.832834,-6.39596],[106.832418,-6.394229],[106.830644,-6.393795],[106.829286,-6.395091],[106.829702,-6.396822],[106.831476,-6.397257],[106.832834,-6.39596]]]},"properties":{"h3_index":"898c107043bffff","kawasan":"Depok Baru","tingkat_keyakinan":"RENDAH","n_titik_misi":0,"data_source":"predicted","zona_izin_komersial":null,"indeks_churn":null,"harga_sewa_median":null,"harga_sewa_per_m2":null,"belanja_per_jam":null,"njop_m2":null,"opportunity_score":40.4,"hidden_gem_score":null,"kuadran":"HINDARI"}},{"type":"Feature","id":"898c1070463ffff","geometry":{"type":"Polygon","coordinates":[[[106.834718,-6.389904],[106.834302,-6.388173],[106.832528,-6.387739],[106.83117,-6.389036],[106.831586,-6.390767],[106.83336,-6.391201],[106.834718,-6.389904]]]},"properties":{"h3_index":"898c1070463ffff","kawasan":"Depok Baru","tingkat_keyakinan":"RENDAH","n_titik_misi":0,"data_source":"predicted","zona_izin_komersial":null,"indeks_churn":null,"harga_sewa_median":null,"harga_sewa_per_m2":null,"belanja_per_jam":null,"njop_m2":null,"opportunity_score":41.4,"hidden_gem_score":null,"kuadran":"JEBAKAN_GENGSI"}},{"type":"Feature","id":"898c1070467ffff","geometry":{"type":"Polygon","coordinates":[[[106.831586,-6.390767],[106.83117,-6.389036],[106.829396,-6.388601],[106.828038,-6.389898],[106.828454,-6.391629],[106.830228,-6.392064],[106.831586,-6.390767]]]},"properties":{"h3_index":"898c1070467ffff","kawasan":"Depok Baru","tingkat_keyakinan":"RENDAH","n_titik_misi":0,"data_source":"predicted","zona_izin_komersial":null,"indeks_churn":null,"harga_sewa_median":null,"harga_sewa_per_m2":null,"belanja_per_jam":null,"njop_m2":null,"opportunity_score":42.9,"hidden_gem_score":null,"kuadran":"JEBAKAN_GENGSI"}},{"type":"Feature","id":"898c107046bffff","geometry":{"type":"Polygon","coordinates":[[[106.83566,-6.386877],[106.835244,-6.385146],[106.83347,-6.384711],[106.832112,-6.386008],[106.832528,-6.387739],[106.834302,-6.388173],[106.83566,-6.386877]]]},"properties":{"h3_index":"898c107046bffff","kawasan":"Depok Baru","tingkat_keyakinan":"RENDAH","n_titik_misi":0,"data_source":"predicted","zona_izin_komersial":null,"indeks_churn":null,"harga_sewa_median":null,"harga_sewa_per_m2":null,"belanja_per_jam":null,"njop_m2":null,"opportunity_score":37.4,"hidden_gem_score":null,"kuadran":"JEBAKAN_GENGSI"}},{"type":"Feature","id":"898c107046fffff","geometry":{"type":"Polygon","coordinates":[[[106.832528,-6.387739],[106.832112,-6.386008],[106.830338,-6.385574],[106.82898,-6.38687],[106.829396,-6.388601],[106.83117,-6.389036],[106.832528,-6.387739]]]},"properties":{"h3_index":"898c107046fffff","kawasan":"Depok Baru","tingkat_keyakinan":"RENDAH","n_titik_misi":0,"data_source":"predicted","zona_izin_komersial":null,"indeks_churn":null,"harga_sewa_median":null,"harga_sewa_per_m2":null,"belanja_per_jam":null,"njop_m2":null,"opportunity_score":43.0,"hidden_gem_score":null,"kuadran":"HINDARI"}},{"type":"Feature","id":"898c1070473ffff","geometry":{"type":"Polygon","coordinates":[[[106.836908,-6.39207],[106.836492,-6.390339],[106.834718,-6.389904],[106.83336,-6.391201],[106.833776,-6.392932],[106.83555,-6.393366],[106.836908,-6.39207]]]},"properties":{"h3_index":"898c1070473ffff","kawasan":"Depok Baru","tingkat_keyakinan":"RENDAH","n_titik_misi":0,"data_source":"predicted","zona_izin_komersial":null,"indeks_churn":null,"harga_sewa_median":null,"harga_sewa_per_m2":null,"belanja_per_jam":null,"njop_m2":null,"opportunity_score":29.4,"hidden_gem_score":null,"kuadran":"JEBAKAN_GENGSI"}},{"type":"Feature","id":"898c1070477ffff","geometry":{"type":"Polygon","coordinates":[[[106.833776,-6.392932],[106.83336,-6.391201],[106.831586,-6.390767],[106.830228,-6.392064],[106.830644,-6.393795],[106.832418,-6.394229],[106.833776,-6.392932]]]},"properties":{"h3_index":"898c1070477ffff","kawasan":"Depok Baru","tingkat_keyakinan":"RENDAH","n_titik_misi":0,"data_source":"predicted","zona_izin_komersial":null,"indeks_churn":null,"harga_sewa_median":null,"harga_sewa_per_m2":null,"belanja_per_jam":null,"njop_m2":null,"opportunity_score":41.1,"hidden_gem_score":null,"kuadran":"JEBAKAN_GENGSI"}},{"type":"Feature","id":"898c107047bffff","geometry":{"type":"Polygon","coordinates":[[[106.83785,-6.389042],[106.837434,-6.387311],[106.83566,-6.386877],[106.834302,-6.388173],[106.834718,-6.389904],[106.836492,-6.390339],[106.83785,-6.389042]]]},"properties":{"h3_index":"898c107047bffff","kawasan":"Depok Baru","tingkat_keyakinan":"RENDAH","n_titik_misi":0,"data_source":"predicted","zona_izin_komersial":null,"indeks_churn":null,"harga_sewa_median":null,"harga_sewa_per_m2":null,"belanja_per_jam":null,"njop_m2":null,"opportunity_score":29.4,"hidden_gem_score":null,"kuadran":"JEBAKAN_GENGSI"}},{"type":"Feature","id":"898c10704a3ffff","geometry":{"type":"Polygon","coordinates":[[[106.833141,-6.40418],[106.832725,-6.402449],[106.830951,-6.402015],[106.829593,-6.403312],[106.830009,-6.405042],[106.831783,-6.405477],[106.833141,-6.40418]]]},"properties":{"h3_index":"898c10704a3ffff","kawasan":"Depok Baru","tingkat_keyakinan":"RENDAH","n_titik_misi":0,"data_source":"predicted","zona_izin_komersial":null,"indeks_churn":null,"harga_sewa_median":null,"harga_sewa_per_m2":null,"belanja_per_jam":null,"njop_m2":null,"opportunity_score":34.3,"hidden_gem_score":null,"kuadran":"HINDARI"}},{"type":"Feature","id":"898c10704a7ffff","geometry":{"type":"Polygon","coordinates":[[[106.830009,-6.405042],[106.829593,-6.403312],[106.827819,-6.402877],[106.826461,-6.404174],[106.826877,-6.405905],[106.828651,-6.406339],[106.830009,-6.405042]]]},"properties":{"h3_index":"898c10704a7ffff","kawasan":"Depok Baru","tingkat_keyakinan":"RENDAH","n_titik_misi":0,"data_source":"predicted","zona_izin_komersial":null,"indeks_churn":null,"harga_sewa_median":null,"harga_sewa_per_m2":null,"belanja_per_jam":null,"njop_m2":null,"opportunity_score":35.5,"hidden_gem_score":null,"kuadran":"HINDARI"}},{"type":"Feature","id":"898c10704abffff","geometry":{"type":"Polygon","coordinates":[[[106.834083,-6.401153],[106.833666,-6.399422],[106.831893,-6.398987],[106.830535,-6.400284],[106.830951,-6.402015],[106.832725,-6.402449],[106.834083,-6.401153]]]},"properties":{"h3_index":"898c10704abffff","kawasan":"Depok Baru","tingkat_keyakinan":"RENDAH","n_titik_misi":0,"data_source":"predicted","zona_izin_komersial":null,"indeks_churn":null,"harga_sewa_median":null,"harga_sewa_per_m2":null,"belanja_per_jam":null,"njop_m2":null,"opportunity_score":35.8,"hidden_gem_score":null,"kuadran":"HINDARI"}},{"type":"Feature","id":"898c10704afffff","geometry":{"type":"Polygon","coordinates":[[[106.830951,-6.402015],[106.830535,-6.400284],[106.828761,-6.39985],[106.827403,-6.401146],[106.827819,-6.402877],[106.829593,-6.403312],[106.830951,-6.402015]]]},"properties":{"h3_index":"898c10704afffff","kawasan":"Depok Baru","tingkat_keyakinan":"RENDAH","n_titik_misi":0,"data_source":"predicted","zona_izin_komersial":null,"indeks_churn":null,"harga_sewa_median":null,"harga_sewa_per_m2":null,"belanja_per_jam":null,"njop_m2":null,"opportunity_score":38.1,"hidden_gem_score":null,"kuadran":"HINDARI"}},{"type":"Feature","id":"898c1070503ffff","geometry":{"type":"Polygon","coordinates":[[[106.816233,-6.403299],[106.815816,-6.401568],[106.814042,-6.401134],[106.812684,-6.402431],[106.813101,-6.404162],[106.814875,-6.404596],[106.816233,-6.403299]]]},"properties":{"h3_index":"898c1070503ffff","kawasan":"Depok Baru","tingkat_keyakinan":"RENDAH","n_titik_misi":0,"data_source":"predicted","zona_izin_komersial":null,"indeks_churn":null,"harga_sewa_median":null,"harga_sewa_per_m2":null,"belanja_per_jam":null,"njop_m2":null,"opportunity_score":44.8,"hidden_gem_score":null,"kuadran":"HIDDEN_GEM"}},{"type":"Feature","id":"898c1070507ffff","geometry":{"type":"Polygon","coordinates":[[[106.813101,-6.404162],[106.812684,-6.402431],[106.81091,-6.401997],[106.809552,-6.403293],[106.809968,-6.405024],[106.811743,-6.405458],[106.813101,-6.404162]]]},"properties":{"h3_index":"898c1070507ffff","kawasan":"Depok Baru","tingkat_keyakinan":"RENDAH","n_titik_misi":0,"data_source":"predicted","zona_izin_komersial":null,"indeks_churn":null,"harga_sewa_median":null,"harga_sewa_per_m2":null,"belanja_per_jam":null,"njop_m2":null,"opportunity_score":38.1,"hidden_gem_score":null,"kuadran":"JEBAKAN_GENGSI"}},{"type":"Feature","id":"898c107050bffff","geometry":{"type":"Polygon","coordinates":[[[106.817174,-6.400272],[106.816758,-6.398541],[106.814984,-6.398106],[106.813626,-6.399403],[106.814042,-6.401134],[106.815816,-6.401568],[106.817174,-6.400272]]]},"properties":{"h3_index":"898c107050bffff","kawasan":"Depok Baru","tingkat_keyakinan":"RENDAH","n_titik_misi":0,"data_source":"predicted","zona_izin_komersial":null,"indeks_churn":null,"harga_sewa_median":null,"harga_sewa_per_m2":null,"belanja_per_jam":null,"njop_m2":null,"opportunity_score":47.7,"hidden_gem_score":null,"kuadran":"HIDDEN_GEM"}},{"type":"Feature","id":"898c107050fffff","geometry":{"type":"Polygon","coordinates":[[[106.814042,-6.401134],[106.813626,-6.399403],[106.811852,-6.398969],[106.810494,-6.400266],[106.81091,-6.401997],[106.812684,-6.402431],[106.814042,-6.401134]]]},"properties":{"h3_index":"898c107050fffff","kawasan":"Depok Baru","tingkat_keyakinan":"RENDAH","n_titik_misi":0,"data_source":"predicted","zona_izin_komersial":null,"indeks_churn":null,"harga_sewa_median":null,"harga_sewa_per_m2":null,"belanja_per_jam":null,"njop_m2":null,"opportunity_score":40.8,"hidden_gem_score":null,"kuadran":"JEBAKAN_GENGSI"}},{"type":"Feature","id":"898c1070513ffff","geometry":{"type":"Polygon","coordinates":[[[106.818423,-6.405465],[106.818007,-6.403734],[106.816233,-6.403299],[106.814875,-6.404596],[106.815291,-6.406327],[106.817065,-6.406761],[106.818423,-6.405465]]]},"properties":{"h3_index":"898c1070513ffff","kawasan":"Depok Baru","tingkat_keyakinan":"RENDAH","n_titik_misi":0,"data_source":"predicted","zona_izin_komersial":null,"indeks_churn":null,"harga_sewa_median":null,"harga_sewa_per_m2":null,"belanja_per_jam":null,"njop_m2":null,"opportunity_score":45.5,"hidden_gem_score":null,"kuadran":"HIDDEN_GEM"}},{"type":"Feature","id":"898c1070517ffff","geometry":{"type":"Polygon","coordinates":[[[106.815291,-6.406327],[106.814875,-6.404596],[106.813101,-6.404162],[106.811743,-6.405458],[106.812159,-6.407189],[106.813933,-6.407624],[106.815291,-6.406327]]]},"properties":{"h3_index":"898c1070517ffff","kawasan":"Depok Baru","tingkat_keyakinan":"RENDAH","n_titik_misi":0,"data_source":"predicted","zona_izin_komersial":null,"indeks_churn":null,"harga_sewa_median":null,"harga_sewa_per_m2":null,"belanja_per_jam":null,"njop_m2":null,"opportunity_score":45.4,"hidden_gem_score":null,"kuadran":"HIDDEN_GEM"}},{"type":"Feature","id":"898c107051bffff","geometry":{"type":"Polygon","coordinates":[[[106.819365,-6.402437],[106.818949,-6.400706],[106.817174,-6.400272],[106.815816,-6.401568],[106.816233,-6.403299],[106.818007,-6.403734],[106.819365,-6.402437]]]},"properties":{"h3_index":"898c107051bffff","kawasan":"Depok Baru","tingkat_keyakinan":"RENDAH","n_titik_misi":0,"data_source":"predicted","zona_izin_komersial":null,"indeks_churn":null,"harga_sewa_median":null,"harga_sewa_per_m2":null,"belanja_per_jam":null,"njop_m2":null,"opportunity_score":53.9,"hidden_gem_score":null,"kuadran":"HIDDEN_GEM"}},{"type":"Feature","id":"898c1070523ffff","geometry":{"type":"Polygon","coordinates":[[[106.807778,-6.402859],[106.807362,-6.401128],[106.805587,-6.400694],[106.804229,-6.40199],[106.804646,-6.403721],[106.80642,-6.404156],[106.807778,-6.402859]]]},"properties":{"h3_index":"898c1070523ffff","kawasan":"Depok Baru","tingkat_keyakinan":"RENDAH","n_titik_misi":0,"data_source":"predicted","zona_izin_komersial":null,"indeks_churn":null,"harga_sewa_median":null,"harga_sewa_per_m2":null,"belanja_per_jam":null,"njop_m2":null,"opportunity_score":35.3,"hidden_gem_score":null,"kuadran":"JEBAKAN_GENGSI"}},{"type":"Feature","id":"898c107052bffff","geometry":{"type":"Polygon","coordinates":[[[106.80872,-6.399831],[106.808303,-6.3981],[106.806529,-6.397666],[106.805171,-6.398962],[106.805587,-6.400694],[106.807362,-6.401128],[106.80872,-6.399831]]]},"properties":{"h3_index":"898c107052bffff","kawasan":"Depok Baru","tingkat_keyakinan":"RENDAH","n_titik_misi":0,"data_source":"predicted","zona_izin_komersial":null,"indeks_churn":null,"harga_sewa_median":null,"harga_sewa_per_m2":null,"belanja_per_jam":null,"njop_m2":null,"opportunity_score":37.7,"hidden_gem_score":null,"kuadran":"JEBAKAN_GENGSI"}},{"type":"Feature","id":"898c107052fffff","geometry":{"type":"Polygon","coordinates":[[[106.805587,-6.400694],[106.805171,-6.398962],[106.803397,-6.398528],[106.802039,-6.399825],[106.802455,-6.401556],[106.804229,-6.40199],[106.805587,-6.400694]]]},"properties":{"h3_index":"898c107052fffff","kawasan":"Depok Baru","tingkat_keyakinan":"RENDAH","n_titik_misi":0,"data_source":"predicted","zona_izin_komersial":null,"indeks_churn":null,"harga_sewa_median":null,"harga_sewa_per_m2":null,"belanja_per_jam":null,"njop_m2":null,"opportunity_score":32.7,"hidden_gem_score":null,"kuadran":"HINDARI"}},{"type":"Feature","id":"898c1070533ffff","geometry":{"type":"Polygon","coordinates":[[[106.809968,-6.405024],[106.809552,-6.403293],[106.807778,-6.402859],[106.80642,-6.404156],[106.806836,-6.405886],[106.80861,-6.406321],[106.809968,-6.405024]]]},"properties":{"h3_index":"898c1070533ffff","kawasan":"Depok Baru","tingkat_keyakinan":"RENDAH","n_titik_misi":0,"data_source":"predicted","zona_izin_komersial":null,"indeks_churn":null,"harga_sewa_median":null,"harga_sewa_per_m2":null,"belanja_per_jam":null,"njop_m2":null,"opportunity_score":36.8,"hidden_gem_score":null,"kuadran":"HINDARI"}},{"type":"Feature","id":"898c107053bffff","geometry":{"type":"Polygon","coordinates":[[[106.81091,-6.401997],[106.810494,-6.400266],[106.80872,-6.399831],[106.807362,-6.401128],[106.807778,-6.402859],[106.809552,-6.403293],[106.81091,-6.401997]]]},"properties":{"h3_index":"898c107053bffff","kawasan":"Depok Baru","tingkat_keyakinan":"RENDAH","n_titik_misi":0,"data_source":"predicted","zona_izin_komersial":null,"indeks_churn":null,"harga_sewa_median":null,"harga_sewa_per_m2":null,"belanja_per_jam":null,"njop_m2":null,"opportunity_score":39.5,"hidden_gem_score":null,"kuadran":"HINDARI"}},{"type":"Feature","id":"898c1070543ffff","geometry":{"type":"Polygon","coordinates":[[[106.821248,-6.396382],[106.820832,-6.394651],[106.819058,-6.394216],[106.8177,-6.395513],[106.818116,-6.397244],[106.81989,-6.397678],[106.821248,-6.396382]]]},"properties":{"h3_index":"898c1070543ffff","kawasan":"Depok Baru","tingkat_keyakinan":"RENDAH","n_titik_misi":0,"data_source":"predicted","zona_izin_komersial":null,"indeks_churn":null,"harga_sewa_median":null,"harga_sewa_per_m2":null,"belanja_per_jam":null,"njop_m2":null,"opportunity_score":64.8,"hidden_gem_score":null,"kuadran":"HIDDEN_GEM"}},{"type":"Feature","id":"898c1070547ffff","geometry":{"type":"Polygon","coordinates":[[[106.818116,-6.397244],[106.8177,-6.395513],[106.815926,-6.395079],[106.814568,-6.396375],[106.814984,-6.398106],[106.816758,-6.398541],[106.818116,-6.397244]]]},"properties":{"h3_index":"898c1070547ffff","kawasan":"Depok Baru","tingkat_keyakinan":"RENDAH","n_titik_misi":0,"data_source":"predicted","zona_izin_komersial":null,"indeks_churn":null,"harga_sewa_median":null,"harga_sewa_per_m2":null,"belanja_per_jam":null,"njop_m2":null,"opportunity_score":41.6,"hidden_gem_score":null,"kuadran":"HINDARI"}},{"type":"Feature","id":"898c107054bffff","geometry":{"type":"Polygon","coordinates":[[[106.82219,-6.393354],[106.821774,-6.391623],[106.82,-6.391189],[106.818642,-6.392485],[106.819058,-6.394216],[106.820832,-6.394651],[106.82219,-6.393354]]]},"properties":{"h3_index":"898c107054bffff","kawasan":"Depok Baru","tingkat_keyakinan":"RENDAH","n_titik_misi":0,"data_source":"predicted","zona_izin_komersial":null,"indeks_churn":null,"harga_sewa_median":null,"harga_sewa_per_m2":null,"belanja_per_jam":null,"njop_m2":null,"opportunity_score":62.0,"hidden_gem_score":null,"kuadran":"HIDDEN_GEM"}},{"type":"Feature","id":"898c107054fffff","geometry":{"type":"Polygon","coordinates":[[[106.819058,-6.394216],[106.818642,-6.392485],[106.816867,-6.392051],[106.815509,-6.393348],[106.815926,-6.395079],[106.8177,-6.395513],[106.819058,-6.394216]]]},"properties":{"h3_index":"898c107054fffff","kawasan":"Depok Baru","tingkat_keyakinan":"RENDAH","n_titik_misi":0,"data_source":"predicted","zona_izin_komersial":null,"indeks_churn":null,"harga_sewa_median":null,"harga_sewa_per_m2":null,"belanja_per_jam":null,"njop_m2":null,"opportunity_score":53.6,"hidden_gem_score":null,"kuadran":"HIDDEN_GEM"}},{"type":"Feature","id":"898c1070553ffff","geometry":{"type":"Polygon","coordinates":[[[106.823439,-6.398547],[106.823022,-6.396816],[106.821248,-6.396382],[106.81989,-6.397678],[106.820306,-6.399409],[106.822081,-6.399844],[106.823439,-6.398547]]]},"properties":{"h3_index":"898c1070553ffff","kawasan":"Depok Baru","tingkat_keyakinan":"RENDAH","n_titik_misi":0,"data_source":"predicted","zona_izin_komersial":null,"indeks_churn":null,"harga_sewa_median":null,"harga_sewa_per_m2":null,"belanja_per_jam":null,"njop_m2":null,"opportunity_score":53.7,"hidden_gem_score":null,"kuadran":"HIDDEN_GEM"}},{"type":"Feature","id":"898c1070557ffff","geometry":{"type":"Polygon","coordinates":[[[106.820306,-6.399409],[106.81989,-6.397678],[106.818116,-6.397244],[106.816758,-6.398541],[106.817174,-6.400272],[106.818949,-6.400706],[106.820306,-6.399409]]]},"properties":{"h3_index":"898c1070557ffff","kawasan":"Depok Baru","tingkat_keyakinan":"RENDAH","n_titik_misi":0,"data_source":"predicted","zona_izin_komersial":null,"indeks_churn":null,"harga_sewa_median":null,"harga_sewa_per_m2":null,"belanja_per_jam":null,"njop_m2":null,"opportunity_score":60.8,"hidden_gem_score":null,"kuadran":"HIDDEN_GEM"}},{"type":"Feature","id":"898c107055bffff","geometry":{"type":"Polygon","coordinates":[[[106.82438,-6.395519],[106.823964,-6.393788],[106.82219,-6.393354],[106.820832,-6.394651],[106.821248,-6.396382],[106.823022,-6.396816],[106.82438,-6.395519]]]},"properties":{"h3_index":"898c107055bffff","kawasan":"Depok Baru","tingkat_keyakinan":"RENDAH","n_titik_misi":0,"data_source":"predicted","zona_izin_komersial":null,"indeks_churn":null,"harga_sewa_median":null,"harga_sewa_per_m2":null,"belanja_per_jam":null,"njop_m2":null,"opportunity_score":64.3,"hidden_gem_score":null,"kuadran":"HIDDEN_GEM"}},{"type":"Feature","id":"898c1070563ffff","geometry":{"type":"Polygon","coordinates":[[[106.812794,-6.395941],[106.812377,-6.39421],[106.810603,-6.393776],[106.809245,-6.395072],[106.809661,-6.396803],[106.811436,-6.397238],[106.812794,-6.395941]]]},"properties":{"h3_index":"898c1070563ffff","kawasan":"Depok Baru","tingkat_keyakinan":"RENDAH","n_titik_misi":0,"data_source":"predicted","zona_izin_komersial":null,"indeks_churn":null,"harga_sewa_median":null,"harga_sewa_per_m2":null,"belanja_per_jam":null,"njop_m2":null,"opportunity_score":42.2,"hidden_gem_score":null,"kuadran":"JEBAKAN_GENGSI"}},{"type":"Feature","id":"898c1070567ffff","geometry":{"type":"Polygon","coordinates":[[[106.809661,-6.396803],[106.809245,-6.395072],[106.807471,-6.394638],[106.806113,-6.395935],[106.806529,-6.397666],[106.808303,-6.3981],[106.809661,-6.396803]]]},"properties":{"h3_index":"898c1070567ffff","kawasan":"Depok Baru","tingkat_keyakinan":"RENDAH","n_titik_misi":0,"data_source":"predicted","zona_izin_komersial":null,"indeks_churn":null,"harga_sewa_median":null,"harga_sewa_per_m2":null,"belanja_per_jam":null,"njop_m2":null,"opportunity_score":48.0,"hidden_gem_score":null,"kuadran":"HIDDEN_GEM"}},{"type":"Feature","id":"898c107056bffff","geometry":{"type":"Polygon","coordinates":[[[106.813735,-6.392913],[106.813319,-6.391182],[106.811545,-6.390748],[106.810187,-6.392044],[106.810603,-6.393776],[106.812377,-6.39421],[106.813735,-6.392913]]]},"properties":{"h3_index":"898c107056bffff","kawasan":"Depok Baru","tingkat_keyakinan":"RENDAH","n_titik_misi":0,"data_source":"predicted","zona_izin_komersial":null,"indeks_churn":null,"harga_sewa_median":null,"harga_sewa_per_m2":null,"belanja_per_jam":null,"njop_m2":null,"opportunity_score":44.2,"hidden_gem_score":null,"kuadran":"PEMENANG_JELAS"}},{"type":"Feature","id":"898c107056fffff","geometry":{"type":"Polygon","coordinates":[[[106.810603,-6.393776],[106.810187,-6.392044],[106.808412,-6.39161],[106.807054,-6.392907],[106.807471,-6.394638],[106.809245,-6.395072],[106.810603,-6.393776]]]},"properties":{"h3_index":"898c107056fffff","kawasan":"Depok Baru","tingkat_keyakinan":"RENDAH","n_titik_misi":0,"data_source":"predicted","zona_izin_komersial":null,"indeks_churn":null,"harga_sewa_median":null,"harga_sewa_per_m2":null,"belanja_per_jam":null,"njop_m2":null,"opportunity_score":42.2,"hidden_gem_score":null,"kuadran":"JEBAKAN_GENGSI"}},{"type":"Feature","id":"898c1070573ffff","geometry":{"type":"Polygon","coordinates":[[[106.814984,-6.398106],[106.814568,-6.396375],[106.812794,-6.395941],[106.811436,-6.397238],[106.811852,-6.398969],[106.813626,-6.399403],[106.814984,-6.398106]]]},"properties":{"h3_index":"898c1070573ffff","kawasan":"Depok Baru","tingkat_keyakinan":"RENDAH","n_titik_misi":0,"data_source":"predicted","zona_izin_komersial":null,"indeks_churn":null,"harga_sewa_median":null,"harga_sewa_per_m2":null,"belanja_per_jam":null,"njop_m2":null,"opportunity_score":56.6,"hidden_gem_score":null,"kuadran":"HIDDEN_GEM"}},{"type":"Feature","id":"898c107057bffff","geometry":{"type":"Polygon","coordinates":[[[106.815926,-6.395079],[106.815509,-6.393348],[106.813735,-6.392913],[106.812377,-6.39421],[106.812794,-6.395941],[106.814568,-6.396375],[106.815926,-6.395079]]]},"properties":{"h3_index":"898c107057bffff","kawasan":"Depok Baru","tingkat_keyakinan":"RENDAH","n_titik_misi":0,"data_source":"predicted","zona_izin_komersial":null,"indeks_churn":null,"harga_sewa_median":null,"harga_sewa_per_m2":null,"belanja_per_jam":null,"njop_m2":null,"opportunity_score":60.9,"hidden_gem_score":null,"kuadran":"PEMENANG_JELAS"}},{"type":"Feature","id":"898c107058bffff","geometry":{"type":"Polygon","coordinates":[[[106.820613,-6.40763],[106.820197,-6.405899],[106.818423,-6.405465],[106.817065,-6.406761],[106.817481,-6.408492],[106.819255,-6.408926],[106.820613,-6.40763]]]},"properties":{"h3_index":"898c107058bffff","kawasan":"Depok Baru","tingkat_keyakinan":"RENDAH","n_titik_misi":0,"data_source":"predicted","zona_izin_komersial":null,"indeks_churn":null,"harga_sewa_median":null,"harga_sewa_per_m2":null,"belanja_per_jam":null,"njop_m2":null,"opportunity_score":56.6,"hidden_gem_score":null,"kuadran":"HIDDEN_GEM"}},{"type":"Feature","id":"898c107058fffff","geometry":{"type":"Polygon","coordinates":[[[106.817481,-6.408492],[106.817065,-6.406761],[106.815291,-6.406327],[106.813933,-6.407624],[106.814349,-6.409354],[106.816123,-6.409789],[106.817481,-6.408492]]]},"properties":{"h3_index":"898c107058fffff","kawasan":"Depok Baru","tingkat_keyakinan":"RENDAH","n_titik_misi":0,"data_source":"predicted","zona_izin_komersial":null,"indeks_churn":null,"harga_sewa_median":null,"harga_sewa_per_m2":null,"belanja_per_jam":null,"njop_m2":null,"opportunity_score":43.9,"hidden_gem_score":null,"kuadran":"HINDARI"}},{"type":"Feature","id":"898c10705abffff","geometry":{"type":"Polygon","coordinates":[[[106.812159,-6.407189],[106.811743,-6.405458],[106.809968,-6.405024],[106.80861,-6.406321],[106.809027,-6.408052],[106.810801,-6.408486],[106.812159,-6.407189]]]},"properties":{"h3_index":"898c10705abffff","kawasan":"Depok Baru","tingkat_keyakinan":"RENDAH","n_titik_misi":0,"data_source":"predicted","zona_izin_komersial":null,"indeks_churn":null,"harga_sewa_median":null,"harga_sewa_per_m2":null,"belanja_per_jam":null,"njop_m2":null,"opportunity_score":36.1,"hidden_gem_score":null,"kuadran":"JEBAKAN_GENGSI"}},{"type":"Feature","id":"898c10705c3ffff","geometry":{"type":"Polygon","coordinates":[[[106.824687,-6.40374],[106.824271,-6.402009],[106.822497,-6.401575],[106.821139,-6.402871],[106.821555,-6.404602],[106.823329,-6.405036],[106.824687,-6.40374]]]},"properties":{"h3_index":"898c10705c3ffff","kawasan":"Depok Baru","tingkat_keyakinan":"RENDAH","n_titik_misi":1,"data_source":"observed","zona_izin_komersial":null,"indeks_churn":null,"harga_sewa_median":null,"harga_sewa_per_m2":null,"belanja_per_jam":null,"njop_m2":null,"opportunity_score":54.6,"hidden_gem_score":0.712788024359912,"kuadran":"HIDDEN_GEM"}},{"type":"Feature","id":"898c10705cbffff","geometry":{"type":"Polygon","coordinates":[[[106.825629,-6.400712],[106.825213,-6.398981],[106.823439,-6.398547],[106.822081,-6.399844],[106.822497,-6.401575],[106.824271,-6.402009],[106.825629,-6.400712]]]},"properties":{"h3_index":"898c10705cbffff","kawasan":"Depok Baru","tingkat_keyakinan":"RENDAH","n_titik_misi":0,"data_source":"predicted","zona_izin_komersial":null,"indeks_churn":null,"harga_sewa_median":null,"harga_sewa_per_m2":null,"belanja_per_jam":null,"njop_m2":null,"opportunity_score":38.9,"hidden_gem_score":null,"kuadran":"HINDARI"}},{"type":"Feature","id":"898c10705cfffff","geometry":{"type":"Polygon","coordinates":[[[106.822497,-6.401575],[106.822081,-6.399844],[106.820306,-6.399409],[106.818949,-6.400706],[106.819365,-6.402437],[106.821139,-6.402871],[106.822497,-6.401575]]]},"properties":{"h3_index":"898c10705cfffff","kawasan":"Depok Baru","tingkat_keyakinan":"RENDAH","n_titik_misi":0,"data_source":"predicted","zona_izin_komersial":null,"indeks_churn":null,"harga_sewa_median":null,"harga_sewa_per_m2":null,"belanja_per_jam":null,"njop_m2":null,"opportunity_score":45.6,"hidden_gem_score":null,"kuadran":"HIDDEN_GEM"}},{"type":"Feature","id":"898c10705d3ffff","geometry":{"type":"Polygon","coordinates":[[[106.826877,-6.405905],[106.826461,-6.404174],[106.824687,-6.40374],[106.823329,-6.405036],[106.823745,-6.406767],[106.825519,-6.407201],[106.826877,-6.405905]]]},"properties":{"h3_index":"898c10705d3ffff","kawasan":"Depok Baru","tingkat_keyakinan":"RENDAH","n_titik_misi":0,"data_source":"predicted","zona_izin_komersial":null,"indeks_churn":null,"harga_sewa_median":null,"harga_sewa_per_m2":null,"belanja_per_jam":null,"njop_m2":null,"opportunity_score":36.2,"hidden_gem_score":null,"kuadran":"HINDARI"}},{"type":"Feature","id":"898c10705d7ffff","geometry":{"type":"Polygon","coordinates":[[[106.823745,-6.406767],[106.823329,-6.405036],[106.821555,-6.404602],[106.820197,-6.405899],[106.820613,-6.40763],[106.822387,-6.408064],[106.823745,-6.406767]]]},"properties":{"h3_index":"898c10705d7ffff","kawasan":"Depok Baru","tingkat_keyakinan":"RENDAH","n_titik_misi":0,"data_source":"predicted","zona_izin_komersial":null,"indeks_churn":null,"harga_sewa_median":null,"harga_sewa_per_m2":null,"belanja_per_jam":null,"njop_m2":null,"opportunity_score":33.9,"hidden_gem_score":null,"kuadran":"HINDARI"}},{"type":"Feature","id":"898c10706b7ffff","geometry":{"type":"Polygon","coordinates":[[[106.838792,-6.386014],[106.838376,-6.384283],[106.836602,-6.383849],[106.835244,-6.385146],[106.83566,-6.386877],[106.837434,-6.387311],[106.838792,-6.386014]]]},"properties":{"h3_index":"898c10706b7ffff","kawasan":"Depok Baru","tingkat_keyakinan":"RENDAH","n_titik_misi":0,"data_source":"predicted","zona_izin_komersial":null,"indeks_churn":null,"harga_sewa_median":null,"harga_sewa_per_m2":null,"belanja_per_jam":null,"njop_m2":null,"opportunity_score":25.7,"hidden_gem_score":null,"kuadran":"JEBAKAN_GENGSI"}},{"type":"Feature","id":"898c1073003ffff","geometry":{"type":"Polygon","coordinates":[[[106.881996,-6.385188],[106.88158,-6.383457],[106.879807,-6.383023],[106.878449,-6.384319],[106.878865,-6.38605],[106.880638,-6.386484],[106.881996,-6.385188]]]},"properties":{"h3_index":"898c1073003ffff","kawasan":"Harjamukti","tingkat_keyakinan":"RENDAH","n_titik_misi":0,"data_source":"predicted","zona_izin_komersial":null,"indeks_churn":null,"harga_sewa_median":null,"harga_sewa_per_m2":null,"belanja_per_jam":null,"njop_m2":null,"opportunity_score":36.5,"hidden_gem_score":null,"kuadran":"HINDARI"}},{"type":"Feature","id":"898c107300bffff","geometry":{"type":"Polygon","coordinates":[[[106.882938,-6.38216],[106.882522,-6.380429],[106.880749,-6.379995],[106.879391,-6.381292],[106.879807,-6.383023],[106.88158,-6.383457],[106.882938,-6.38216]]]},"properties":{"h3_index":"898c107300bffff","kawasan":"Harjamukti","tingkat_keyakinan":"RENDAH","n_titik_misi":0,"data_source":"predicted","zona_izin_komersial":null,"indeks_churn":null,"harga_sewa_median":null,"harga_sewa_per_m2":null,"belanja_per_jam":null,"njop_m2":null,"opportunity_score":36.2,"hidden_gem_score":null,"kuadran":"HINDARI"}},{"type":"Feature","id":"898c107300fffff","geometry":{"type":"Polygon","coordinates":[[[106.879807,-6.383023],[106.879391,-6.381292],[106.877618,-6.380858],[106.87626,-6.382154],[106.876676,-6.383885],[106.878449,-6.384319],[106.879807,-6.383023]]]},"properties":{"h3_index":"898c107300fffff","kawasan":"Harjamukti","tingkat_keyakinan":"RENDAH","n_titik_misi":0,"data_source":"predicted","zona_izin_komersial":null,"indeks_churn":null,"harga_sewa_median":null,"harga_sewa_per_m2":null,"belanja_per_jam":null,"njop_m2":null,"opportunity_score":34.9,"hidden_gem_score":null,"kuadran":"HINDARI"}},{"type":"Feature","id":"898c1073013ffff","geometry":{"type":"Polygon","coordinates":[[[106.884185,-6.387353],[106.883769,-6.385622],[106.881996,-6.385188],[106.880638,-6.386484],[106.881054,-6.388215],[106.882827,-6.388649],[106.884185,-6.387353]]]},"properties":{"h3_index":"898c1073013ffff","kawasan":"Harjamukti","tingkat_keyakinan":"RENDAH","n_titik_misi":0,"data_source":"predicted","zona_izin_komersial":null,"indeks_churn":null,"harga_sewa_median":null,"harga_sewa_per_m2":null,"belanja_per_jam":null,"njop_m2":null,"opportunity_score":47.7,"hidden_gem_score":null,"kuadran":"HIDDEN_GEM"}},{"type":"Feature","id":"898c107301bffff","geometry":{"type":"Polygon","coordinates":[[[106.885127,-6.384325],[106.884711,-6.382594],[106.882938,-6.38216],[106.88158,-6.383457],[106.881996,-6.385188],[106.883769,-6.385622],[106.885127,-6.384325]]]},"properties":{"h3_index":"898c107301bffff","kawasan":"Harjamukti","tingkat_keyakinan":"RENDAH","n_titik_misi":0,"data_source":"predicted","zona_izin_komersial":null,"indeks_churn":null,"harga_sewa_median":null,"harga_sewa_per_m2":null,"belanja_per_jam":null,"njop_m2":null,"opportunity_score":37.7,"hidden_gem_score":null,"kuadran":"HINDARI"}},{"type":"Feature","id":"898c1073043ffff","geometry":{"type":"Polygon","coordinates":[[[106.887011,-6.37827],[106.886595,-6.376539],[106.884822,-6.376105],[106.883464,-6.377402],[106.88388,-6.379133],[106.885653,-6.379567],[106.887011,-6.37827]]]},"properties":{"h3_index":"898c1073043ffff","kawasan":"Harjamukti","tingkat_keyakinan":"RENDAH","n_titik_misi":0,"data_source":"predicted","zona_izin_komersial":null,"indeks_churn":null,"harga_sewa_median":null,"harga_sewa_per_m2":null,"belanja_per_jam":null,"njop_m2":null,"opportunity_score":41.2,"hidden_gem_score":null,"kuadran":"HINDARI"}},{"type":"Feature","id":"898c1073047ffff","geometry":{"type":"Polygon","coordinates":[[[106.88388,-6.379133],[106.883464,-6.377402],[106.881691,-6.376967],[106.880333,-6.378264],[106.880749,-6.379995],[106.882522,-6.380429],[106.88388,-6.379133]]]},"properties":{"h3_index":"898c1073047ffff","kawasan":"Harjamukti","tingkat_keyakinan":"RENDAH","n_titik_misi":0,"data_source":"predicted","zona_izin_komersial":null,"indeks_churn":null,"harga_sewa_median":null,"harga_sewa_per_m2":null,"belanja_per_jam":null,"njop_m2":null,"opportunity_score":39.5,"hidden_gem_score":null,"kuadran":"HINDARI"}},{"type":"Feature","id":"898c107304bffff","geometry":{"type":"Polygon","coordinates":[[[106.887953,-6.375242],[106.887537,-6.373511],[106.885764,-6.373077],[106.884406,-6.374374],[106.884822,-6.376105],[106.886595,-6.376539],[106.887953,-6.375242]]]},"properties":{"h3_index":"898c107304bffff","kawasan":"Harjamukti","tingkat_keyakinan":"RENDAH","n_titik_misi":0,"data_source":"predicted","zona_izin_komersial":null,"indeks_churn":null,"harga_sewa_median":null,"harga_sewa_per_m2":null,"belanja_per_jam":null,"njop_m2":null,"opportunity_score":41.7,"hidden_gem_score":null,"kuadran":"JEBAKAN_GENGSI"}},{"type":"Feature","id":"898c107304fffff","geometry":{"type":"Polygon","coordinates":[[[106.884822,-6.376105],[106.884406,-6.374374],[106.882633,-6.37394],[106.881275,-6.375236],[106.881691,-6.376967],[106.883464,-6.377402],[106.884822,-6.376105]]]},"properties":{"h3_index":"898c107304fffff","kawasan":"Harjamukti","tingkat_keyakinan":"RENDAH","n_titik_misi":0,"data_source":"predicted","zona_izin_komersial":null,"indeks_churn":null,"harga_sewa_median":null,"harga_sewa_per_m2":null,"belanja_per_jam":null,"njop_m2":null,"opportunity_score":34.8,"hidden_gem_score":null,"kuadran":"HINDARI"}},{"type":"Feature","id":"898c1073053ffff","geometry":{"type":"Polygon","coordinates":[[[106.8892,-6.380435],[106.888784,-6.378704],[106.887011,-6.37827],[106.885653,-6.379567],[106.886069,-6.381298],[106.887842,-6.381732],[106.8892,-6.380435]]]},"properties":{"h3_index":"898c1073053ffff","kawasan":"Harjamukti","tingkat_keyakinan":"RENDAH","n_titik_misi":0,"data_source":"predicted","zona_izin_komersial":null,"indeks_churn":null,"harga_sewa_median":null,"harga_sewa_per_m2":null,"belanja_per_jam":null,"njop_m2":null,"opportunity_score":42.1,"hidden_gem_score":null,"kuadran":"HINDARI"}},{"type":"Feature","id":"898c1073057ffff","geometry":{"type":"Polygon","coordinates":[[[106.886069,-6.381298],[106.885653,-6.379567],[106.88388,-6.379133],[106.882522,-6.380429],[106.882938,-6.38216],[106.884711,-6.382594],[106.886069,-6.381298]]]},"properties":{"h3_index":"898c1073057ffff","kawasan":"Harjamukti","tingkat_keyakinan":"RENDAH","n_titik_misi":0,"data_source":"predicted","zona_izin_komersial":null,"indeks_churn":null,"harga_sewa_median":null,"harga_sewa_per_m2":null,"belanja_per_jam":null,"njop_m2":null,"opportunity_score":39.9,"hidden_gem_score":null,"kuadran":"HINDARI"}},{"type":"Feature","id":"898c107305bffff","geometry":{"type":"Polygon","coordinates":[[[106.890142,-6.377407],[106.889726,-6.375677],[106.887953,-6.375242],[106.886595,-6.376539],[106.887011,-6.37827],[106.888784,-6.378704],[106.890142,-6.377407]]]},"properties":{"h3_index":"898c107305bffff","kawasan":"Harjamukti","tingkat_keyakinan":"RENDAH","n_titik_misi":0,"data_source":"predicted","zona_izin_komersial":null,"indeks_churn":null,"harga_sewa_median":null,"harga_sewa_per_m2":null,"belanja_per_jam":null,"njop_m2":null,"opportunity_score":42.6,"hidden_gem_score":null,"kuadran":"HINDARI"}},{"type":"Feature","id":"898c107306bffff","geometry":{"type":"Polygon","coordinates":[[[106.879502,-6.374802],[106.879086,-6.373071],[106.877312,-6.372637],[106.875955,-6.373934],[106.87637,-6.375665],[106.878144,-6.376099],[106.879502,-6.374802]]]},"properties":{"h3_index":"898c107306bffff","kawasan":"Harjamukti","tingkat_keyakinan":"RENDAH","n_titik_misi":0,"data_source":"predicted","zona_izin_komersial":null,"indeks_churn":null,"harga_sewa_median":null,"harga_sewa_per_m2":null,"belanja_per_jam":null,"njop_m2":null,"opportunity_score":34.2,"hidden_gem_score":null,"kuadran":"JEBAKAN_GENGSI"}},{"type":"Feature","id":"898c1073073ffff","geometry":{"type":"Polygon","coordinates":[[[106.880749,-6.379995],[106.880333,-6.378264],[106.87856,-6.37783],[106.877202,-6.379127],[106.877618,-6.380858],[106.879391,-6.381292],[106.880749,-6.379995]]]},"properties":{"h3_index":"898c1073073ffff","kawasan":"Harjamukti","tingkat_keyakinan":"RENDAH","n_titik_misi":0,"data_source":"predicted","zona_izin_komersial":null,"indeks_churn":null,"harga_sewa_median":null,"harga_sewa_per_m2":null,"belanja_per_jam":null,"njop_m2":null,"opportunity_score":36.5,"hidden_gem_score":null,"kuadran":"HINDARI"}},{"type":"Feature","id":"898c1073077ffff","geometry":{"type":"Polygon","coordinates":[[[106.877618,-6.380858],[106.877202,-6.379127],[106.875428,-6.378692],[106.874071,-6.379989],[106.874486,-6.38172],[106.87626,-6.382154],[106.877618,-6.380858]]]},"properties":{"h3_index":"898c1073077ffff","kawasan":"Harjamukti","tingkat_keyakinan":"RENDAH","n_titik_misi":0,"data_source":"predicted","zona_izin_komersial":null,"indeks_churn":null,"harga_sewa_median":null,"harga_sewa_per_m2":null,"belanja_per_jam":null,"njop_m2":null,"opportunity_score":33.8,"hidden_gem_score":null,"kuadran":"HINDARI"}},{"type":"Feature","id":"898c107307bffff","geometry":{"type":"Polygon","coordinates":[[[106.881691,-6.376967],[106.881275,-6.375236],[106.879502,-6.374802],[106.878144,-6.376099],[106.87856,-6.37783],[106.880333,-6.378264],[106.881691,-6.376967]]]},"properties":{"h3_index":"898c107307bffff","kawasan":"Harjamukti","tingkat_keyakinan":"RENDAH","n_titik_misi":0,"data_source":"predicted","zona_izin_komersial":null,"indeks_churn":null,"harga_sewa_median":null,"harga_sewa_per_m2":null,"belanja_per_jam":null,"njop_m2":null,"opportunity_score":34.7,"hidden_gem_score":null,"kuadran":"HINDARI"}},{"type":"Feature","id":"898c107308bffff","geometry":{"type":"Polygon","coordinates":[[[106.886374,-6.389518],[106.885958,-6.387787],[106.884185,-6.387353],[106.882827,-6.388649],[106.883243,-6.39038],[106.885016,-6.390814],[106.886374,-6.389518]]]},"properties":{"h3_index":"898c107308bffff","kawasan":"Harjamukti","tingkat_keyakinan":"RENDAH","n_titik_misi":0,"data_source":"predicted","zona_izin_komersial":null,"indeks_churn":null,"harga_sewa_median":null,"harga_sewa_per_m2":null,"belanja_per_jam":null,"njop_m2":null,"opportunity_score":35.4,"hidden_gem_score":null,"kuadran":"JEBAKAN_GENGSI"}},{"type":"Feature","id":"898c107309bffff","geometry":{"type":"Polygon","coordinates":[[[106.888563,-6.391682],[106.888147,-6.389952],[106.886374,-6.389518],[106.885016,-6.390814],[106.885432,-6.392545],[106.887205,-6.392979],[106.888563,-6.391682]]]},"properties":{"h3_index":"898c107309bffff","kawasan":"Harjamukti","tingkat_keyakinan":"RENDAH","n_titik_misi":0,"data_source":"predicted","zona_izin_komersial":null,"indeks_churn":null,"harga_sewa_median":null,"harga_sewa_per_m2":null,"belanja_per_jam":null,"njop_m2":null,"opportunity_score":36.9,"hidden_gem_score":null,"kuadran":"JEBAKAN_GENGSI"}},{"type":"Feature","id":"898c10730c3ffff","geometry":{"type":"Polygon","coordinates":[[[106.890447,-6.385628],[106.890031,-6.383897],[106.888258,-6.383463],[106.8869,-6.384759],[106.887316,-6.38649],[106.889089,-6.386924],[106.890447,-6.385628]]]},"properties":{"h3_index":"898c10730c3ffff","kawasan":"Harjamukti","tingkat_keyakinan":"RENDAH","n_titik_misi":0,"data_source":"predicted","zona_izin_komersial":null,"indeks_churn":null,"harga_sewa_median":null,"harga_sewa_per_m2":null,"belanja_per_jam":null,"njop_m2":null,"opportunity_score":41.8,"hidden_gem_score":null,"kuadran":"HINDARI"}},{"type":"Feature","id":"898c10730c7ffff","geometry":{"type":"Polygon","coordinates":[[[106.887316,-6.38649],[106.8869,-6.384759],[106.885127,-6.384325],[106.883769,-6.385622],[106.884185,-6.387353],[106.885958,-6.387787],[106.887316,-6.38649]]]},"properties":{"h3_index":"898c10730c7ffff","kawasan":"Harjamukti","tingkat_keyakinan":"RENDAH","n_titik_misi":0,"data_source":"predicted","zona_izin_komersial":null,"indeks_churn":null,"harga_sewa_median":null,"harga_sewa_per_m2":null,"belanja_per_jam":null,"njop_m2":null,"opportunity_score":37.7,"hidden_gem_score":null,"kuadran":"HINDARI"}},{"type":"Feature","id":"898c10730cbffff","geometry":{"type":"Polygon","coordinates":[[[106.891389,-6.3826],[106.890973,-6.380869],[106.8892,-6.380435],[106.887842,-6.381732],[106.888258,-6.383463],[106.890031,-6.383897],[106.891389,-6.3826]]]},"properties":{"h3_index":"898c10730cbffff","kawasan":"Harjamukti","tingkat_keyakinan":"RENDAH","n_titik_misi":0,"data_source":"predicted","zona_izin_komersial":null,"indeks_churn":null,"harga_sewa_median":null,"harga_sewa_per_m2":null,"belanja_per_jam":null,"njop_m2":null,"opportunity_score":41.7,"hidden_gem_score":null,"kuadran":"HINDARI"}},{"type":"Feature","id":"898c10730cfffff","geometry":{"type":"Polygon","coordinates":[[[106.888258,-6.383463],[106.887842,-6.381732],[106.886069,-6.381298],[106.884711,-6.382594],[106.885127,-6.384325],[106.8869,-6.384759],[106.888258,-6.383463]]]},"properties":{"h3_index":"898c10730cfffff","kawasan":"Harjamukti","tingkat_keyakinan":"RENDAH","n_titik_misi":0,"data_source":"predicted","zona_izin_komersial":null,"indeks_churn":null,"harga_sewa_median":null,"harga_sewa_per_m2":null,"belanja_per_jam":null,"njop_m2":null,"opportunity_score":41.5,"hidden_gem_score":null,"kuadran":"HINDARI"}},{"type":"Feature","id":"898c10730d3ffff","geometry":{"type":"Polygon","coordinates":[[[106.892636,-6.387792],[106.89222,-6.386062],[106.890447,-6.385628],[106.889089,-6.386924],[106.889505,-6.388655],[106.891278,-6.389089],[106.892636,-6.387792]]]},"properties":{"h3_index":"898c10730d3ffff","kawasan":"Harjamukti","tingkat_keyakinan":"RENDAH","n_titik_misi":0,"data_source":"predicted","zona_izin_komersial":null,"indeks_churn":null,"harga_sewa_median":null,"harga_sewa_per_m2":null,"belanja_per_jam":null,"njop_m2":null,"opportunity_score":39.5,"hidden_gem_score":null,"kuadran":"HINDARI"}},{"type":"Feature","id":"898c10730d7ffff","geometry":{"type":"Polygon","coordinates":[[[106.889505,-6.388655],[106.889089,-6.386924],[106.887316,-6.38649],[106.885958,-6.387787],[106.886374,-6.389518],[106.888147,-6.389952],[106.889505,-6.388655]]]},"properties":{"h3_index":"898c10730d7ffff","kawasan":"Harjamukti","tingkat_keyakinan":"RENDAH","n_titik_misi":0,"data_source":"predicted","zona_izin_komersial":null,"indeks_churn":null,"harga_sewa_median":null,"harga_sewa_per_m2":null,"belanja_per_jam":null,"njop_m2":null,"opportunity_score":39.2,"hidden_gem_score":null,"kuadran":"HINDARI"}},{"type":"Feature","id":"898c10730dbffff","geometry":{"type":"Polygon","coordinates":[[[106.893578,-6.384765],[106.893162,-6.383034],[106.891389,-6.3826],[106.890031,-6.383897],[106.890447,-6.385628],[106.89222,-6.386062],[106.893578,-6.384765]]]},"properties":{"h3_index":"898c10730dbffff","kawasan":"Harjamukti","tingkat_keyakinan":"RENDAH","n_titik_misi":0,"data_source":"predicted","zona_izin_komersial":null,"indeks_churn":null,"harga_sewa_median":null,"harga_sewa_per_m2":null,"belanja_per_jam":null,"njop_m2":null,"opportunity_score":42.0,"hidden_gem_score":null,"kuadran":"HINDARI"}},{"type":"Feature","id":"898c1073203ffff","geometry":{"type":"Polygon","coordinates":[[[106.88859,-6.363993],[106.888174,-6.362262],[106.886401,-6.361828],[106.885043,-6.363125],[106.885459,-6.364856],[106.887232,-6.36529],[106.88859,-6.363993]]]},"properties":{"h3_index":"898c1073203ffff","kawasan":"Harjamukti","tingkat_keyakinan":"RENDAH","n_titik_misi":0,"data_source":"predicted","zona_izin_komersial":true,"indeks_churn":null,"harga_sewa_median":null,"harga_sewa_per_m2":null,"belanja_per_jam":null,"njop_m2":null,"opportunity_score":43.2,"hidden_gem_score":null,"kuadran":"JEBAKAN_GENGSI"}},{"type":"Feature","id":"898c1073207ffff","geometry":{"type":"Polygon","coordinates":[[[106.885459,-6.364856],[106.885043,-6.363125],[106.88327,-6.36269],[106.881912,-6.363987],[106.882328,-6.365718],[106.884101,-6.366153],[106.885459,-6.364856]]]},"properties":{"h3_index":"898c1073207ffff","kawasan":"Harjamukti","tingkat_keyakinan":"RENDAH","n_titik_misi":0,"data_source":"predicted","zona_izin_komersial":true,"indeks_churn":null,"harga_sewa_median":null,"harga_sewa_per_m2":null,"belanja_per_jam":null,"njop_m2":null,"opportunity_score":43.6,"hidden_gem_score":null,"kuadran":"HINDARI"}},{"type":"Feature","id":"898c107320bffff","geometry":{"type":"Polygon","coordinates":[[[106.889532,-6.360965],[106.889116,-6.359234],[106.887343,-6.3588],[106.885985,-6.360096],[106.886401,-6.361828],[106.888174,-6.362262],[106.889532,-6.360965]]]},"properties":{"h3_index":"898c107320bffff","kawasan":"Harjamukti","tingkat_keyakinan":"RENDAH","n_titik_misi":0,"data_source":"predicted","zona_izin_komersial":true,"indeks_churn":null,"harga_sewa_median":null,"harga_sewa_per_m2":null,"belanja_per_jam":null,"njop_m2":null,"opportunity_score":42.0,"hidden_gem_score":null,"kuadran":"JEBAKAN_GENGSI"}},{"type":"Feature","id":"898c107320fffff","geometry":{"type":"Polygon","coordinates":[[[106.886401,-6.361828],[106.885985,-6.360096],[106.884212,-6.359662],[106.882854,-6.360959],[106.88327,-6.36269],[106.885043,-6.363125],[106.886401,-6.361828]]]},"properties":{"h3_index":"898c107320fffff","kawasan":"Harjamukti","tingkat_keyakinan":"RENDAH","n_titik_misi":0,"data_source":"predicted","zona_izin_komersial":true,"indeks_churn":null,"harga_sewa_median":null,"harga_sewa_per_m2":null,"belanja_per_jam":null,"njop_m2":null,"opportunity_score":20.8,"hidden_gem_score":null,"kuadran":"JEBAKAN_GENGSI"}},{"type":"Feature","id":"898c1073213ffff","geometry":{"type":"Polygon","coordinates":[[[106.890779,-6.366159],[106.890363,-6.364428],[106.88859,-6.363993],[106.887232,-6.36529],[106.887648,-6.367021],[106.889421,-6.367456],[106.890779,-6.366159]]]},"properties":{"h3_index":"898c1073213ffff","kawasan":"Harjamukti","tingkat_keyakinan":"RENDAH","n_titik_misi":0,"data_source":"predicted","zona_izin_komersial":true,"indeks_churn":null,"harga_sewa_median":null,"harga_sewa_per_m2":null,"belanja_per_jam":null,"njop_m2":null,"opportunity_score":53.1,"hidden_gem_score":0.544212682443278,"kuadran":"HIDDEN_GEM"}},{"type":"Feature","id":"898c1073217ffff","geometry":{"type":"Polygon","coordinates":[[[106.887648,-6.367021],[106.887232,-6.36529],[106.885459,-6.364856],[106.884101,-6.366153],[106.884517,-6.367884],[106.88629,-6.368318],[106.887648,-6.367021]]]},"properties":{"h3_index":"898c1073217ffff","kawasan":"Harjamukti","tingkat_keyakinan":"RENDAH","n_titik_misi":0,"data_source":"predicted","zona_izin_komersial":true,"indeks_churn":null,"harga_sewa_median":null,"harga_sewa_per_m2":null,"belanja_per_jam":null,"njop_m2":null,"opportunity_score":42.1,"hidden_gem_score":null,"kuadran":"JEBAKAN_GENGSI"}},{"type":"Feature","id":"898c107321bffff","geometry":{"type":"Polygon","coordinates":[[[106.891721,-6.363131],[106.891306,-6.3614],[106.889532,-6.360965],[106.888174,-6.362262],[106.88859,-6.363993],[106.890363,-6.364428],[106.891721,-6.363131]]]},"properties":{"h3_index":"898c107321bffff","kawasan":"Harjamukti","tingkat_keyakinan":"RENDAH","n_titik_misi":0,"data_source":"predicted","zona_izin_komersial":null,"indeks_churn":null,"harga_sewa_median":null,"harga_sewa_per_m2":null,"belanja_per_jam":null,"njop_m2":null,"opportunity_score":44.3,"hidden_gem_score":null,"kuadran":"PEMENANG_JELAS"}},{"type":"Feature","id":"898c1073233ffff","geometry":{"type":"Polygon","coordinates":[[[106.882328,-6.365718],[106.881912,-6.363987],[106.880138,-6.363553],[106.878781,-6.36485],[106.879196,-6.366581],[106.88097,-6.367015],[106.882328,-6.365718]]]},"properties":{"h3_index":"898c1073233ffff","kawasan":"Harjamukti","tingkat_keyakinan":"RENDAH","n_titik_misi":0,"data_source":"predicted","zona_izin_komersial":null,"indeks_churn":null,"harga_sewa_median":null,"harga_sewa_per_m2":null,"belanja_per_jam":null,"njop_m2":null,"opportunity_score":36.2,"hidden_gem_score":null,"kuadran":"HINDARI"}},{"type":"Feature","id":"898c107323bffff","geometry":{"type":"Polygon","coordinates":[[[106.88327,-6.36269],[106.882854,-6.360959],[106.88108,-6.360525],[106.879723,-6.361821],[106.880138,-6.363553],[106.881912,-6.363987],[106.88327,-6.36269]]]},"properties":{"h3_index":"898c107323bffff","kawasan":"Harjamukti","tingkat_keyakinan":"RENDAH","n_titik_misi":0,"data_source":"predicted","zona_izin_komersial":null,"indeks_churn":null,"harga_sewa_median":null,"harga_sewa_per_m2":null,"belanja_per_jam":null,"njop_m2":null,"opportunity_score":41.5,"hidden_gem_score":null,"kuadran":"HINDARI"}},{"type":"Feature","id":"898c1073253ffff","geometry":{"type":"Polygon","coordinates":[[[106.895794,-6.35924],[106.895379,-6.357509],[106.893605,-6.357075],[106.892248,-6.358371],[106.892663,-6.360103],[106.894437,-6.360537],[106.895794,-6.35924]]]},"properties":{"h3_index":"898c1073253ffff","kawasan":"Harjamukti","tingkat_keyakinan":"RENDAH","n_titik_misi":0,"data_source":"predicted","zona_izin_komersial":null,"indeks_churn":null,"harga_sewa_median":null,"harga_sewa_per_m2":null,"belanja_per_jam":null,"njop_m2":null,"opportunity_score":28.7,"hidden_gem_score":null,"kuadran":"HINDARI"}},{"type":"Feature","id":"898c1073257ffff","geometry":{"type":"Polygon","coordinates":[[[106.892663,-6.360103],[106.892248,-6.358371],[106.890474,-6.357937],[106.889116,-6.359234],[106.889532,-6.360965],[106.891306,-6.3614],[106.892663,-6.360103]]]},"properties":{"h3_index":"898c1073257ffff","kawasan":"Harjamukti","tingkat_keyakinan":"RENDAH","n_titik_misi":0,"data_source":"predicted","zona_izin_komersial":null,"indeks_churn":null,"harga_sewa_median":null,"harga_sewa_per_m2":null,"belanja_per_jam":null,"njop_m2":null,"opportunity_score":40.9,"hidden_gem_score":null,"kuadran":"JEBAKAN_GENGSI"}},{"type":"Feature","id":"898c1073283ffff","geometry":{"type":"Polygon","coordinates":[[[106.892026,-6.371352],[106.89161,-6.369621],[106.889837,-6.369187],[106.888479,-6.370484],[106.888895,-6.372215],[106.890668,-6.372649],[106.892026,-6.371352]]]},"properties":{"h3_index":"898c1073283ffff","kawasan":"Harjamukti","tingkat_keyakinan":"RENDAH","n_titik_misi":0,"data_source":"predicted","zona_izin_komersial":null,"indeks_churn":null,"harga_sewa_median":null,"harga_sewa_per_m2":null,"belanja_per_jam":null,"njop_m2":null,"opportunity_score":61.1,"hidden_gem_score":null,"kuadran":"HIDDEN_GEM"}},{"type":"Feature","id":"898c1073287ffff","geometry":{"type":"Polygon","coordinates":[[[106.888895,-6.372215],[106.888479,-6.370484],[106.886706,-6.370049],[106.885348,-6.371346],[106.885764,-6.373077],[106.887537,-6.373511],[106.888895,-6.372215]]]},"properties":{"h3_index":"898c1073287ffff","kawasan":"Harjamukti","tingkat_keyakinan":"RENDAH","n_titik_misi":0,"data_source":"predicted","zona_izin_komersial":null,"indeks_churn":null,"harga_sewa_median":null,"harga_sewa_per_m2":null,"belanja_per_jam":null,"njop_m2":null,"opportunity_score":46.4,"hidden_gem_score":null,"kuadran":"PEMENANG_JELAS"}},{"type":"Feature","id":"898c107328bffff","geometry":{"type":"Polygon","coordinates":[[[106.892968,-6.368324],[106.892552,-6.366593],[106.890779,-6.366159],[106.889421,-6.367456],[106.889837,-6.369187],[106.89161,-6.369621],[106.892968,-6.368324]]]},"properties":{"h3_index":"898c107328bffff","kawasan":"Harjamukti","tingkat_keyakinan":"RENDAH","n_titik_misi":0,"data_source":"predicted","zona_izin_komersial":null,"indeks_churn":null,"harga_sewa_median":null,"harga_sewa_per_m2":null,"belanja_per_jam":null,"njop_m2":null,"opportunity_score":62.4,"hidden_gem_score":null,"kuadran":"PEMENANG_JELAS"}},{"type":"Feature","id":"898c107328fffff","geometry":{"type":"Polygon","coordinates":[[[106.889837,-6.369187],[106.889421,-6.367456],[106.887648,-6.367021],[106.88629,-6.368318],[106.886706,-6.370049],[106.888479,-6.370484],[106.889837,-6.369187]]]},"properties":{"h3_index":"898c107328fffff","kawasan":"Harjamukti","tingkat_keyakinan":"RENDAH","n_titik_misi":1,"data_source":"observed","zona_izin_komersial":null,"indeks_churn":null,"harga_sewa_median":null,"harga_sewa_per_m2":null,"belanja_per_jam":null,"njop_m2":null,"opportunity_score":31.3,"hidden_gem_score":null,"kuadran":"JEBAKAN_GENGSI"}},{"type":"Feature","id":"898c1073293ffff","geometry":{"type":"Polygon","coordinates":[[[106.894215,-6.373517],[106.893799,-6.371786],[106.892026,-6.371352],[106.890668,-6.372649],[106.891084,-6.37438],[106.892857,-6.374814],[106.894215,-6.373517]]]},"properties":{"h3_index":"898c1073293ffff","kawasan":"Harjamukti","tingkat_keyakinan":"RENDAH","n_titik_misi":0,"data_source":"predicted","zona_izin_komersial":null,"indeks_churn":null,"harga_sewa_median":null,"harga_sewa_per_m2":null,"belanja_per_jam":null,"njop_m2":null,"opportunity_score":66.4,"hidden_gem_score":null,"kuadran":"HIDDEN_GEM"}},{"type":"Feature","id":"898c1073297ffff","geometry":{"type":"Polygon","coordinates":[[[106.891084,-6.37438],[106.890668,-6.372649],[106.888895,-6.372215],[106.887537,-6.373511],[106.887953,-6.375242],[106.889726,-6.375677],[106.891084,-6.37438]]]},"properties":{"h3_index":"898c1073297ffff","kawasan":"Harjamukti","tingkat_keyakinan":"RENDAH","n_titik_misi":0,"data_source":"predicted","zona_izin_komersial":null,"indeks_churn":null,"harga_sewa_median":null,"harga_sewa_per_m2":null,"belanja_per_jam":null,"njop_m2":null,"opportunity_score":44.5,"hidden_gem_score":null,"kuadran":"HIDDEN_GEM"}},{"type":"Feature","id":"898c107329bffff","geometry":{"type":"Polygon","coordinates":[[[106.895157,-6.370489],[106.894741,-6.368758],[106.892968,-6.368324],[106.89161,-6.369621],[106.892026,-6.371352],[106.893799,-6.371786],[106.895157,-6.370489]]]},"properties":{"h3_index":"898c107329bffff","kawasan":"Harjamukti","tingkat_keyakinan":"RENDAH","n_titik_misi":0,"data_source":"predicted","zona_izin_komersial":true,"indeks_churn":null,"harga_sewa_median":null,"harga_sewa_per_m2":null,"belanja_per_jam":null,"njop_m2":null,"opportunity_score":67.3,"hidden_gem_score":0.573085882592827,"kuadran":"HIDDEN_GEM"}},{"type":"Feature","id":"898c10732a3ffff","geometry":{"type":"Polygon","coordinates":[[[106.883575,-6.370912],[106.883159,-6.369181],[106.881386,-6.368746],[106.880028,-6.370043],[106.880444,-6.371774],[106.882217,-6.372209],[106.883575,-6.370912]]]},"properties":{"h3_index":"898c10732a3ffff","kawasan":"Harjamukti","tingkat_keyakinan":"RENDAH","n_titik_misi":0,"data_source":"predicted","zona_izin_komersial":null,"indeks_churn":null,"harga_sewa_median":null,"harga_sewa_per_m2":null,"belanja_per_jam":null,"njop_m2":null,"opportunity_score":43.6,"hidden_gem_score":null,"kuadran":"JEBAKAN_GENGSI"}},{"type":"Feature","id":"898c10732a7ffff","geometry":{"type":"Polygon","coordinates":[[[106.880444,-6.371774],[106.880028,-6.370043],[106.878254,-6.369609],[106.876897,-6.370906],[106.877312,-6.372637],[106.879086,-6.373071],[106.880444,-6.371774]]]},"properties":{"h3_index":"898c10732a7ffff","kawasan":"Harjamukti","tingkat_keyakinan":"RENDAH","n_titik_misi":0,"data_source":"predicted","zona_izin_komersial":null,"indeks_churn":null,"harga_sewa_median":null,"harga_sewa_per_m2":null,"belanja_per_jam":null,"njop_m2":null,"opportunity_score":15.8,"hidden_gem_score":null,"kuadran":"JEBAKAN_GENGSI"}},{"type":"Feature","id":"898c10732abffff","geometry":{"type":"Polygon","coordinates":[[[106.884517,-6.367884],[106.884101,-6.366153],[106.882328,-6.365718],[106.88097,-6.367015],[106.881386,-6.368746],[106.883159,-6.369181],[106.884517,-6.367884]]]},"properties":{"h3_index":"898c10732abffff","kawasan":"Harjamukti","tingkat_keyakinan":"RENDAH","n_titik_misi":0,"data_source":"predicted","zona_izin_komersial":null,"indeks_churn":null,"harga_sewa_median":null,"harga_sewa_per_m2":null,"belanja_per_jam":null,"njop_m2":null,"opportunity_score":39.1,"hidden_gem_score":null,"kuadran":"HINDARI"}},{"type":"Feature","id":"898c10732afffff","geometry":{"type":"Polygon","coordinates":[[[106.881386,-6.368746],[106.88097,-6.367015],[106.879196,-6.366581],[106.877839,-6.367878],[106.878254,-6.369609],[106.880028,-6.370043],[106.881386,-6.368746]]]},"properties":{"h3_index":"898c10732afffff","kawasan":"Harjamukti","tingkat_keyakinan":"RENDAH","n_titik_misi":0,"data_source":"predicted","zona_izin_komersial":null,"indeks_churn":null,"harga_sewa_median":null,"harga_sewa_per_m2":null,"belanja_per_jam":null,"njop_m2":null,"opportunity_score":37.5,"hidden_gem_score":null,"kuadran":"HINDARI"}},{"type":"Feature","id":"898c10732b3ffff","geometry":{"type":"Polygon","coordinates":[[[106.885764,-6.373077],[106.885348,-6.371346],[106.883575,-6.370912],[106.882217,-6.372209],[106.882633,-6.37394],[106.884406,-6.374374],[106.885764,-6.373077]]]},"properties":{"h3_index":"898c10732b3ffff","kawasan":"Harjamukti","tingkat_keyakinan":"RENDAH","n_titik_misi":0,"data_source":"predicted","zona_izin_komersial":null,"indeks_churn":null,"harga_sewa_median":null,"harga_sewa_per_m2":null,"belanja_per_jam":null,"njop_m2":null,"opportunity_score":42.8,"hidden_gem_score":null,"kuadran":"HINDARI"}},{"type":"Feature","id":"898c10732b7ffff","geometry":{"type":"Polygon","coordinates":[[[106.882633,-6.37394],[106.882217,-6.372209],[106.880444,-6.371774],[106.879086,-6.373071],[106.879502,-6.374802],[106.881275,-6.375236],[106.882633,-6.37394]]]},"properties":{"h3_index":"898c10732b7ffff","kawasan":"Harjamukti","tingkat_keyakinan":"RENDAH","n_titik_misi":0,"data_source":"predicted","zona_izin_komersial":null,"indeks_churn":null,"harga_sewa_median":null,"harga_sewa_per_m2":null,"belanja_per_jam":null,"njop_m2":null,"opportunity_score":34.0,"hidden_gem_score":null,"kuadran":"JEBAKAN_GENGSI"}},{"type":"Feature","id":"898c10732bbffff","geometry":{"type":"Polygon","coordinates":[[[106.886706,-6.370049],[106.88629,-6.368318],[106.884517,-6.367884],[106.883159,-6.369181],[106.883575,-6.370912],[106.885348,-6.371346],[106.886706,-6.370049]]]},"properties":{"h3_index":"898c10732bbffff","kawasan":"Harjamukti","tingkat_keyakinan":"RENDAH","n_titik_misi":0,"data_source":"predicted","zona_izin_komersial":null,"indeks_churn":null,"harga_sewa_median":null,"harga_sewa_per_m2":null,"belanja_per_jam":null,"njop_m2":null,"opportunity_score":48.0,"hidden_gem_score":null,"kuadran":"PEMENANG_JELAS"}},{"type":"Feature","id":"898c10732c3ffff","geometry":{"type":"Polygon","coordinates":[[[106.897041,-6.364434],[106.896626,-6.362703],[106.894852,-6.362268],[106.893495,-6.363565],[106.89391,-6.365296],[106.895683,-6.365731],[106.897041,-6.364434]]]},"properties":{"h3_index":"898c10732c3ffff","kawasan":"Harjamukti","tingkat_keyakinan":"RENDAH","n_titik_misi":0,"data_source":"predicted","zona_izin_komersial":false,"indeks_churn":null,"harga_sewa_median":null,"harga_sewa_per_m2":null,"belanja_per_jam":null,"njop_m2":null,"opportunity_score":0.0,"hidden_gem_score":null,"kuadran":"HINDARI"}},{"type":"Feature","id":"898c10732c7ffff","geometry":{"type":"Polygon","coordinates":[[[106.89391,-6.365296],[106.893495,-6.363565],[106.891721,-6.363131],[106.890363,-6.364428],[106.890779,-6.366159],[106.892552,-6.366593],[106.89391,-6.365296]]]},"properties":{"h3_index":"898c10732c7ffff","kawasan":"Harjamukti","tingkat_keyakinan":"RENDAH","n_titik_misi":0,"data_source":"predicted","zona_izin_komersial":null,"indeks_churn":null,"harga_sewa_median":null,"harga_sewa_per_m2":null,"belanja_per_jam":null,"njop_m2":null,"opportunity_score":41.7,"hidden_gem_score":null,"kuadran":"HINDARI"}},{"type":"Feature","id":"898c10732cbffff","geometry":{"type":"Polygon","coordinates":[[[106.897983,-6.361406],[106.897568,-6.359674],[106.895794,-6.35924],[106.894437,-6.360537],[106.894852,-6.362268],[106.896626,-6.362703],[106.897983,-6.361406]]]},"properties":{"h3_index":"898c10732cbffff","kawasan":"Harjamukti","tingkat_keyakinan":"RENDAH","n_titik_misi":0,"data_source":"predicted","zona_izin_komersial":false,"indeks_churn":null,"harga_sewa_median":null,"harga_sewa_per_m2":null,"belanja_per_jam":null,"njop_m2":null,"opportunity_score":0.0,"hidden_gem_score":null,"kuadran":"HINDARI"}},{"type":"Feature","id":"898c10732cfffff","geometry":{"type":"Polygon","coordinates":[[[106.894852,-6.362268],[106.894437,-6.360537],[106.892663,-6.360103],[106.891306,-6.3614],[106.891721,-6.363131],[106.893495,-6.363565],[106.894852,-6.362268]]]},"properties":{"h3_index":"898c10732cfffff","kawasan":"Harjamukti","tingkat_keyakinan":"RENDAH","n_titik_misi":0,"data_source":"predicted","zona_izin_komersial":null,"indeks_churn":null,"harga_sewa_median":null,"harga_sewa_per_m2":null,"belanja_per_jam":null,"njop_m2":null,"opportunity_score":39.5,"hidden_gem_score":null,"kuadran":"HINDARI"}},{"type":"Feature","id":"898c10732d3ffff","geometry":{"type":"Polygon","coordinates":[[[106.89923,-6.366599],[106.898814,-6.364868],[106.897041,-6.364434],[106.895683,-6.365731],[106.896099,-6.367462],[106.897872,-6.367896],[106.89923,-6.366599]]]},"properties":{"h3_index":"898c10732d3ffff","kawasan":"Harjamukti","tingkat_keyakinan":"RENDAH","n_titik_misi":0,"data_source":"predicted","zona_izin_komersial":false,"indeks_churn":null,"harga_sewa_median":null,"harga_sewa_per_m2":null,"belanja_per_jam":null,"njop_m2":null,"opportunity_score":0.0,"hidden_gem_score":null,"kuadran":"HINDARI"}},{"type":"Feature","id":"898c10732d7ffff","geometry":{"type":"Polygon","coordinates":[[[106.896099,-6.367462],[106.895683,-6.365731],[106.89391,-6.365296],[106.892552,-6.366593],[106.892968,-6.368324],[106.894741,-6.368758],[106.896099,-6.367462]]]},"properties":{"h3_index":"898c10732d7ffff","kawasan":"Harjamukti","tingkat_keyakinan":"RENDAH","n_titik_misi":0,"data_source":"predicted","zona_izin_komersial":true,"indeks_churn":null,"harga_sewa_median":null,"harga_sewa_per_m2":null,"belanja_per_jam":null,"njop_m2":null,"opportunity_score":64.5,"hidden_gem_score":null,"kuadran":"HIDDEN_GEM"}},{"type":"Feature","id":"898c10732dbffff","geometry":{"type":"Polygon","coordinates":[[[106.900172,-6.363571],[106.899757,-6.36184],[106.897983,-6.361406],[106.896626,-6.362703],[106.897041,-6.364434],[106.898814,-6.364868],[106.900172,-6.363571]]]},"properties":{"h3_index":"898c10732dbffff","kawasan":"Harjamukti","tingkat_keyakinan":"RENDAH","n_titik_misi":0,"data_source":"predicted","zona_izin_komersial":false,"indeks_churn":null,"harga_sewa_median":null,"harga_sewa_per_m2":null,"belanja_per_jam":null,"njop_m2":null,"opportunity_score":0.0,"hidden_gem_score":null,"kuadran":"HINDARI"}},{"type":"Feature","id":"898c107344bffff","geometry":{"type":"Polygon","coordinates":[[[106.903274,-6.390397],[106.902859,-6.388666],[106.901086,-6.388232],[106.899728,-6.389529],[106.900144,-6.391259],[106.901917,-6.391693],[106.903274,-6.390397]]]},"properties":{"h3_index":"898c107344bffff","kawasan":"Harjamukti","tingkat_keyakinan":"RENDAH","n_titik_misi":0,"data_source":"predicted","zona_izin_komersial":null,"indeks_churn":null,"harga_sewa_median":null,"harga_sewa_per_m2":null,"belanja_per_jam":null,"njop_m2":null,"opportunity_score":34.4,"hidden_gem_score":null,"kuadran":"HINDARI"}},{"type":"Feature","id":"898c107344fffff","geometry":{"type":"Polygon","coordinates":[[[106.900144,-6.391259],[106.899728,-6.389529],[106.897955,-6.389095],[106.896598,-6.390391],[106.897013,-6.392122],[106.898786,-6.392556],[106.900144,-6.391259]]]},"properties":{"h3_index":"898c107344fffff","kawasan":"Harjamukti","tingkat_keyakinan":"RENDAH","n_titik_misi":0,"data_source":"predicted","zona_izin_komersial":null,"indeks_churn":null,"harga_sewa_median":null,"harga_sewa_per_m2":null,"belanja_per_jam":null,"njop_m2":null,"opportunity_score":31.2,"hidden_gem_score":null,"kuadran":"JEBAKAN_GENGSI"}},{"type":"Feature","id":"898c1073463ffff","geometry":{"type":"Polygon","coordinates":[[[106.893882,-6.392984],[106.893467,-6.391254],[106.891694,-6.39082],[106.890336,-6.392116],[106.890752,-6.393847],[106.892525,-6.394281],[106.893882,-6.392984]]]},"properties":{"h3_index":"898c1073463ffff","kawasan":"Harjamukti","tingkat_keyakinan":"RENDAH","n_titik_misi":0,"data_source":"predicted","zona_izin_komersial":null,"indeks_churn":null,"harga_sewa_median":null,"harga_sewa_per_m2":null,"belanja_per_jam":null,"njop_m2":null,"opportunity_score":37.3,"hidden_gem_score":null,"kuadran":"HINDARI"}},{"type":"Feature","id":"898c1073467ffff","geometry":{"type":"Polygon","coordinates":[[[106.890752,-6.393847],[106.890336,-6.392116],[106.888563,-6.391682],[106.887205,-6.392979],[106.887621,-6.39471],[106.889394,-6.395144],[106.890752,-6.393847]]]},"properties":{"h3_index":"898c1073467ffff","kawasan":"Harjamukti","tingkat_keyakinan":"RENDAH","n_titik_misi":0,"data_source":"predicted","zona_izin_komersial":null,"indeks_churn":null,"harga_sewa_median":null,"harga_sewa_per_m2":null,"belanja_per_jam":null,"njop_m2":null,"opportunity_score":35.2,"hidden_gem_score":null,"kuadran":"JEBAKAN_GENGSI"}},{"type":"Feature","id":"898c107346bffff","geometry":{"type":"Polygon","coordinates":[[[106.894824,-6.389957],[106.894409,-6.388226],[106.892636,-6.387792],[106.891278,-6.389089],[106.891694,-6.39082],[106.893467,-6.391254],[106.894824,-6.389957]]]},"properties":{"h3_index":"898c107346bffff","kawasan":"Harjamukti","tingkat_keyakinan":"RENDAH","n_titik_misi":0,"data_source":"predicted","zona_izin_komersial":null,"indeks_churn":null,"harga_sewa_median":null,"harga_sewa_per_m2":null,"belanja_per_jam":null,"njop_m2":null,"opportunity_score":37.5,"hidden_gem_score":null,"kuadran":"JEBAKAN_GENGSI"}},{"type":"Feature","id":"898c107346fffff","geometry":{"type":"Polygon","coordinates":[[[106.891694,-6.39082],[106.891278,-6.389089],[106.889505,-6.388655],[106.888147,-6.389952],[106.888563,-6.391682],[106.890336,-6.392116],[106.891694,-6.39082]]]},"properties":{"h3_index":"898c107346fffff","kawasan":"Harjamukti","tingkat_keyakinan":"RENDAH","n_titik_misi":0,"data_source":"predicted","zona_izin_komersial":null,"indeks_churn":null,"harga_sewa_median":null,"harga_sewa_per_m2":null,"belanja_per_jam":null,"njop_m2":null,"opportunity_score":37.1,"hidden_gem_score":null,"kuadran":"HINDARI"}},{"type":"Feature","id":"898c107347bffff","geometry":{"type":"Polygon","coordinates":[[[106.897013,-6.392122],[106.896598,-6.390391],[106.894824,-6.389957],[106.893467,-6.391254],[106.893882,-6.392984],[106.895656,-6.393418],[106.897013,-6.392122]]]},"properties":{"h3_index":"898c107347bffff","kawasan":"Harjamukti","tingkat_keyakinan":"RENDAH","n_titik_misi":0,"data_source":"predicted","zona_izin_komersial":null,"indeks_churn":null,"harga_sewa_median":null,"harga_sewa_per_m2":null,"belanja_per_jam":null,"njop_m2":null,"opportunity_score":36.0,"hidden_gem_score":null,"kuadran":"HINDARI"}},{"type":"Feature","id":"898c1073603ffff","geometry":{"type":"Polygon","coordinates":[[[106.903912,-6.37915],[106.903497,-6.377419],[106.901723,-6.376985],[106.900366,-6.378282],[106.900781,-6.380012],[106.902554,-6.380446],[106.903912,-6.37915]]]},"properties":{"h3_index":"898c1073603ffff","kawasan":"Harjamukti","tingkat_keyakinan":"RENDAH","n_titik_misi":0,"data_source":"predicted","zona_izin_komersial":null,"indeks_churn":null,"harga_sewa_median":null,"harga_sewa_per_m2":null,"belanja_per_jam":null,"njop_m2":null,"opportunity_score":35.9,"hidden_gem_score":null,"kuadran":"HINDARI"}},{"type":"Feature","id":"898c1073607ffff","geometry":{"type":"Polygon","coordinates":[[[106.900781,-6.380012],[106.900366,-6.378282],[106.898593,-6.377847],[106.897235,-6.379144],[106.897651,-6.380875],[106.899424,-6.381309],[106.900781,-6.380012]]]},"properties":{"h3_index":"898c1073607ffff","kawasan":"Harjamukti","tingkat_keyakinan":"RENDAH","n_titik_misi":0,"data_source":"predicted","zona_izin_komersial":null,"indeks_churn":null,"harga_sewa_median":null,"harga_sewa_per_m2":null,"belanja_per_jam":null,"njop_m2":null,"opportunity_score":38.9,"hidden_gem_score":null,"kuadran":"JEBAKAN_GENGSI"}},{"type":"Feature","id":"898c107360bffff","geometry":{"type":"Polygon","coordinates":[[[106.904854,-6.376122],[106.904439,-6.374391],[106.902665,-6.373957],[106.901308,-6.375254],[106.901723,-6.376985],[106.903497,-6.377419],[106.904854,-6.376122]]]},"properties":{"h3_index":"898c107360bffff","kawasan":"Harjamukti","tingkat_keyakinan":"RENDAH","n_titik_misi":0,"data_source":"predicted","zona_izin_komersial":null,"indeks_churn":null,"harga_sewa_median":null,"harga_sewa_per_m2":null,"belanja_per_jam":null,"njop_m2":null,"opportunity_score":57.3,"hidden_gem_score":null,"kuadran":"HIDDEN_GEM"}},{"type":"Feature","id":"898c107360fffff","geometry":{"type":"Polygon","coordinates":[[[106.901723,-6.376985],[106.901308,-6.375254],[106.899535,-6.37482],[106.898177,-6.376117],[106.898593,-6.377847],[106.900366,-6.378282],[106.901723,-6.376985]]]},"properties":{"h3_index":"898c107360fffff","kawasan":"Harjamukti","tingkat_keyakinan":"RENDAH","n_titik_misi":1,"data_source":"observed","zona_izin_komersial":null,"indeks_churn":null,"harga_sewa_median":null,"harga_sewa_per_m2":null,"belanja_per_jam":null,"njop_m2":null,"opportunity_score":42.6,"hidden_gem_score":null,"kuadran":"HINDARI"}},{"type":"Feature","id":"898c1073613ffff","geometry":{"type":"Polygon","coordinates":[[[106.906101,-6.381315],[106.905685,-6.379584],[106.903912,-6.37915],[106.902554,-6.380446],[106.90297,-6.382177],[106.904743,-6.382611],[106.906101,-6.381315]]]},"properties":{"h3_index":"898c1073613ffff","kawasan":"Harjamukti","tingkat_keyakinan":"RENDAH","n_titik_misi":0,"data_source":"predicted","zona_izin_komersial":null,"indeks_churn":null,"harga_sewa_median":null,"harga_sewa_per_m2":null,"belanja_per_jam":null,"njop_m2":null,"opportunity_score":35.1,"hidden_gem_score":null,"kuadran":"HINDARI"}},{"type":"Feature","id":"898c1073617ffff","geometry":{"type":"Polygon","coordinates":[[[106.90297,-6.382177],[106.902554,-6.380446],[106.900781,-6.380012],[106.899424,-6.381309],[106.899839,-6.38304],[106.901612,-6.383474],[106.90297,-6.382177]]]},"properties":{"h3_index":"898c1073617ffff","kawasan":"Harjamukti","tingkat_keyakinan":"RENDAH","n_titik_misi":0,"data_source":"predicted","zona_izin_komersial":null,"indeks_churn":null,"harga_sewa_median":null,"harga_sewa_per_m2":null,"belanja_per_jam":null,"njop_m2":null,"opportunity_score":35.8,"hidden_gem_score":null,"kuadran":"JEBAKAN_GENGSI"}},{"type":"Feature","id":"898c107361bffff","geometry":{"type":"Polygon","coordinates":[[[106.907043,-6.378287],[106.906627,-6.376556],[106.904854,-6.376122],[106.903497,-6.377419],[106.903912,-6.37915],[106.905685,-6.379584],[106.907043,-6.378287]]]},"properties":{"h3_index":"898c107361bffff","kawasan":"Harjamukti","tingkat_keyakinan":"RENDAH","n_titik_misi":0,"data_source":"predicted","zona_izin_komersial":null,"indeks_churn":null,"harga_sewa_median":null,"harga_sewa_per_m2":null,"belanja_per_jam":null,"njop_m2":null,"opportunity_score":36.3,"hidden_gem_score":null,"kuadran":"HINDARI"}},{"type":"Feature","id":"898c1073623ffff","geometry":{"type":"Polygon","coordinates":[[[106.895462,-6.37871],[106.895046,-6.376979],[106.893273,-6.376545],[106.891915,-6.377842],[106.892331,-6.379573],[106.894104,-6.380007],[106.895462,-6.37871]]]},"properties":{"h3_index":"898c1073623ffff","kawasan":"Harjamukti","tingkat_keyakinan":"RENDAH","n_titik_misi":0,"data_source":"predicted","zona_izin_komersial":null,"indeks_churn":null,"harga_sewa_median":null,"harga_sewa_per_m2":null,"belanja_per_jam":null,"njop_m2":null,"opportunity_score":50.7,"hidden_gem_score":null,"kuadran":"HIDDEN_GEM"}},{"type":"Feature","id":"898c1073627ffff","geometry":{"type":"Polygon","coordinates":[[[106.892331,-6.379573],[106.891915,-6.377842],[106.890142,-6.377407],[106.888784,-6.378704],[106.8892,-6.380435],[106.890973,-6.380869],[106.892331,-6.379573]]]},"properties":{"h3_index":"898c1073627ffff","kawasan":"Harjamukti","tingkat_keyakinan":"RENDAH","n_titik_misi":0,"data_source":"predicted","zona_izin_komersial":null,"indeks_churn":null,"harga_sewa_median":null,"harga_sewa_per_m2":null,"belanja_per_jam":null,"njop_m2":null,"opportunity_score":43.6,"hidden_gem_score":null,"kuadran":"HINDARI"}},{"type":"Feature","id":"898c107362bffff","geometry":{"type":"Polygon","coordinates":[[[106.896404,-6.375682],[106.895988,-6.373951],[106.894215,-6.373517],[106.892857,-6.374814],[106.893273,-6.376545],[106.895046,-6.376979],[106.896404,-6.375682]]]},"properties":{"h3_index":"898c107362bffff","kawasan":"Harjamukti","tingkat_keyakinan":"RENDAH","n_titik_misi":1,"data_source":"observed","zona_izin_komersial":null,"indeks_churn":null,"harga_sewa_median":null,"harga_sewa_per_m2":null,"belanja_per_jam":null,"njop_m2":null,"opportunity_score":49.6,"hidden_gem_score":0.490354598622548,"kuadran":"HIDDEN_GEM"}},{"type":"Feature","id":"898c107362fffff","geometry":{"type":"Polygon","coordinates":[[[106.893273,-6.376545],[106.892857,-6.374814],[106.891084,-6.37438],[106.889726,-6.375677],[106.890142,-6.377407],[106.891915,-6.377842],[106.893273,-6.376545]]]},"properties":{"h3_index":"898c107362fffff","kawasan":"Harjamukti","tingkat_keyakinan":"RENDAH","n_titik_misi":0,"data_source":"predicted","zona_izin_komersial":null,"indeks_churn":null,"harga_sewa_median":null,"harga_sewa_per_m2":null,"belanja_per_jam":null,"njop_m2":null,"opportunity_score":47.4,"hidden_gem_score":null,"kuadran":"HIDDEN_GEM"}},{"type":"Feature","id":"898c1073633ffff","geometry":{"type":"Polygon","coordinates":[[[106.897651,-6.380875],[106.897235,-6.379144],[106.895462,-6.37871],[106.894104,-6.380007],[106.89452,-6.381738],[106.896293,-6.382172],[106.897651,-6.380875]]]},"properties":{"h3_index":"898c1073633ffff","kawasan":"Harjamukti","tingkat_keyakinan":"RENDAH","n_titik_misi":0,"data_source":"predicted","zona_izin_komersial":null,"indeks_churn":null,"harga_sewa_median":null,"harga_sewa_per_m2":null,"belanja_per_jam":null,"njop_m2":null,"opportunity_score":40.9,"hidden_gem_score":null,"kuadran":"HINDARI"}},{"type":"Feature","id":"898c1073637ffff","geometry":{"type":"Polygon","coordinates":[[[106.89452,-6.381738],[106.894104,-6.380007],[106.892331,-6.379573],[106.890973,-6.380869],[106.891389,-6.3826],[106.893162,-6.383034],[106.89452,-6.381738]]]},"properties":{"h3_index":"898c1073637ffff","kawasan":"Harjamukti","tingkat_keyakinan":"RENDAH","n_titik_misi":0,"data_source":"predicted","zona_izin_komersial":null,"indeks_churn":null,"harga_sewa_median":null,"harga_sewa_per_m2":null,"belanja_per_jam":null,"njop_m2":null,"opportunity_score":43.5,"hidden_gem_score":null,"kuadran":"HINDARI"}},{"type":"Feature","id":"898c107363bffff","geometry":{"type":"Polygon","coordinates":[[[106.898593,-6.377847],[106.898177,-6.376117],[106.896404,-6.375682],[106.895046,-6.376979],[106.895462,-6.37871],[106.897235,-6.379144],[106.898593,-6.377847]]]},"properties":{"h3_index":"898c107363bffff","kawasan":"Harjamukti","tingkat_keyakinan":"RENDAH","n_titik_misi":0,"data_source":"predicted","zona_izin_komersial":null,"indeks_churn":null,"harga_sewa_median":null,"harga_sewa_per_m2":null,"belanja_per_jam":null,"njop_m2":null,"opportunity_score":45.4,"hidden_gem_score":null,"kuadran":"HIDDEN_GEM"}},{"type":"Feature","id":"898c1073643ffff","geometry":{"type":"Polygon","coordinates":[[[106.908927,-6.372232],[106.908511,-6.370501],[106.906738,-6.370067],[106.905381,-6.371364],[106.905796,-6.373095],[106.907569,-6.373529],[106.908927,-6.372232]]]},"properties":{"h3_index":"898c1073643ffff","kawasan":"Harjamukti","tingkat_keyakinan":"RENDAH","n_titik_misi":0,"data_source":"predicted","zona_izin_komersial":null,"indeks_churn":null,"harga_sewa_median":null,"harga_sewa_per_m2":null,"belanja_per_jam":null,"njop_m2":null,"opportunity_score":36.4,"hidden_gem_score":null,"kuadran":"HINDARI"}},{"type":"Feature","id":"898c1073647ffff","geometry":{"type":"Polygon","coordinates":[[[106.905796,-6.373095],[106.905381,-6.371364],[106.903608,-6.37093],[106.90225,-6.372226],[106.902665,-6.373957],[106.904439,-6.374391],[106.905796,-6.373095]]]},"properties":{"h3_index":"898c1073647ffff","kawasan":"Harjamukti","tingkat_keyakinan":"RENDAH","n_titik_misi":0,"data_source":"predicted","zona_izin_komersial":null,"indeks_churn":null,"harga_sewa_median":null,"harga_sewa_per_m2":null,"belanja_per_jam":null,"njop_m2":null,"opportunity_score":38.1,"hidden_gem_score":null,"kuadran":"HINDARI"}},{"type":"Feature","id":"898c107364bffff","geometry":{"type":"Polygon","coordinates":[[[106.909869,-6.369204],[106.909454,-6.367473],[106.90768,-6.367039],[106.906323,-6.368336],[106.906738,-6.370067],[106.908511,-6.370501],[106.909869,-6.369204]]]},"properties":{"h3_index":"898c107364bffff","kawasan":"Harjamukti","tingkat_keyakinan":"RENDAH","n_titik_misi":0,"data_source":"predicted","zona_izin_komersial":null,"indeks_churn":null,"harga_sewa_median":null,"harga_sewa_per_m2":null,"belanja_per_jam":null,"njop_m2":null,"opportunity_score":17.9,"hidden_gem_score":null,"kuadran":"HINDARI"}},{"type":"Feature","id":"898c107364fffff","geometry":{"type":"Polygon","coordinates":[[[106.906738,-6.370067],[106.906323,-6.368336],[106.90455,-6.367902],[106.903192,-6.369199],[106.903608,-6.37093],[106.905381,-6.371364],[106.906738,-6.370067]]]},"properties":{"h3_index":"898c107364fffff","kawasan":"Harjamukti","tingkat_keyakinan":"RENDAH","n_titik_misi":0,"data_source":"predicted","zona_izin_komersial":null,"indeks_churn":null,"harga_sewa_median":null,"harga_sewa_per_m2":null,"belanja_per_jam":null,"njop_m2":null,"opportunity_score":35.9,"hidden_gem_score":null,"kuadran":"HINDARI"}},{"type":"Feature","id":"898c1073653ffff","geometry":{"type":"Polygon","coordinates":[[[106.911116,-6.374397],[106.9107,-6.372666],[106.908927,-6.372232],[106.907569,-6.373529],[106.907985,-6.37526],[106.909758,-6.375694],[106.911116,-6.374397]]]},"properties":{"h3_index":"898c1073653ffff","kawasan":"Harjamukti","tingkat_keyakinan":"RENDAH","n_titik_misi":0,"data_source":"predicted","zona_izin_komersial":null,"indeks_churn":null,"harga_sewa_median":null,"harga_sewa_per_m2":null,"belanja_per_jam":null,"njop_m2":null,"opportunity_score":34.4,"hidden_gem_score":null,"kuadran":"HINDARI"}},{"type":"Feature","id":"898c1073657ffff","geometry":{"type":"Polygon","coordinates":[[[106.907985,-6.37526],[106.907569,-6.373529],[106.905796,-6.373095],[106.904439,-6.374391],[106.904854,-6.376122],[106.906627,-6.376556],[106.907985,-6.37526]]]},"properties":{"h3_index":"898c1073657ffff","kawasan":"Harjamukti","tingkat_keyakinan":"RENDAH","n_titik_misi":0,"data_source":"predicted","zona_izin_komersial":null,"indeks_churn":null,"harga_sewa_median":null,"harga_sewa_per_m2":null,"belanja_per_jam":null,"njop_m2":null,"opportunity_score":37.4,"hidden_gem_score":null,"kuadran":"HINDARI"}},{"type":"Feature","id":"898c107365bffff","geometry":{"type":"Polygon","coordinates":[[[106.912058,-6.371369],[106.911642,-6.369638],[106.909869,-6.369204],[106.908511,-6.370501],[106.908927,-6.372232],[106.9107,-6.372666],[106.912058,-6.371369]]]},"properties":{"h3_index":"898c107365bffff","kawasan":"Harjamukti","tingkat_keyakinan":"RENDAH","n_titik_misi":0,"data_source":"predicted","zona_izin_komersial":null,"indeks_churn":null,"harga_sewa_median":null,"harga_sewa_per_m2":null,"belanja_per_jam":null,"njop_m2":null,"opportunity_score":19.9,"hidden_gem_score":null,"kuadran":"HINDARI"}},{"type":"Feature","id":"898c1073663ffff","geometry":{"type":"Polygon","coordinates":[[[106.900477,-6.371792],[106.900061,-6.370061],[106.898288,-6.369627],[106.89693,-6.370924],[106.897346,-6.372655],[106.899119,-6.373089],[106.900477,-6.371792]]]},"properties":{"h3_index":"898c1073663ffff","kawasan":"Harjamukti","tingkat_keyakinan":"RENDAH","n_titik_misi":0,"data_source":"predicted","zona_izin_komersial":null,"indeks_churn":null,"harga_sewa_median":null,"harga_sewa_per_m2":null,"belanja_per_jam":null,"njop_m2":null,"opportunity_score":56.0,"hidden_gem_score":null,"kuadran":"PEMENANG_JELAS"}},{"type":"Feature","id":"898c1073667ffff","geometry":{"type":"Polygon","coordinates":[[[106.897346,-6.372655],[106.89693,-6.370924],[106.895157,-6.370489],[106.893799,-6.371786],[106.894215,-6.373517],[106.895988,-6.373951],[106.897346,-6.372655]]]},"properties":{"h3_index":"898c1073667ffff","kawasan":"Harjamukti","tingkat_keyakinan":"RENDAH","n_titik_misi":0,"data_source":"predicted","zona_izin_komersial":true,"indeks_churn":null,"harga_sewa_median":null,"harga_sewa_per_m2":null,"belanja_per_jam":null,"njop_m2":null,"opportunity_score":75.9,"hidden_gem_score":null,"kuadran":"HIDDEN_GEM"}},{"type":"Feature","id":"898c107366bffff","geometry":{"type":"Polygon","coordinates":[[[106.901419,-6.368764],[106.901003,-6.367033],[106.89923,-6.366599],[106.897872,-6.367896],[106.898288,-6.369627],[106.900061,-6.370061],[106.901419,-6.368764]]]},"properties":{"h3_index":"898c107366bffff","kawasan":"Harjamukti","tingkat_keyakinan":"RENDAH","n_titik_misi":0,"data_source":"predicted","zona_izin_komersial":null,"indeks_churn":null,"harga_sewa_median":null,"harga_sewa_per_m2":null,"belanja_per_jam":null,"njop_m2":null,"opportunity_score":45.9,"hidden_gem_score":null,"kuadran":"HIDDEN_GEM"}},{"type":"Feature","id":"898c107366fffff","geometry":{"type":"Polygon","coordinates":[[[106.898288,-6.369627],[106.897872,-6.367896],[106.896099,-6.367462],[106.894741,-6.368758],[106.895157,-6.370489],[106.89693,-6.370924],[106.898288,-6.369627]]]},"properties":{"h3_index":"898c107366fffff","kawasan":"Harjamukti","tingkat_keyakinan":"RENDAH","n_titik_misi":0,"data_source":"predicted","zona_izin_komersial":true,"indeks_churn":null,"harga_sewa_median":null,"harga_sewa_per_m2":null,"belanja_per_jam":null,"njop_m2":null,"opportunity_score":42.1,"hidden_gem_score":null,"kuadran":"JEBAKAN_GENGSI"}},{"type":"Feature","id":"898c1073673ffff","geometry":{"type":"Polygon","coordinates":[[[106.902665,-6.373957],[106.90225,-6.372226],[106.900477,-6.371792],[106.899119,-6.373089],[106.899535,-6.37482],[106.901308,-6.375254],[106.902665,-6.373957]]]},"properties":{"h3_index":"898c1073673ffff","kawasan":"Harjamukti","tingkat_keyakinan":"RENDAH","n_titik_misi":0,"data_source":"predicted","zona_izin_komersial":null,"indeks_churn":null,"harga_sewa_median":null,"harga_sewa_per_m2":null,"belanja_per_jam":null,"njop_m2":null,"opportunity_score":38.1,"hidden_gem_score":null,"kuadran":"HINDARI"}},{"type":"Feature","id":"898c1073677ffff","geometry":{"type":"Polygon","coordinates":[[[106.899535,-6.37482],[106.899119,-6.373089],[106.897346,-6.372655],[106.895988,-6.373951],[106.896404,-6.375682],[106.898177,-6.376117],[106.899535,-6.37482]]]},"properties":{"h3_index":"898c1073677ffff","kawasan":"Harjamukti","tingkat_keyakinan":"RENDAH","n_titik_misi":0,"data_source":"predicted","zona_izin_komersial":null,"indeks_churn":null,"harga_sewa_median":null,"harga_sewa_per_m2":null,"belanja_per_jam":null,"njop_m2":null,"opportunity_score":53.1,"hidden_gem_score":null,"kuadran":"HIDDEN_GEM"}},{"type":"Feature","id":"898c107367bffff","geometry":{"type":"Polygon","coordinates":[[[106.903608,-6.37093],[106.903192,-6.369199],[106.901419,-6.368764],[106.900061,-6.370061],[106.900477,-6.371792],[106.90225,-6.372226],[106.903608,-6.37093]]]},"properties":{"h3_index":"898c107367bffff","kawasan":"Harjamukti","tingkat_keyakinan":"RENDAH","n_titik_misi":0,"data_source":"predicted","zona_izin_komersial":null,"indeks_churn":null,"harga_sewa_median":null,"harga_sewa_per_m2":null,"belanja_per_jam":null,"njop_m2":null,"opportunity_score":37.1,"hidden_gem_score":null,"kuadran":"HINDARI"}},{"type":"Feature","id":"898c1073683ffff","geometry":{"type":"Polygon","coordinates":[[[106.907347,-6.386507],[106.906932,-6.384776],[106.905159,-6.384342],[106.903801,-6.385639],[106.904217,-6.387369],[106.90599,-6.387803],[106.907347,-6.386507]]]},"properties":{"h3_index":"898c1073683ffff","kawasan":"Harjamukti","tingkat_keyakinan":"RENDAH","n_titik_misi":0,"data_source":"predicted","zona_izin_komersial":null,"indeks_churn":null,"harga_sewa_median":null,"harga_sewa_per_m2":null,"belanja_per_jam":null,"njop_m2":null,"opportunity_score":26.3,"hidden_gem_score":null,"kuadran":"HINDARI"}},{"type":"Feature","id":"898c1073687ffff","geometry":{"type":"Polygon","coordinates":[[[106.904217,-6.387369],[106.903801,-6.385639],[106.902028,-6.385205],[106.90067,-6.386501],[106.901086,-6.388232],[106.902859,-6.388666],[106.904217,-6.387369]]]},"properties":{"h3_index":"898c1073687ffff","kawasan":"Harjamukti","tingkat_keyakinan":"RENDAH","n_titik_misi":0,"data_source":"predicted","zona_izin_komersial":null,"indeks_churn":null,"harga_sewa_median":null,"harga_sewa_per_m2":null,"belanja_per_jam":null,"njop_m2":null,"opportunity_score":34.2,"hidden_gem_score":null,"kuadran":"HINDARI"}},{"type":"Feature","id":"898c107368bffff","geometry":{"type":"Polygon","coordinates":[[[106.908289,-6.383479],[106.907874,-6.381749],[106.906101,-6.381315],[106.904743,-6.382611],[106.905159,-6.384342],[106.906932,-6.384776],[106.908289,-6.383479]]]},"properties":{"h3_index":"898c107368bffff","kawasan":"Harjamukti","tingkat_keyakinan":"RENDAH","n_titik_misi":0,"data_source":"predicted","zona_izin_komersial":null,"indeks_churn":null,"harga_sewa_median":null,"harga_sewa_per_m2":null,"belanja_per_jam":null,"njop_m2":null,"opportunity_score":23.9,"hidden_gem_score":null,"kuadran":"HINDARI"}},{"type":"Feature","id":"898c107368fffff","geometry":{"type":"Polygon","coordinates":[[[106.905159,-6.384342],[106.904743,-6.382611],[106.90297,-6.382177],[106.901612,-6.383474],[106.902028,-6.385205],[106.903801,-6.385639],[106.905159,-6.384342]]]},"properties":{"h3_index":"898c107368fffff","kawasan":"Harjamukti","tingkat_keyakinan":"RENDAH","n_titik_misi":0,"data_source":"predicted","zona_izin_komersial":null,"indeks_churn":null,"harga_sewa_median":null,"harga_sewa_per_m2":null,"belanja_per_jam":null,"njop_m2":null,"opportunity_score":35.5,"hidden_gem_score":null,"kuadran":"HINDARI"}},{"type":"Feature","id":"898c1073697ffff","geometry":{"type":"Polygon","coordinates":[[[106.906405,-6.389534],[106.90599,-6.387803],[106.904217,-6.387369],[106.902859,-6.388666],[106.903274,-6.390397],[106.905048,-6.39083],[106.906405,-6.389534]]]},"properties":{"h3_index":"898c1073697ffff","kawasan":"Harjamukti","tingkat_keyakinan":"RENDAH","n_titik_misi":0,"data_source":"predicted","zona_izin_komersial":null,"indeks_churn":null,"harga_sewa_median":null,"harga_sewa_per_m2":null,"belanja_per_jam":null,"njop_m2":null,"opportunity_score":33.3,"hidden_gem_score":null,"kuadran":"HINDARI"}},{"type":"Feature","id":"898c107369bffff","geometry":{"type":"Polygon","coordinates":[[[106.910478,-6.385644],[106.910062,-6.383913],[106.908289,-6.383479],[106.906932,-6.384776],[106.907347,-6.386507],[106.90912,-6.386941],[106.910478,-6.385644]]]},"properties":{"h3_index":"898c107369bffff","kawasan":"Harjamukti","tingkat_keyakinan":"RENDAH","n_titik_misi":0,"data_source":"predicted","zona_izin_komersial":null,"indeks_churn":null,"harga_sewa_median":null,"harga_sewa_per_m2":null,"belanja_per_jam":null,"njop_m2":null,"opportunity_score":26.9,"hidden_gem_score":null,"kuadran":"HINDARI"}},{"type":"Feature","id":"898c10736a3ffff","geometry":{"type":"Polygon","coordinates":[[[106.898897,-6.386067],[106.898482,-6.384336],[106.896708,-6.383902],[106.895351,-6.385199],[106.895766,-6.38693],[106.89754,-6.387364],[106.898897,-6.386067]]]},"properties":{"h3_index":"898c10736a3ffff","kawasan":"Harjamukti","tingkat_keyakinan":"RENDAH","n_titik_misi":0,"data_source":"predicted","zona_izin_komersial":null,"indeks_churn":null,"harga_sewa_median":null,"harga_sewa_per_m2":null,"belanja_per_jam":null,"njop_m2":null,"opportunity_score":39.3,"hidden_gem_score":null,"kuadran":"HINDARI"}},{"type":"Feature","id":"898c10736a7ffff","geometry":{"type":"Polygon","coordinates":[[[106.895766,-6.38693],[106.895351,-6.385199],[106.893578,-6.384765],[106.89222,-6.386062],[106.892636,-6.387792],[106.894409,-6.388226],[106.895766,-6.38693]]]},"properties":{"h3_index":"898c10736a7ffff","kawasan":"Harjamukti","tingkat_keyakinan":"RENDAH","n_titik_misi":0,"data_source":"predicted","zona_izin_komersial":null,"indeks_churn":null,"harga_sewa_median":null,"harga_sewa_per_m2":null,"belanja_per_jam":null,"njop_m2":null,"opportunity_score":38.5,"hidden_gem_score":null,"kuadran":"HINDARI"}},{"type":"Feature","id":"898c10736abffff","geometry":{"type":"Polygon","coordinates":[[[106.899839,-6.38304],[106.899424,-6.381309],[106.897651,-6.380875],[106.896293,-6.382172],[106.896708,-6.383902],[106.898482,-6.384336],[106.899839,-6.38304]]]},"properties":{"h3_index":"898c10736abffff","kawasan":"Harjamukti","tingkat_keyakinan":"RENDAH","n_titik_misi":0,"data_source":"predicted","zona_izin_komersial":null,"indeks_churn":null,"harga_sewa_median":null,"harga_sewa_per_m2":null,"belanja_per_jam":null,"njop_m2":null,"opportunity_score":40.8,"hidden_gem_score":null,"kuadran":"HINDARI"}},{"type":"Feature","id":"898c10736afffff","geometry":{"type":"Polygon","coordinates":[[[106.896708,-6.383902],[106.896293,-6.382172],[106.89452,-6.381738],[106.893162,-6.383034],[106.893578,-6.384765],[106.895351,-6.385199],[106.896708,-6.383902]]]},"properties":{"h3_index":"898c10736afffff","kawasan":"Harjamukti","tingkat_keyakinan":"RENDAH","n_titik_misi":0,"data_source":"predicted","zona_izin_komersial":null,"indeks_churn":null,"harga_sewa_median":null,"harga_sewa_per_m2":null,"belanja_per_jam":null,"njop_m2":null,"opportunity_score":42.4,"hidden_gem_score":null,"kuadran":"HINDARI"}},{"type":"Feature","id":"898c10736b3ffff","geometry":{"type":"Polygon","coordinates":[[[106.901086,-6.388232],[106.90067,-6.386501],[106.898897,-6.386067],[106.89754,-6.387364],[106.897955,-6.389095],[106.899728,-6.389529],[106.901086,-6.388232]]]},"properties":{"h3_index":"898c10736b3ffff","kawasan":"Harjamukti","tingkat_keyakinan":"RENDAH","n_titik_misi":0,"data_source":"predicted","zona_izin_komersial":null,"indeks_churn":null,"harga_sewa_median":null,"harga_sewa_per_m2":null,"belanja_per_jam":null,"njop_m2":null,"opportunity_score":37.0,"hidden_gem_score":null,"kuadran":"HINDARI"}},{"type":"Feature","id":"898c10736b7ffff","geometry":{"type":"Polygon","coordinates":[[[106.897955,-6.389095],[106.89754,-6.387364],[106.895766,-6.38693],[106.894409,-6.388226],[106.894824,-6.389957],[106.896598,-6.390391],[106.897955,-6.389095]]]},"properties":{"h3_index":"898c10736b7ffff","kawasan":"Harjamukti","tingkat_keyakinan":"RENDAH","n_titik_misi":0,"data_source":"predicted","zona_izin_komersial":null,"indeks_churn":null,"harga_sewa_median":null,"harga_sewa_per_m2":null,"belanja_per_jam":null,"njop_m2":null,"opportunity_score":36.7,"hidden_gem_score":null,"kuadran":"HINDARI"}},{"type":"Feature","id":"898c10736bbffff","geometry":{"type":"Polygon","coordinates":[[[106.902028,-6.385205],[106.901612,-6.383474],[106.899839,-6.38304],[106.898482,-6.384336],[106.898897,-6.386067],[106.90067,-6.386501],[106.902028,-6.385205]]]},"properties":{"h3_index":"898c10736bbffff","kawasan":"Harjamukti","tingkat_keyakinan":"RENDAH","n_titik_misi":0,"data_source":"predicted","zona_izin_komersial":null,"indeks_churn":null,"harga_sewa_median":null,"harga_sewa_per_m2":null,"belanja_per_jam":null,"njop_m2":null,"opportunity_score":38.2,"hidden_gem_score":null,"kuadran":"HINDARI"}},{"type":"Feature","id":"898c10736c3ffff","geometry":{"type":"Polygon","coordinates":[[[106.912362,-6.379589],[106.911946,-6.377859],[106.910173,-6.377425],[106.908816,-6.378721],[106.909231,-6.380452],[106.911004,-6.380886],[106.912362,-6.379589]]]},"properties":{"h3_index":"898c10736c3ffff","kawasan":"Harjamukti","tingkat_keyakinan":"RENDAH","n_titik_misi":0,"data_source":"predicted","zona_izin_komersial":null,"indeks_churn":null,"harga_sewa_median":null,"harga_sewa_per_m2":null,"belanja_per_jam":null,"njop_m2":null,"opportunity_score":32.1,"hidden_gem_score":null,"kuadran":"JEBAKAN_GENGSI"}},{"type":"Feature","id":"898c10736c7ffff","geometry":{"type":"Polygon","coordinates":[[[106.909231,-6.380452],[106.908816,-6.378721],[106.907043,-6.378287],[106.905685,-6.379584],[106.906101,-6.381315],[106.907874,-6.381749],[106.909231,-6.380452]]]},"properties":{"h3_index":"898c10736c7ffff","kawasan":"Harjamukti","tingkat_keyakinan":"RENDAH","n_titik_misi":0,"data_source":"predicted","zona_izin_komersial":null,"indeks_churn":null,"harga_sewa_median":null,"harga_sewa_per_m2":null,"belanja_per_jam":null,"njop_m2":null,"opportunity_score":23.3,"hidden_gem_score":null,"kuadran":"HINDARI"}},{"type":"Feature","id":"898c10736cbffff","geometry":{"type":"Polygon","coordinates":[[[106.913304,-6.376562],[106.912889,-6.374831],[106.911116,-6.374397],[106.909758,-6.375694],[106.910173,-6.377425],[106.911946,-6.377859],[106.913304,-6.376562]]]},"properties":{"h3_index":"898c10736cbffff","kawasan":"Harjamukti","tingkat_keyakinan":"RENDAH","n_titik_misi":0,"data_source":"predicted","zona_izin_komersial":null,"indeks_churn":null,"harga_sewa_median":null,"harga_sewa_per_m2":null,"belanja_per_jam":null,"njop_m2":null,"opportunity_score":41.1,"hidden_gem_score":null,"kuadran":"HINDARI"}},{"type":"Feature","id":"898c10736cfffff","geometry":{"type":"Polygon","coordinates":[[[106.910173,-6.377425],[106.909758,-6.375694],[106.907985,-6.37526],[106.906627,-6.376556],[106.907043,-6.378287],[106.908816,-6.378721],[106.910173,-6.377425]]]},"properties":{"h3_index":"898c10736cfffff","kawasan":"Harjamukti","tingkat_keyakinan":"RENDAH","n_titik_misi":0,"data_source":"predicted","zona_izin_komersial":null,"indeks_churn":null,"harga_sewa_median":null,"harga_sewa_per_m2":null,"belanja_per_jam":null,"njop_m2":null,"opportunity_score":34.0,"hidden_gem_score":null,"kuadran":"JEBAKAN_GENGSI"}},{"type":"Feature","id":"898c10736d7ffff","geometry":{"type":"Polygon","coordinates":[[[106.91142,-6.382617],[106.911004,-6.380886],[106.909231,-6.380452],[106.907874,-6.381749],[106.908289,-6.383479],[106.910062,-6.383913],[106.91142,-6.382617]]]},"properties":{"h3_index":"898c10736d7ffff","kawasan":"Harjamukti","tingkat_keyakinan":"RENDAH","n_titik_misi":0,"data_source":"predicted","zona_izin_komersial":null,"indeks_churn":null,"harga_sewa_median":null,"harga_sewa_per_m2":null,"belanja_per_jam":null,"njop_m2":null,"opportunity_score":25.1,"hidden_gem_score":null,"kuadran":"HINDARI"}},{"type":"Feature","id":"898c1078067ffff","geometry":{"type":"Polygon","coordinates":[[[106.862417,-6.227127],[106.862,-6.225393],[106.860226,-6.224957],[106.858867,-6.226255],[106.859284,-6.227989],[106.861058,-6.228425],[106.862417,-6.227127]]]},"properties":{"h3_index":"898c1078067ffff","kawasan":"Manggarai","tingkat_keyakinan":"RENDAH","n_titik_misi":0,"data_source":"predicted","zona_izin_komersial":true,"indeks_churn":null,"harga_sewa_median":null,"harga_sewa_per_m2":null,"belanja_per_jam":null,"njop_m2":null,"opportunity_score":55.4,"hidden_gem_score":null,"kuadran":"PEMENANG_JELAS"}},{"type":"Feature","id":"898c107806fffff","geometry":{"type":"Polygon","coordinates":[[[106.863359,-6.224094],[106.862943,-6.22236],[106.861168,-6.221924],[106.85981,-6.223223],[106.860226,-6.224957],[106.862,-6.225393],[106.863359,-6.224094]]]},"properties":{"h3_index":"898c107806fffff","kawasan":"Manggarai","tingkat_keyakinan":"RENDAH","n_titik_misi":0,"data_source":"predicted","zona_izin_komersial":true,"indeks_churn":null,"harga_sewa_median":null,"harga_sewa_per_m2":null,"belanja_per_jam":null,"njop_m2":null,"opportunity_score":59.0,"hidden_gem_score":null,"kuadran":"HIDDEN_GEM"}},{"type":"Feature","id":"898c107814bffff","geometry":{"type":"Polygon","coordinates":[[[106.853017,-6.229713],[106.852601,-6.227979],[106.850826,-6.227543],[106.849468,-6.228841],[106.849884,-6.230575],[106.851659,-6.231011],[106.853017,-6.229713]]]},"properties":{"h3_index":"898c107814bffff","kawasan":"Manggarai","tingkat_keyakinan":"RENDAH","n_titik_misi":0,"data_source":"predicted","zona_izin_komersial":true,"indeks_churn":null,"harga_sewa_median":null,"harga_sewa_per_m2":null,"belanja_per_jam":null,"njop_m2":null,"opportunity_score":51.3,"hidden_gem_score":null,"kuadran":"PEMENANG_JELAS"}},{"type":"Feature","id":"898c107814fffff","geometry":{"type":"Polygon","coordinates":[[[106.849884,-6.230575],[106.849468,-6.228841],[106.847693,-6.228405],[106.846335,-6.229704],[106.846751,-6.231438],[106.848526,-6.231873],[106.849884,-6.230575]]]},"properties":{"h3_index":"898c107814fffff","kawasan":"Manggarai","tingkat_keyakinan":"RENDAH","n_titik_misi":0,"data_source":"predicted","zona_izin_komersial":true,"indeks_churn":null,"harga_sewa_median":null,"harga_sewa_per_m2":null,"belanja_per_jam":null,"njop_m2":null,"opportunity_score":42.0,"hidden_gem_score":null,"kuadran":"JEBAKAN_GENGSI"}},{"type":"Feature","id":"898c107816bffff","geometry":{"type":"Polygon","coordinates":[[[106.84456,-6.229268],[106.844144,-6.227534],[106.842369,-6.227098],[106.84101,-6.228396],[106.841427,-6.23013],[106.843201,-6.230566],[106.84456,-6.229268]]]},"properties":{"h3_index":"898c107816bffff","kawasan":"Manggarai","tingkat_keyakinan":"RENDAH","n_titik_misi":0,"data_source":"predicted","zona_izin_komersial":null,"indeks_churn":null,"harga_sewa_median":null,"harga_sewa_per_m2":null,"belanja_per_jam":null,"njop_m2":null,"opportunity_score":48.0,"hidden_gem_score":0.523202118883647,"kuadran":"HIDDEN_GEM"}},{"type":"Feature","id":"898c107817bffff","geometry":{"type":"Polygon","coordinates":[[[106.846751,-6.231438],[106.846335,-6.229704],[106.84456,-6.229268],[106.843201,-6.230566],[106.843618,-6.2323],[106.845392,-6.232736],[106.846751,-6.231438]]]},"properties":{"h3_index":"898c107817bffff","kawasan":"Manggarai","tingkat_keyakinan":"RENDAH","n_titik_misi":0,"data_source":"predicted","zona_izin_komersial":true,"indeks_churn":null,"harga_sewa_median":null,"harga_sewa_per_m2":null,"belanja_per_jam":null,"njop_m2":null,"opportunity_score":41.1,"hidden_gem_score":null,"kuadran":"JEBAKAN_GENGSI"}},{"type":"Feature","id":"898c1078223ffff","geometry":{"type":"Polygon","coordinates":[[[106.867129,-6.211965],[106.866713,-6.210231],[106.864938,-6.209795],[106.86358,-6.211093],[106.863996,-6.212827],[106.86577,-6.213263],[106.867129,-6.211965]]]},"properties":{"h3_index":"898c1078223ffff","kawasan":"Manggarai","tingkat_keyakinan":"RENDAH","n_titik_misi":0,"data_source":"predicted","zona_izin_komersial":true,"indeks_churn":null,"harga_sewa_median":null,"harga_sewa_per_m2":null,"belanja_per_jam":null,"njop_m2":null,"opportunity_score":35.2,"hidden_gem_score":null,"kuadran":"JEBAKAN_GENGSI"}},{"type":"Feature","id":"898c1078227ffff","geometry":{"type":"Polygon","coordinates":[[[106.863996,-6.212827],[106.86358,-6.211093],[106.861805,-6.210657],[106.860446,-6.211955],[106.860862,-6.21369],[106.862637,-6.214126],[106.863996,-6.212827]]]},"properties":{"h3_index":"898c1078227ffff","kawasan":"Manggarai","tingkat_keyakinan":"RENDAH","n_titik_misi":0,"data_source":"predicted","zona_izin_komersial":true,"indeks_churn":null,"harga_sewa_median":null,"harga_sewa_per_m2":null,"belanja_per_jam":null,"njop_m2":null,"opportunity_score":59.8,"hidden_gem_score":null,"kuadran":"HIDDEN_GEM"}},{"type":"Feature","id":"898c107822bffff","geometry":{"type":"Polygon","coordinates":[[[106.868071,-6.208933],[106.867655,-6.207198],[106.865881,-6.206762],[106.864522,-6.208061],[106.864938,-6.209795],[106.866713,-6.210231],[106.868071,-6.208933]]]},"properties":{"h3_index":"898c107822bffff","kawasan":"Manggarai","tingkat_keyakinan":"RENDAH","n_titik_misi":0,"data_source":"predicted","zona_izin_komersial":true,"indeks_churn":null,"harga_sewa_median":null,"harga_sewa_per_m2":null,"belanja_per_jam":null,"njop_m2":null,"opportunity_score":52.8,"hidden_gem_score":0.547722053049143,"kuadran":"HIDDEN_GEM"}},{"type":"Feature","id":"898c107822fffff","geometry":{"type":"Polygon","coordinates":[[[106.864938,-6.209795],[106.864522,-6.208061],[106.862747,-6.207624],[106.861389,-6.208923],[106.861805,-6.210657],[106.86358,-6.211093],[106.864938,-6.209795]]]},"properties":{"h3_index":"898c107822fffff","kawasan":"Manggarai","tingkat_keyakinan":"RENDAH","n_titik_misi":1,"data_source":"observed","zona_izin_komersial":true,"indeks_churn":null,"harga_sewa_median":null,"harga_sewa_per_m2":null,"belanja_per_jam":null,"njop_m2":null,"opportunity_score":29.2,"hidden_gem_score":null,"kuadran":"JEBAKAN_GENGSI"}},{"type":"Feature","id":"898c1078233ffff","geometry":{"type":"Polygon","coordinates":[[[106.869319,-6.214135],[106.868903,-6.212401],[106.867129,-6.211965],[106.86577,-6.213263],[106.866186,-6.214998],[106.867961,-6.215434],[106.869319,-6.214135]]]},"properties":{"h3_index":"898c1078233ffff","kawasan":"Manggarai","tingkat_keyakinan":"RENDAH","n_titik_misi":0,"data_source":"predicted","zona_izin_komersial":true,"indeks_churn":null,"harga_sewa_median":null,"harga_sewa_per_m2":null,"belanja_per_jam":null,"njop_m2":null,"opportunity_score":73.2,"hidden_gem_score":null,"kuadran":"PEMENANG_JELAS"}},{"type":"Feature","id":"898c1078237ffff","geometry":{"type":"Polygon","coordinates":[[[106.866186,-6.214998],[106.86577,-6.213263],[106.863996,-6.212827],[106.862637,-6.214126],[106.863053,-6.21586],[106.864828,-6.216296],[106.866186,-6.214998]]]},"properties":{"h3_index":"898c1078237ffff","kawasan":"Manggarai","tingkat_keyakinan":"RENDAH","n_titik_misi":0,"data_source":"predicted","zona_izin_komersial":true,"indeks_churn":null,"harga_sewa_median":null,"harga_sewa_per_m2":null,"belanja_per_jam":null,"njop_m2":null,"opportunity_score":64.8,"hidden_gem_score":null,"kuadran":"HIDDEN_GEM"}},{"type":"Feature","id":"898c107823bffff","geometry":{"type":"Polygon","coordinates":[[[106.870262,-6.211103],[106.869846,-6.209369],[106.868071,-6.208933],[106.866713,-6.210231],[106.867129,-6.211965],[106.868903,-6.212401],[106.870262,-6.211103]]]},"properties":{"h3_index":"898c107823bffff","kawasan":"Manggarai","tingkat_keyakinan":"RENDAH","n_titik_misi":0,"data_source":"predicted","zona_izin_komersial":true,"indeks_churn":null,"harga_sewa_median":null,"harga_sewa_per_m2":null,"belanja_per_jam":null,"njop_m2":null,"opportunity_score":44.8,"hidden_gem_score":0.534425530901761,"kuadran":"HIDDEN_GEM"}},{"type":"Feature","id":"898c1078267ffff","geometry":{"type":"Polygon","coordinates":[[[106.869014,-6.2059],[106.868598,-6.204166],[106.866823,-6.20373],[106.865464,-6.205028],[106.865881,-6.206762],[106.867655,-6.207198],[106.869014,-6.2059]]]},"properties":{"h3_index":"898c1078267ffff","kawasan":"Manggarai","tingkat_keyakinan":"RENDAH","n_titik_misi":0,"data_source":"predicted","zona_izin_komersial":true,"indeks_churn":null,"harga_sewa_median":null,"harga_sewa_per_m2":null,"belanja_per_jam":null,"njop_m2":null,"opportunity_score":32.2,"hidden_gem_score":null,"kuadran":"JEBAKAN_GENGSI"}},{"type":"Feature","id":"898c1078277ffff","geometry":{"type":"Polygon","coordinates":[[[106.871204,-6.20807],[106.870788,-6.206336],[106.869014,-6.2059],[106.867655,-6.207198],[106.868071,-6.208933],[106.869846,-6.209369],[106.871204,-6.20807]]]},"properties":{"h3_index":"898c1078277ffff","kawasan":"Manggarai","tingkat_keyakinan":"RENDAH","n_titik_misi":0,"data_source":"predicted","zona_izin_komersial":null,"indeks_churn":null,"harga_sewa_median":null,"harga_sewa_per_m2":null,"belanja_per_jam":null,"njop_m2":null,"opportunity_score":42.3,"hidden_gem_score":null,"kuadran":"JEBAKAN_GENGSI"}},{"type":"Feature","id":"898c10782a7ffff","geometry":{"type":"Polygon","coordinates":[[[106.867434,-6.2202],[106.867018,-6.218466],[106.865244,-6.21803],[106.863885,-6.219328],[106.864301,-6.221062],[106.866076,-6.221498],[106.867434,-6.2202]]]},"properties":{"h3_index":"898c10782a7ffff","kawasan":"Manggarai","tingkat_keyakinan":"RENDAH","n_titik_misi":0,"data_source":"predicted","zona_izin_komersial":true,"indeks_churn":null,"harga_sewa_median":null,"harga_sewa_per_m2":null,"belanja_per_jam":null,"njop_m2":null,"opportunity_score":57.1,"hidden_gem_score":null,"kuadran":"HIDDEN_GEM"}},{"type":"Feature","id":"898c10782afffff","geometry":{"type":"Polygon","coordinates":[[[106.868377,-6.217168],[106.867961,-6.215434],[106.866186,-6.214998],[106.864828,-6.216296],[106.865244,-6.21803],[106.867018,-6.218466],[106.868377,-6.217168]]]},"properties":{"h3_index":"898c10782afffff","kawasan":"Manggarai","tingkat_keyakinan":"RENDAH","n_titik_misi":0,"data_source":"predicted","zona_izin_komersial":true,"indeks_churn":null,"harga_sewa_median":null,"harga_sewa_per_m2":null,"belanja_per_jam":null,"njop_m2":null,"opportunity_score":63.6,"hidden_gem_score":null,"kuadran":"PEMENANG_JELAS"}},{"type":"Feature","id":"898c1078303ffff","geometry":{"type":"Polygon","coordinates":[[[106.853654,-6.218446],[106.853237,-6.216712],[106.851463,-6.216276],[106.850104,-6.217574],[106.85052,-6.219309],[106.852295,-6.219745],[106.853654,-6.218446]]]},"properties":{"h3_index":"898c1078303ffff","kawasan":"Manggarai","tingkat_keyakinan":"RENDAH","n_titik_misi":0,"data_source":"predicted","zona_izin_komersial":true,"indeks_churn":null,"harga_sewa_median":null,"harga_sewa_per_m2":null,"belanja_per_jam":null,"njop_m2":null,"opportunity_score":46.4,"hidden_gem_score":null,"kuadran":"PEMENANG_JELAS"}},{"type":"Feature","id":"898c1078307ffff","geometry":{"type":"Polygon","coordinates":[[[106.85052,-6.219309],[106.850104,-6.217574],[106.848329,-6.217138],[106.846971,-6.218436],[106.847387,-6.220171],[106.849162,-6.220607],[106.85052,-6.219309]]]},"properties":{"h3_index":"898c1078307ffff","kawasan":"Manggarai","tingkat_keyakinan":"RENDAH","n_titik_misi":0,"data_source":"predicted","zona_izin_komersial":null,"indeks_churn":null,"harga_sewa_median":null,"harga_sewa_per_m2":null,"belanja_per_jam":null,"njop_m2":null,"opportunity_score":48.1,"hidden_gem_score":null,"kuadran":"PEMENANG_JELAS"}},{"type":"Feature","id":"898c107830bffff","geometry":{"type":"Polygon","coordinates":[[[106.854596,-6.215414],[106.85418,-6.21368],[106.852405,-6.213244],[106.851047,-6.214542],[106.851463,-6.216276],[106.853237,-6.216712],[106.854596,-6.215414]]]},"properties":{"h3_index":"898c107830bffff","kawasan":"Manggarai","tingkat_keyakinan":"RENDAH","n_titik_misi":0,"data_source":"predicted","zona_izin_komersial":null,"indeks_churn":null,"harga_sewa_median":null,"harga_sewa_per_m2":null,"belanja_per_jam":null,"njop_m2":null,"opportunity_score":58.6,"hidden_gem_score":null,"kuadran":"HIDDEN_GEM"}},{"type":"Feature","id":"898c107830fffff","geometry":{"type":"Polygon","coordinates":[[[106.851463,-6.216276],[106.851047,-6.214542],[106.849272,-6.214106],[106.847913,-6.215404],[106.848329,-6.217138],[106.850104,-6.217574],[106.851463,-6.216276]]]},"properties":{"h3_index":"898c107830fffff","kawasan":"Manggarai","tingkat_keyakinan":"RENDAH","n_titik_misi":0,"data_source":"predicted","zona_izin_komersial":true,"indeks_churn":null,"harga_sewa_median":null,"harga_sewa_per_m2":null,"belanja_per_jam":null,"njop_m2":null,"opportunity_score":36.0,"hidden_gem_score":null,"kuadran":"JEBAKAN_GENGSI"}},{"type":"Feature","id":"898c1078313ffff","geometry":{"type":"Polygon","coordinates":[[[106.855844,-6.220617],[106.855428,-6.218882],[106.853654,-6.218446],[106.852295,-6.219745],[106.852711,-6.221479],[106.854486,-6.221915],[106.855844,-6.220617]]]},"properties":{"h3_index":"898c1078313ffff","kawasan":"Manggarai","tingkat_keyakinan":"RENDAH","n_titik_misi":0,"data_source":"predicted","zona_izin_komersial":true,"indeks_churn":null,"harga_sewa_median":null,"harga_sewa_per_m2":null,"belanja_per_jam":null,"njop_m2":null,"opportunity_score":25.5,"hidden_gem_score":null,"kuadran":"JEBAKAN_GENGSI"}},{"type":"Feature","id":"898c1078317ffff","geometry":{"type":"Polygon","coordinates":[[[106.852711,-6.221479],[106.852295,-6.219745],[106.85052,-6.219309],[106.849162,-6.220607],[106.849578,-6.222341],[106.851353,-6.222777],[106.852711,-6.221479]]]},"properties":{"h3_index":"898c1078317ffff","kawasan":"Manggarai","tingkat_keyakinan":"RENDAH","n_titik_misi":0,"data_source":"predicted","zona_izin_komersial":null,"indeks_churn":null,"harga_sewa_median":null,"harga_sewa_per_m2":null,"belanja_per_jam":null,"njop_m2":null,"opportunity_score":61.3,"hidden_gem_score":null,"kuadran":"PEMENANG_JELAS"}},{"type":"Feature","id":"898c107831bffff","geometry":{"type":"Polygon","coordinates":[[[106.856787,-6.217584],[106.856371,-6.21585],[106.854596,-6.215414],[106.853237,-6.216712],[106.853654,-6.218446],[106.855428,-6.218882],[106.856787,-6.217584]]]},"properties":{"h3_index":"898c107831bffff","kawasan":"Manggarai","tingkat_keyakinan":"RENDAH","n_titik_misi":0,"data_source":"predicted","zona_izin_komersial":true,"indeks_churn":null,"harga_sewa_median":null,"harga_sewa_per_m2":null,"belanja_per_jam":null,"njop_m2":null,"opportunity_score":45.2,"hidden_gem_score":null,"kuadran":"PEMENANG_JELAS"}},{"type":"Feature","id":"898c1078323ffff","geometry":{"type":"Polygon","coordinates":[[[106.845196,-6.218],[106.84478,-6.216266],[106.843005,-6.21583],[106.841646,-6.217128],[106.842063,-6.218863],[106.843837,-6.219299],[106.845196,-6.218]]]},"properties":{"h3_index":"898c1078323ffff","kawasan":"Manggarai","tingkat_keyakinan":"RENDAH","n_titik_misi":0,"data_source":"predicted","zona_izin_komersial":true,"indeks_churn":null,"harga_sewa_median":null,"harga_sewa_per_m2":null,"belanja_per_jam":null,"njop_m2":null,"opportunity_score":56.2,"hidden_gem_score":null,"kuadran":"PEMENANG_JELAS"}},{"type":"Feature","id":"898c1078327ffff","geometry":{"type":"Polygon","coordinates":[[[106.842063,-6.218863],[106.841646,-6.217128],[106.839871,-6.216692],[106.838513,-6.21799],[106.838929,-6.219725],[106.840704,-6.220161],[106.842063,-6.218863]]]},"properties":{"h3_index":"898c1078327ffff","kawasan":"Manggarai","tingkat_keyakinan":"RENDAH","n_titik_misi":1,"data_source":"observed","zona_izin_komersial":true,"indeks_churn":null,"harga_sewa_median":null,"harga_sewa_per_m2":null,"belanja_per_jam":null,"njop_m2":null,"opportunity_score":48.3,"hidden_gem_score":null,"kuadran":"PEMENANG_JELAS"}},{"type":"Feature","id":"898c107832bffff","geometry":{"type":"Polygon","coordinates":[[[106.846138,-6.214968],[106.845722,-6.213234],[106.843947,-6.212797],[106.842589,-6.214096],[106.843005,-6.21583],[106.84478,-6.216266],[106.846138,-6.214968]]]},"properties":{"h3_index":"898c107832bffff","kawasan":"Manggarai","tingkat_keyakinan":"RENDAH","n_titik_misi":0,"data_source":"predicted","zona_izin_komersial":true,"indeks_churn":null,"harga_sewa_median":null,"harga_sewa_per_m2":null,"belanja_per_jam":null,"njop_m2":null,"opportunity_score":44.6,"hidden_gem_score":null,"kuadran":"PEMENANG_JELAS"}},{"type":"Feature","id":"898c107832fffff","geometry":{"type":"Polygon","coordinates":[[[106.843005,-6.21583],[106.842589,-6.214096],[106.840814,-6.21366],[106.839455,-6.214958],[106.839871,-6.216692],[106.841646,-6.217128],[106.843005,-6.21583]]]},"properties":{"h3_index":"898c107832fffff","kawasan":"Manggarai","tingkat_keyakinan":"RENDAH","n_titik_misi":0,"data_source":"predicted","zona_izin_komersial":null,"indeks_churn":null,"harga_sewa_median":null,"harga_sewa_per_m2":null,"belanja_per_jam":null,"njop_m2":null,"opportunity_score":48.4,"hidden_gem_score":0.498336513050683,"kuadran":"HIDDEN_GEM"}},{"type":"Feature","id":"898c1078333ffff","geometry":{"type":"Polygon","coordinates":[[[106.847387,-6.220171],[106.846971,-6.218436],[106.845196,-6.218],[106.843837,-6.219299],[106.844254,-6.221033],[106.846028,-6.221469],[106.847387,-6.220171]]]},"properties":{"h3_index":"898c1078333ffff","kawasan":"Manggarai","tingkat_keyakinan":"RENDAH","n_titik_misi":0,"data_source":"predicted","zona_izin_komersial":true,"indeks_churn":null,"harga_sewa_median":null,"harga_sewa_per_m2":null,"belanja_per_jam":null,"njop_m2":null,"opportunity_score":61.2,"hidden_gem_score":null,"kuadran":"PEMENANG_JELAS"}},{"type":"Feature","id":"898c1078337ffff","geometry":{"type":"Polygon","coordinates":[[[106.844254,-6.221033],[106.843837,-6.219299],[106.842063,-6.218863],[106.840704,-6.220161],[106.84112,-6.221895],[106.842895,-6.222331],[106.844254,-6.221033]]]},"properties":{"h3_index":"898c1078337ffff","kawasan":"Manggarai","tingkat_keyakinan":"RENDAH","n_titik_misi":0,"data_source":"predicted","zona_izin_komersial":true,"indeks_churn":null,"harga_sewa_median":null,"harga_sewa_per_m2":null,"belanja_per_jam":null,"njop_m2":null,"opportunity_score":48.2,"hidden_gem_score":null,"kuadran":"PEMENANG_JELAS"}},{"type":"Feature","id":"898c107833bffff","geometry":{"type":"Polygon","coordinates":[[[106.848329,-6.217138],[106.847913,-6.215404],[106.846138,-6.214968],[106.84478,-6.216266],[106.845196,-6.218],[106.846971,-6.218436],[106.848329,-6.217138]]]},"properties":{"h3_index":"898c107833bffff","kawasan":"Manggarai","tingkat_keyakinan":"RENDAH","n_titik_misi":0,"data_source":"predicted","zona_izin_komersial":true,"indeks_churn":null,"harga_sewa_median":null,"harga_sewa_per_m2":null,"belanja_per_jam":null,"njop_m2":null,"opportunity_score":45.4,"hidden_gem_score":null,"kuadran":"PEMENANG_JELAS"}},{"type":"Feature","id":"898c1078343ffff","geometry":{"type":"Polygon","coordinates":[[[106.858672,-6.211519],[106.858256,-6.209785],[106.856481,-6.209349],[106.855122,-6.210647],[106.855538,-6.212381],[106.857313,-6.212817],[106.858672,-6.211519]]]},"properties":{"h3_index":"898c1078343ffff","kawasan":"Manggarai","tingkat_keyakinan":"RENDAH","n_titik_misi":0,"data_source":"predicted","zona_izin_komersial":null,"indeks_churn":null,"harga_sewa_median":null,"harga_sewa_per_m2":null,"belanja_per_jam":null,"njop_m2":null,"opportunity_score":55.2,"hidden_gem_score":null,"kuadran":"HIDDEN_GEM"}},{"type":"Feature","id":"898c1078347ffff","geometry":{"type":"Polygon","coordinates":[[[106.855538,-6.212381],[106.855122,-6.210647],[106.853348,-6.210211],[106.851989,-6.211509],[106.852405,-6.213244],[106.85418,-6.21368],[106.855538,-6.212381]]]},"properties":{"h3_index":"898c1078347ffff","kawasan":"Manggarai","tingkat_keyakinan":"RENDAH","n_titik_misi":0,"data_source":"predicted","zona_izin_komersial":null,"indeks_churn":null,"harga_sewa_median":null,"harga_sewa_per_m2":null,"belanja_per_jam":null,"njop_m2":null,"opportunity_score":62.3,"hidden_gem_score":null,"kuadran":"HIDDEN_GEM"}},{"type":"Feature","id":"898c107834bffff","geometry":{"type":"Polygon","coordinates":[[[106.859614,-6.208487],[106.859198,-6.206752],[106.857423,-6.206316],[106.856065,-6.207614],[106.856481,-6.209349],[106.858256,-6.209785],[106.859614,-6.208487]]]},"properties":{"h3_index":"898c107834bffff","kawasan":"Manggarai","tingkat_keyakinan":"RENDAH","n_titik_misi":0,"data_source":"predicted","zona_izin_komersial":true,"indeks_churn":null,"harga_sewa_median":null,"harga_sewa_per_m2":null,"belanja_per_jam":null,"njop_m2":null,"opportunity_score":56.1,"hidden_gem_score":null,"kuadran":"HIDDEN_GEM"}},{"type":"Feature","id":"898c107834fffff","geometry":{"type":"Polygon","coordinates":[[[106.856481,-6.209349],[106.856065,-6.207614],[106.85429,-6.207178],[106.852931,-6.208477],[106.853348,-6.210211],[106.855122,-6.210647],[106.856481,-6.209349]]]},"properties":{"h3_index":"898c107834fffff","kawasan":"Manggarai","tingkat_keyakinan":"RENDAH","n_titik_misi":0,"data_source":"predicted","zona_izin_komersial":null,"indeks_churn":null,"harga_sewa_median":null,"harga_sewa_per_m2":null,"belanja_per_jam":null,"njop_m2":null,"opportunity_score":58.1,"hidden_gem_score":null,"kuadran":"PEMENANG_JELAS"}},{"type":"Feature","id":"898c1078353ffff","geometry":{"type":"Polygon","coordinates":[[[106.860862,-6.21369],[106.860446,-6.211955],[106.858672,-6.211519],[106.857313,-6.212817],[106.857729,-6.214552],[106.859504,-6.214988],[106.860862,-6.21369]]]},"properties":{"h3_index":"898c1078353ffff","kawasan":"Manggarai","tingkat_keyakinan":"RENDAH","n_titik_misi":0,"data_source":"predicted","zona_izin_komersial":true,"indeks_churn":null,"harga_sewa_median":null,"harga_sewa_per_m2":null,"belanja_per_jam":null,"njop_m2":null,"opportunity_score":37.1,"hidden_gem_score":null,"kuadran":"JEBAKAN_GENGSI"}},{"type":"Feature","id":"898c1078357ffff","geometry":{"type":"Polygon","coordinates":[[[106.857729,-6.214552],[106.857313,-6.212817],[106.855538,-6.212381],[106.85418,-6.21368],[106.854596,-6.215414],[106.856371,-6.21585],[106.857729,-6.214552]]]},"properties":{"h3_index":"898c1078357ffff","kawasan":"Manggarai","tingkat_keyakinan":"RENDAH","n_titik_misi":0,"data_source":"predicted","zona_izin_komersial":null,"indeks_churn":null,"harga_sewa_median":null,"harga_sewa_per_m2":null,"belanja_per_jam":null,"njop_m2":null,"opportunity_score":48.7,"hidden_gem_score":null,"kuadran":"HIDDEN_GEM"}},{"type":"Feature","id":"898c107835bffff","geometry":{"type":"Polygon","coordinates":[[[106.861805,-6.210657],[106.861389,-6.208923],[106.859614,-6.208487],[106.858256,-6.209785],[106.858672,-6.211519],[106.860446,-6.211955],[106.861805,-6.210657]]]},"properties":{"h3_index":"898c107835bffff","kawasan":"Manggarai","tingkat_keyakinan":"RENDAH","n_titik_misi":0,"data_source":"predicted","zona_izin_komersial":true,"indeks_churn":null,"harga_sewa_median":null,"harga_sewa_per_m2":null,"belanja_per_jam":null,"njop_m2":null,"opportunity_score":59.1,"hidden_gem_score":null,"kuadran":"PEMENANG_JELAS"}},{"type":"Feature","id":"898c1078363ffff","geometry":{"type":"Polygon","coordinates":[[[106.850214,-6.211073],[106.849798,-6.209339],[106.848023,-6.208903],[106.846665,-6.210201],[106.847081,-6.211935],[106.848856,-6.212371],[106.850214,-6.211073]]]},"properties":{"h3_index":"898c1078363ffff","kawasan":"Manggarai","tingkat_keyakinan":"RENDAH","n_titik_misi":0,"data_source":"predicted","zona_izin_komersial":true,"indeks_churn":null,"harga_sewa_median":null,"harga_sewa_per_m2":null,"belanja_per_jam":null,"njop_m2":null,"opportunity_score":44.7,"hidden_gem_score":null,"kuadran":"PEMENANG_JELAS"}},{"type":"Feature","id":"898c1078367ffff","geometry":{"type":"Polygon","coordinates":[[[106.847081,-6.211935],[106.846665,-6.210201],[106.84489,-6.209765],[106.843531,-6.211063],[106.843947,-6.212797],[106.845722,-6.213234],[106.847081,-6.211935]]]},"properties":{"h3_index":"898c1078367ffff","kawasan":"Manggarai","tingkat_keyakinan":"RENDAH","n_titik_misi":0,"data_source":"predicted","zona_izin_komersial":true,"indeks_churn":null,"harga_sewa_median":null,"harga_sewa_per_m2":null,"belanja_per_jam":null,"njop_m2":null,"opportunity_score":72.1,"hidden_gem_score":null,"kuadran":"PEMENANG_JELAS"}},{"type":"Feature","id":"898c107836bffff","geometry":{"type":"Polygon","coordinates":[[[106.851157,-6.20804],[106.85074,-6.206306],[106.848966,-6.20587],[106.847607,-6.207168],[106.848023,-6.208903],[106.849798,-6.209339],[106.851157,-6.20804]]]},"properties":{"h3_index":"898c107836bffff","kawasan":"Manggarai","tingkat_keyakinan":"RENDAH","n_titik_misi":0,"data_source":"predicted","zona_izin_komersial":true,"indeks_churn":null,"harga_sewa_median":null,"harga_sewa_per_m2":null,"belanja_per_jam":null,"njop_m2":null,"opportunity_score":60.0,"hidden_gem_score":null,"kuadran":"HIDDEN_GEM"}},{"type":"Feature","id":"898c107836fffff","geometry":{"type":"Polygon","coordinates":[[[106.848023,-6.208903],[106.847607,-6.207168],[106.845832,-6.206732],[106.844473,-6.20803],[106.84489,-6.209765],[106.846665,-6.210201],[106.848023,-6.208903]]]},"properties":{"h3_index":"898c107836fffff","kawasan":"Manggarai","tingkat_keyakinan":"RENDAH","n_titik_misi":0,"data_source":"predicted","zona_izin_komersial":true,"indeks_churn":null,"harga_sewa_median":null,"harga_sewa_per_m2":null,"belanja_per_jam":null,"njop_m2":null,"opportunity_score":64.9,"hidden_gem_score":null,"kuadran":"HIDDEN_GEM"}},{"type":"Feature","id":"898c1078373ffff","geometry":{"type":"Polygon","coordinates":[[[106.852405,-6.213244],[106.851989,-6.211509],[106.850214,-6.211073],[106.848856,-6.212371],[106.849272,-6.214106],[106.851047,-6.214542],[106.852405,-6.213244]]]},"properties":{"h3_index":"898c1078373ffff","kawasan":"Manggarai","tingkat_keyakinan":"RENDAH","n_titik_misi":0,"data_source":"predicted","zona_izin_komersial":null,"indeks_churn":null,"harga_sewa_median":null,"harga_sewa_per_m2":null,"belanja_per_jam":null,"njop_m2":null,"opportunity_score":68.3,"hidden_gem_score":null,"kuadran":"PEMENANG_JELAS"}},{"type":"Feature","id":"898c1078377ffff","geometry":{"type":"Polygon","coordinates":[[[106.849272,-6.214106],[106.848856,-6.212371],[106.847081,-6.211935],[106.845722,-6.213234],[106.846138,-6.214968],[106.847913,-6.215404],[106.849272,-6.214106]]]},"properties":{"h3_index":"898c1078377ffff","kawasan":"Manggarai","tingkat_keyakinan":"RENDAH","n_titik_misi":0,"data_source":"predicted","zona_izin_komersial":true,"indeks_churn":null,"harga_sewa_median":null,"harga_sewa_per_m2":null,"belanja_per_jam":null,"njop_m2":null,"opportunity_score":60.2,"hidden_gem_score":null,"kuadran":"PEMENANG_JELAS"}},{"type":"Feature","id":"898c107837bffff","geometry":{"type":"Polygon","coordinates":[[[106.853348,-6.210211],[106.852931,-6.208477],[106.851157,-6.20804],[106.849798,-6.209339],[106.850214,-6.211073],[106.851989,-6.211509],[106.853348,-6.210211]]]},"properties":{"h3_index":"898c107837bffff","kawasan":"Manggarai","tingkat_keyakinan":"RENDAH","n_titik_misi":0,"data_source":"predicted","zona_izin_komersial":null,"indeks_churn":null,"harga_sewa_median":null,"harga_sewa_per_m2":null,"belanja_per_jam":null,"njop_m2":null,"opportunity_score":57.3,"hidden_gem_score":null,"kuadran":"PEMENANG_JELAS"}},{"type":"Feature","id":"898c1078383ffff","geometry":{"type":"Polygon","coordinates":[[[106.857093,-6.225819],[106.856677,-6.224085],[106.854902,-6.223649],[106.853544,-6.224947],[106.85396,-6.226681],[106.855734,-6.227117],[106.857093,-6.225819]]]},"properties":{"h3_index":"898c1078383ffff","kawasan":"Manggarai","tingkat_keyakinan":"RENDAH","n_titik_misi":0,"data_source":"predicted","zona_izin_komersial":true,"indeks_churn":null,"harga_sewa_median":null,"harga_sewa_per_m2":null,"belanja_per_jam":null,"njop_m2":null,"opportunity_score":63.6,"hidden_gem_score":null,"kuadran":"PEMENANG_JELAS"}},{"type":"Feature","id":"898c1078387ffff","geometry":{"type":"Polygon","coordinates":[[[106.85396,-6.226681],[106.853544,-6.224947],[106.851769,-6.224511],[106.85041,-6.225809],[106.850826,-6.227543],[106.852601,-6.227979],[106.85396,-6.226681]]]},"properties":{"h3_index":"898c1078387ffff","kawasan":"Manggarai","tingkat_keyakinan":"RENDAH","n_titik_misi":0,"data_source":"predicted","zona_izin_komersial":true,"indeks_churn":null,"harga_sewa_median":null,"harga_sewa_per_m2":null,"belanja_per_jam":null,"njop_m2":null,"opportunity_score":28.8,"hidden_gem_score":null,"kuadran":"JEBAKAN_GENGSI"}},{"type":"Feature","id":"898c107838bffff","geometry":{"type":"Polygon","coordinates":[[[106.858035,-6.222787],[106.857619,-6.221053],[106.855844,-6.220617],[106.854486,-6.221915],[106.854902,-6.223649],[106.856677,-6.224085],[106.858035,-6.222787]]]},"properties":{"h3_index":"898c107838bffff","kawasan":"Manggarai","tingkat_keyakinan":"RENDAH","n_titik_misi":0,"data_source":"predicted","zona_izin_komersial":true,"indeks_churn":null,"harga_sewa_median":null,"harga_sewa_per_m2":null,"belanja_per_jam":null,"njop_m2":null,"opportunity_score":65.2,"hidden_gem_score":null,"kuadran":"PEMENANG_JELAS"}},{"type":"Feature","id":"898c107838fffff","geometry":{"type":"Polygon","coordinates":[[[106.854902,-6.223649],[106.854486,-6.221915],[106.852711,-6.221479],[106.851353,-6.222777],[106.851769,-6.224511],[106.853544,-6.224947],[106.854902,-6.223649]]]},"properties":{"h3_index":"898c107838fffff","kawasan":"Manggarai","tingkat_keyakinan":"RENDAH","n_titik_misi":0,"data_source":"predicted","zona_izin_komersial":true,"indeks_churn":null,"harga_sewa_median":null,"harga_sewa_per_m2":null,"belanja_per_jam":null,"njop_m2":null,"opportunity_score":51.6,"hidden_gem_score":null,"kuadran":"PEMENANG_JELAS"}},{"type":"Feature","id":"898c1078393ffff","geometry":{"type":"Polygon","coordinates":[[[106.859284,-6.227989],[106.858867,-6.226255],[106.857093,-6.225819],[106.855734,-6.227117],[106.85615,-6.228851],[106.857925,-6.229287],[106.859284,-6.227989]]]},"properties":{"h3_index":"898c1078393ffff","kawasan":"Manggarai","tingkat_keyakinan":"RENDAH","n_titik_misi":0,"data_source":"predicted","zona_izin_komersial":true,"indeks_churn":null,"harga_sewa_median":null,"harga_sewa_per_m2":null,"belanja_per_jam":null,"njop_m2":null,"opportunity_score":52.9,"hidden_gem_score":null,"kuadran":"PEMENANG_JELAS"}},{"type":"Feature","id":"898c1078397ffff","geometry":{"type":"Polygon","coordinates":[[[106.85615,-6.228851],[106.855734,-6.227117],[106.85396,-6.226681],[106.852601,-6.227979],[106.853017,-6.229713],[106.854792,-6.230149],[106.85615,-6.228851]]]},"properties":{"h3_index":"898c1078397ffff","kawasan":"Manggarai","tingkat_keyakinan":"RENDAH","n_titik_misi":0,"data_source":"predicted","zona_izin_komersial":true,"indeks_churn":null,"harga_sewa_median":null,"harga_sewa_per_m2":null,"belanja_per_jam":null,"njop_m2":null,"opportunity_score":58.2,"hidden_gem_score":null,"kuadran":"PEMENANG_JELAS"}},{"type":"Feature","id":"898c107839bffff","geometry":{"type":"Polygon","coordinates":[[[106.860226,-6.224957],[106.85981,-6.223223],[106.858035,-6.222787],[106.856677,-6.224085],[106.857093,-6.225819],[106.858867,-6.226255],[106.860226,-6.224957]]]},"properties":{"h3_index":"898c107839bffff","kawasan":"Manggarai","tingkat_keyakinan":"RENDAH","n_titik_misi":1,"data_source":"observed","zona_izin_komersial":true,"indeks_churn":null,"harga_sewa_median":null,"harga_sewa_per_m2":null,"belanja_per_jam":null,"njop_m2":null,"opportunity_score":59.7,"hidden_gem_score":null,"kuadran":"PEMENANG_JELAS"}},{"type":"Feature","id":"898c10783a3ffff","geometry":{"type":"Polygon","coordinates":[[[106.848636,-6.225373],[106.848219,-6.223639],[106.846445,-6.223203],[106.845086,-6.224501],[106.845502,-6.226235],[106.847277,-6.226671],[106.848636,-6.225373]]]},"properties":{"h3_index":"898c10783a3ffff","kawasan":"Manggarai","tingkat_keyakinan":"RENDAH","n_titik_misi":0,"data_source":"predicted","zona_izin_komersial":true,"indeks_churn":null,"harga_sewa_median":null,"harga_sewa_per_m2":null,"belanja_per_jam":null,"njop_m2":null,"opportunity_score":56.6,"hidden_gem_score":null,"kuadran":"PEMENANG_JELAS"}},{"type":"Feature","id":"898c10783a7ffff","geometry":{"type":"Polygon","coordinates":[[[106.845502,-6.226235],[106.845086,-6.224501],[106.843311,-6.224065],[106.841953,-6.225363],[106.842369,-6.227098],[106.844144,-6.227534],[106.845502,-6.226235]]]},"properties":{"h3_index":"898c10783a7ffff","kawasan":"Manggarai","tingkat_keyakinan":"RENDAH","n_titik_misi":0,"data_source":"predicted","zona_izin_komersial":true,"indeks_churn":null,"harga_sewa_median":null,"harga_sewa_per_m2":null,"belanja_per_jam":null,"njop_m2":null,"opportunity_score":54.3,"hidden_gem_score":0.547498821047181,"kuadran":"HIDDEN_GEM"}},{"type":"Feature","id":"898c10783abffff","geometry":{"type":"Polygon","coordinates":[[[106.849578,-6.222341],[106.849162,-6.220607],[106.847387,-6.220171],[106.846028,-6.221469],[106.846445,-6.223203],[106.848219,-6.223639],[106.849578,-6.222341]]]},"properties":{"h3_index":"898c10783abffff","kawasan":"Manggarai","tingkat_keyakinan":"RENDAH","n_titik_misi":0,"data_source":"predicted","zona_izin_komersial":true,"indeks_churn":null,"harga_sewa_median":null,"harga_sewa_per_m2":null,"belanja_per_jam":null,"njop_m2":null,"opportunity_score":58.9,"hidden_gem_score":null,"kuadran":"PEMENANG_JELAS"}},{"type":"Feature","id":"898c10783afffff","geometry":{"type":"Polygon","coordinates":[[[106.846445,-6.223203],[106.846028,-6.221469],[106.844254,-6.221033],[106.842895,-6.222331],[106.843311,-6.224065],[106.845086,-6.224501],[106.846445,-6.223203]]]},"properties":{"h3_index":"898c10783afffff","kawasan":"Manggarai","tingkat_keyakinan":"RENDAH","n_titik_misi":1,"data_source":"observed","zona_izin_komersial":true,"indeks_churn":null,"harga_sewa_median":null,"harga_sewa_per_m2":null,"belanja_per_jam":null,"njop_m2":null,"opportunity_score":45.1,"hidden_gem_score":null,"kuadran":"PEMENANG_JELAS"}},{"type":"Feature","id":"898c10783b3ffff","geometry":{"type":"Polygon","coordinates":[[[106.850826,-6.227543],[106.85041,-6.225809],[106.848636,-6.225373],[106.847277,-6.226671],[106.847693,-6.228405],[106.849468,-6.228841],[106.850826,-6.227543]]]},"properties":{"h3_index":"898c10783b3ffff","kawasan":"Manggarai","tingkat_keyakinan":"RENDAH","n_titik_misi":0,"data_source":"predicted","zona_izin_komersial":true,"indeks_churn":null,"harga_sewa_median":null,"harga_sewa_per_m2":null,"belanja_per_jam":null,"njop_m2":null,"opportunity_score":49.9,"hidden_gem_score":null,"kuadran":"PEMENANG_JELAS"}},{"type":"Feature","id":"898c10783b7ffff","geometry":{"type":"Polygon","coordinates":[[[106.847693,-6.228405],[106.847277,-6.226671],[106.845502,-6.226235],[106.844144,-6.227534],[106.84456,-6.229268],[106.846335,-6.229704],[106.847693,-6.228405]]]},"properties":{"h3_index":"898c10783b7ffff","kawasan":"Manggarai","tingkat_keyakinan":"RENDAH","n_titik_misi":0,"data_source":"predicted","zona_izin_komersial":true,"indeks_churn":null,"harga_sewa_median":null,"harga_sewa_per_m2":null,"belanja_per_jam":null,"njop_m2":null,"opportunity_score":61.0,"hidden_gem_score":0.53625779865848,"kuadran":"HIDDEN_GEM"}},{"type":"Feature","id":"898c10783bbffff","geometry":{"type":"Polygon","coordinates":[[[106.851769,-6.224511],[106.851353,-6.222777],[106.849578,-6.222341],[106.848219,-6.223639],[106.848636,-6.225373],[106.85041,-6.225809],[106.851769,-6.224511]]]},"properties":{"h3_index":"898c10783bbffff","kawasan":"Manggarai","tingkat_keyakinan":"RENDAH","n_titik_misi":0,"data_source":"predicted","zona_izin_komersial":true,"indeks_churn":null,"harga_sewa_median":null,"harga_sewa_per_m2":null,"belanja_per_jam":null,"njop_m2":null,"opportunity_score":54.3,"hidden_gem_score":0.526672359807654,"kuadran":"HIDDEN_GEM"}},{"type":"Feature","id":"898c10783c3ffff","geometry":{"type":"Polygon","coordinates":[[[106.862111,-6.218892],[106.861695,-6.217158],[106.85992,-6.216722],[106.858562,-6.21802],[106.858978,-6.219754],[106.860752,-6.22019],[106.862111,-6.218892]]]},"properties":{"h3_index":"898c10783c3ffff","kawasan":"Manggarai","tingkat_keyakinan":"RENDAH","n_titik_misi":0,"data_source":"predicted","zona_izin_komersial":null,"indeks_churn":null,"harga_sewa_median":null,"harga_sewa_per_m2":null,"belanja_per_jam":null,"njop_m2":null,"opportunity_score":46.8,"hidden_gem_score":null,"kuadran":"HIDDEN_GEM"}},{"type":"Feature","id":"898c10783c7ffff","geometry":{"type":"Polygon","coordinates":[[[106.858978,-6.219754],[106.858562,-6.21802],[106.856787,-6.217584],[106.855428,-6.218882],[106.855844,-6.220617],[106.857619,-6.221053],[106.858978,-6.219754]]]},"properties":{"h3_index":"898c10783c7ffff","kawasan":"Manggarai","tingkat_keyakinan":"RENDAH","n_titik_misi":0,"data_source":"predicted","zona_izin_komersial":true,"indeks_churn":null,"harga_sewa_median":null,"harga_sewa_per_m2":null,"belanja_per_jam":null,"njop_m2":null,"opportunity_score":22.0,"hidden_gem_score":null,"kuadran":"JEBAKAN_GENGSI"}},{"type":"Feature","id":"898c10783cbffff","geometry":{"type":"Polygon","coordinates":[[[106.863053,-6.21586],[106.862637,-6.214126],[106.860862,-6.21369],[106.859504,-6.214988],[106.85992,-6.216722],[106.861695,-6.217158],[106.863053,-6.21586]]]},"properties":{"h3_index":"898c10783cbffff","kawasan":"Manggarai","tingkat_keyakinan":"RENDAH","n_titik_misi":0,"data_source":"predicted","zona_izin_komersial":true,"indeks_churn":null,"harga_sewa_median":null,"harga_sewa_per_m2":null,"belanja_per_jam":null,"njop_m2":null,"opportunity_score":48.9,"hidden_gem_score":null,"kuadran":"PEMENANG_JELAS"}},{"type":"Feature","id":"898c10783cfffff","geometry":{"type":"Polygon","coordinates":[[[106.85992,-6.216722],[106.859504,-6.214988],[106.857729,-6.214552],[106.856371,-6.21585],[106.856787,-6.217584],[106.858562,-6.21802],[106.85992,-6.216722]]]},"properties":{"h3_index":"898c10783cfffff","kawasan":"Manggarai","tingkat_keyakinan":"RENDAH","n_titik_misi":0,"data_source":"predicted","zona_izin_komersial":null,"indeks_churn":null,"harga_sewa_median":null,"harga_sewa_per_m2":null,"belanja_per_jam":null,"njop_m2":null,"opportunity_score":48.4,"hidden_gem_score":null,"kuadran":"HIDDEN_GEM"}},{"type":"Feature","id":"898c10783d3ffff","geometry":{"type":"Polygon","coordinates":[[[106.864301,-6.221062],[106.863885,-6.219328],[106.862111,-6.218892],[106.860752,-6.22019],[106.861168,-6.221924],[106.862943,-6.22236],[106.864301,-6.221062]]]},"properties":{"h3_index":"898c10783d3ffff","kawasan":"Manggarai","tingkat_keyakinan":"RENDAH","n_titik_misi":0,"data_source":"predicted","zona_izin_komersial":null,"indeks_churn":null,"harga_sewa_median":null,"harga_sewa_per_m2":null,"belanja_per_jam":null,"njop_m2":null,"opportunity_score":43.3,"hidden_gem_score":null,"kuadran":"HINDARI"}},{"type":"Feature","id":"898c10783d7ffff","geometry":{"type":"Polygon","coordinates":[[[106.861168,-6.221924],[106.860752,-6.22019],[106.858978,-6.219754],[106.857619,-6.221053],[106.858035,-6.222787],[106.85981,-6.223223],[106.861168,-6.221924]]]},"properties":{"h3_index":"898c10783d7ffff","kawasan":"Manggarai","tingkat_keyakinan":"RENDAH","n_titik_misi":0,"data_source":"predicted","zona_izin_komersial":true,"indeks_churn":null,"harga_sewa_median":null,"harga_sewa_per_m2":null,"belanja_per_jam":null,"njop_m2":null,"opportunity_score":53.2,"hidden_gem_score":null,"kuadran":"PEMENANG_JELAS"}},{"type":"Feature","id":"898c10783dbffff","geometry":{"type":"Polygon","coordinates":[[[106.865244,-6.21803],[106.864828,-6.216296],[106.863053,-6.21586],[106.861695,-6.217158],[106.862111,-6.218892],[106.863885,-6.219328],[106.865244,-6.21803]]]},"properties":{"h3_index":"898c10783dbffff","kawasan":"Manggarai","tingkat_keyakinan":"RENDAH","n_titik_misi":0,"data_source":"predicted","zona_izin_komersial":true,"indeks_churn":null,"harga_sewa_median":null,"harga_sewa_per_m2":null,"belanja_per_jam":null,"njop_m2":null,"opportunity_score":48.3,"hidden_gem_score":null,"kuadran":"HIDDEN_GEM"}},{"type":"Feature","id":"898c1078a03ffff","geometry":{"type":"Polygon","coordinates":[[[106.816379,-6.209287],[106.815963,-6.207552],[106.814187,-6.207116],[106.812829,-6.208415],[106.813245,-6.210149],[106.81502,-6.210585],[106.816379,-6.209287]]]},"properties":{"h3_index":"898c1078a03ffff","kawasan":"Dukuh Atas BNI","tingkat_keyakinan":"RENDAH","n_titik_misi":0,"data_source":"predicted","zona_izin_komersial":true,"indeks_churn":null,"harga_sewa_median":null,"harga_sewa_per_m2":null,"belanja_per_jam":null,"njop_m2":null,"opportunity_score":47.9,"hidden_gem_score":null,"kuadran":"HIDDEN_GEM"}},{"type":"Feature","id":"898c1078a07ffff","geometry":{"type":"Polygon","coordinates":[[[106.813245,-6.210149],[106.812829,-6.208415],[106.811053,-6.207978],[106.809694,-6.209277],[106.810111,-6.211011],[106.811886,-6.211447],[106.813245,-6.210149]]]},"properties":{"h3_index":"898c1078a07ffff","kawasan":"Dukuh Atas BNI","tingkat_keyakinan":"RENDAH","n_titik_misi":0,"data_source":"predicted","zona_izin_komersial":true,"indeks_churn":null,"harga_sewa_median":null,"harga_sewa_per_m2":null,"belanja_per_jam":null,"njop_m2":null,"opportunity_score":43.2,"hidden_gem_score":null,"kuadran":"JEBAKAN_GENGSI"}},{"type":"Feature","id":"898c1078a0bffff","geometry":{"type":"Polygon","coordinates":[[[106.817321,-6.206254],[106.816905,-6.204519],[106.81513,-6.204083],[106.813771,-6.205381],[106.814187,-6.207116],[106.815963,-6.207552],[106.817321,-6.206254]]]},"properties":{"h3_index":"898c1078a0bffff","kawasan":"Dukuh Atas BNI","tingkat_keyakinan":"RENDAH","n_titik_misi":0,"data_source":"predicted","zona_izin_komersial":true,"indeks_churn":null,"harga_sewa_median":null,"harga_sewa_per_m2":null,"belanja_per_jam":null,"njop_m2":null,"opportunity_score":56.2,"hidden_gem_score":null,"kuadran":"PEMENANG_JELAS"}},{"type":"Feature","id":"898c1078a0fffff","geometry":{"type":"Polygon","coordinates":[[[106.814187,-6.207116],[106.813771,-6.205381],[106.811996,-6.204945],[106.810637,-6.206243],[106.811053,-6.207978],[106.812829,-6.208415],[106.814187,-6.207116]]]},"properties":{"h3_index":"898c1078a0fffff","kawasan":"Dukuh Atas BNI","tingkat_keyakinan":"RENDAH","n_titik_misi":0,"data_source":"predicted","zona_izin_komersial":null,"indeks_churn":null,"harga_sewa_median":null,"harga_sewa_per_m2":null,"belanja_per_jam":null,"njop_m2":null,"opportunity_score":54.4,"hidden_gem_score":null,"kuadran":"HIDDEN_GEM"}},{"type":"Feature","id":"898c1078a13ffff","geometry":{"type":"Polygon","coordinates":[[[106.818571,-6.211458],[106.818154,-6.209723],[106.816379,-6.209287],[106.81502,-6.210585],[106.815437,-6.21232],[106.817212,-6.212756],[106.818571,-6.211458]]]},"properties":{"h3_index":"898c1078a13ffff","kawasan":"Dukuh Atas BNI","tingkat_keyakinan":"RENDAH","n_titik_misi":0,"data_source":"predicted","zona_izin_komersial":true,"indeks_churn":null,"harga_sewa_median":null,"harga_sewa_per_m2":null,"belanja_per_jam":null,"njop_m2":null,"opportunity_score":62.2,"hidden_gem_score":null,"kuadran":"HIDDEN_GEM"}},{"type":"Feature","id":"898c1078a17ffff","geometry":{"type":"Polygon","coordinates":[[[106.815437,-6.21232],[106.81502,-6.210585],[106.813245,-6.210149],[106.811886,-6.211447],[106.812303,-6.213182],[106.814078,-6.213618],[106.815437,-6.21232]]]},"properties":{"h3_index":"898c1078a17ffff","kawasan":"Dukuh Atas BNI","tingkat_keyakinan":"RENDAH","n_titik_misi":0,"data_source":"predicted","zona_izin_komersial":true,"indeks_churn":null,"harga_sewa_median":null,"harga_sewa_per_m2":null,"belanja_per_jam":null,"njop_m2":null,"opportunity_score":49.0,"hidden_gem_score":null,"kuadran":"PEMENANG_JELAS"}},{"type":"Feature","id":"898c1078a1bffff","geometry":{"type":"Polygon","coordinates":[[[106.819513,-6.208425],[106.819097,-6.20669],[106.817321,-6.206254],[106.815963,-6.207552],[106.816379,-6.209287],[106.818154,-6.209723],[106.819513,-6.208425]]]},"properties":{"h3_index":"898c1078a1bffff","kawasan":"Dukuh Atas BNI","tingkat_keyakinan":"RENDAH","n_titik_misi":1,"data_source":"observed","zona_izin_komersial":true,"indeks_churn":null,"harga_sewa_median":null,"harga_sewa_per_m2":null,"belanja_per_jam":null,"njop_m2":null,"opportunity_score":61.3,"hidden_gem_score":null,"kuadran":"HIDDEN_GEM"}},{"type":"Feature","id":"898c1078a23ffff","geometry":{"type":"Polygon","coordinates":[[[106.807919,-6.20884],[106.807502,-6.207105],[106.805727,-6.206669],[106.804368,-6.207968],[106.804785,-6.209702],[106.80656,-6.210139],[106.807919,-6.20884]]]},"properties":{"h3_index":"898c1078a23ffff","kawasan":"Dukuh Atas BNI","tingkat_keyakinan":"RENDAH","n_titik_misi":0,"data_source":"predicted","zona_izin_komersial":null,"indeks_churn":null,"harga_sewa_median":null,"harga_sewa_per_m2":null,"belanja_per_jam":null,"njop_m2":null,"opportunity_score":45.4,"hidden_gem_score":null,"kuadran":"PEMENANG_JELAS"}},{"type":"Feature","id":"898c1078a2bffff","geometry":{"type":"Polygon","coordinates":[[[106.808861,-6.205807],[106.808445,-6.204072],[106.806669,-6.203636],[106.805311,-6.204934],[106.805727,-6.206669],[106.807502,-6.207105],[106.808861,-6.205807]]]},"properties":{"h3_index":"898c1078a2bffff","kawasan":"Dukuh Atas BNI","tingkat_keyakinan":"RENDAH","n_titik_misi":0,"data_source":"predicted","zona_izin_komersial":true,"indeks_churn":null,"harga_sewa_median":null,"harga_sewa_per_m2":null,"belanja_per_jam":null,"njop_m2":null,"opportunity_score":44.3,"hidden_gem_score":null,"kuadran":"PEMENANG_JELAS"}},{"type":"Feature","id":"898c1078a2fffff","geometry":{"type":"Polygon","coordinates":[[[106.805727,-6.206669],[106.805311,-6.204934],[106.803535,-6.204498],[106.802176,-6.205796],[106.802593,-6.207531],[106.804368,-6.207968],[106.805727,-6.206669]]]},"properties":{"h3_index":"898c1078a2fffff","kawasan":"Dukuh Atas BNI","tingkat_keyakinan":"RENDAH","n_titik_misi":0,"data_source":"predicted","zona_izin_komersial":true,"indeks_churn":null,"harga_sewa_median":null,"harga_sewa_per_m2":null,"belanja_per_jam":null,"njop_m2":null,"opportunity_score":42.7,"hidden_gem_score":null,"kuadran":"JEBAKAN_GENGSI"}},{"type":"Feature","id":"898c1078a33ffff","geometry":{"type":"Polygon","coordinates":[[[106.810111,-6.211011],[106.809694,-6.209277],[106.807919,-6.20884],[106.80656,-6.210139],[106.806977,-6.211873],[106.808752,-6.21231],[106.810111,-6.211011]]]},"properties":{"h3_index":"898c1078a33ffff","kawasan":"Dukuh Atas BNI","tingkat_keyakinan":"RENDAH","n_titik_misi":0,"data_source":"predicted","zona_izin_komersial":null,"indeks_churn":null,"harga_sewa_median":null,"harga_sewa_per_m2":null,"belanja_per_jam":null,"njop_m2":null,"opportunity_score":52.7,"hidden_gem_score":0.511405965527384,"kuadran":"HIDDEN_GEM"}},{"type":"Feature","id":"898c1078a3bffff","geometry":{"type":"Polygon","coordinates":[[[106.811053,-6.207978],[106.810637,-6.206243],[106.808861,-6.205807],[106.807502,-6.207105],[106.807919,-6.20884],[106.809694,-6.209277],[106.811053,-6.207978]]]},"properties":{"h3_index":"898c1078a3bffff","kawasan":"Dukuh Atas BNI","tingkat_keyakinan":"RENDAH","n_titik_misi":0,"data_source":"predicted","zona_izin_komersial":true,"indeks_churn":null,"harga_sewa_median":null,"harga_sewa_per_m2":null,"belanja_per_jam":null,"njop_m2":null,"opportunity_score":40.9,"hidden_gem_score":null,"kuadran":"JEBAKAN_GENGSI"}},{"type":"Feature","id":"898c1078a43ffff","geometry":{"type":"Polygon","coordinates":[[[106.821398,-6.202359],[106.820981,-6.200624],[106.819206,-6.200188],[106.817847,-6.201486],[106.818264,-6.203221],[106.820039,-6.203657],[106.821398,-6.202359]]]},"properties":{"h3_index":"898c1078a43ffff","kawasan":"Dukuh Atas BNI","tingkat_keyakinan":"RENDAH","n_titik_misi":0,"data_source":"predicted","zona_izin_komersial":true,"indeks_churn":null,"harga_sewa_median":null,"harga_sewa_per_m2":null,"belanja_per_jam":null,"njop_m2":null,"opportunity_score":80.3,"hidden_gem_score":null,"kuadran":"PEMENANG_JELAS"}},{"type":"Feature","id":"898c1078a47ffff","geometry":{"type":"Polygon","coordinates":[[[106.818264,-6.203221],[106.817847,-6.201486],[106.816072,-6.20105],[106.814713,-6.202348],[106.81513,-6.204083],[106.816905,-6.204519],[106.818264,-6.203221]]]},"properties":{"h3_index":"898c1078a47ffff","kawasan":"Dukuh Atas BNI","tingkat_keyakinan":"RENDAH","n_titik_misi":0,"data_source":"predicted","zona_izin_komersial":true,"indeks_churn":null,"harga_sewa_median":null,"harga_sewa_per_m2":null,"belanja_per_jam":null,"njop_m2":null,"opportunity_score":63.9,"hidden_gem_score":null,"kuadran":"HIDDEN_GEM"}},{"type":"Feature","id":"898c1078a4bffff","geometry":{"type":"Polygon","coordinates":[[[106.82234,-6.199326],[106.821924,-6.197591],[106.820148,-6.197155],[106.81879,-6.198453],[106.819206,-6.200188],[106.820981,-6.200624],[106.82234,-6.199326]]]},"properties":{"h3_index":"898c1078a4bffff","kawasan":"Dukuh Atas BNI","tingkat_keyakinan":"RENDAH","n_titik_misi":0,"data_source":"predicted","zona_izin_komersial":true,"indeks_churn":null,"harga_sewa_median":null,"harga_sewa_per_m2":null,"belanja_per_jam":null,"njop_m2":null,"opportunity_score":74.2,"hidden_gem_score":null,"kuadran":"PEMENANG_JELAS"}},{"type":"Feature","id":"898c1078a4fffff","geometry":{"type":"Polygon","coordinates":[[[106.819206,-6.200188],[106.81879,-6.198453],[106.817014,-6.198017],[106.815655,-6.199315],[106.816072,-6.20105],[106.817847,-6.201486],[106.819206,-6.200188]]]},"properties":{"h3_index":"898c1078a4fffff","kawasan":"Dukuh Atas BNI","tingkat_keyakinan":"RENDAH","n_titik_misi":0,"data_source":"predicted","zona_izin_komersial":true,"indeks_churn":null,"harga_sewa_median":null,"harga_sewa_per_m2":null,"belanja_per_jam":null,"njop_m2":null,"opportunity_score":42.8,"hidden_gem_score":null,"kuadran":"JEBAKAN_GENGSI"}},{"type":"Feature","id":"898c1078a53ffff","geometry":{"type":"Polygon","coordinates":[[[106.823589,-6.20453],[106.823173,-6.202795],[106.821398,-6.202359],[106.820039,-6.203657],[106.820455,-6.205392],[106.822231,-6.205828],[106.823589,-6.20453]]]},"properties":{"h3_index":"898c1078a53ffff","kawasan":"Dukuh Atas BNI","tingkat_keyakinan":"RENDAH","n_titik_misi":0,"data_source":"predicted","zona_izin_komersial":true,"indeks_churn":null,"harga_sewa_median":null,"harga_sewa_per_m2":null,"belanja_per_jam":null,"njop_m2":null,"opportunity_score":71.1,"hidden_gem_score":null,"kuadran":"PEMENANG_JELAS"}},{"type":"Feature","id":"898c1078a57ffff","geometry":{"type":"Polygon","coordinates":[[[106.820455,-6.205392],[106.820039,-6.203657],[106.818264,-6.203221],[106.816905,-6.204519],[106.817321,-6.206254],[106.819097,-6.20669],[106.820455,-6.205392]]]},"properties":{"h3_index":"898c1078a57ffff","kawasan":"Dukuh Atas BNI","tingkat_keyakinan":"RENDAH","n_titik_misi":0,"data_source":"predicted","zona_izin_komersial":true,"indeks_churn":null,"harga_sewa_median":null,"harga_sewa_per_m2":null,"belanja_per_jam":null,"njop_m2":null,"opportunity_score":75.4,"hidden_gem_score":null,"kuadran":"PEMENANG_JELAS"}},{"type":"Feature","id":"898c1078a5bffff","geometry":{"type":"Polygon","coordinates":[[[106.824532,-6.201497],[106.824115,-6.199762],[106.82234,-6.199326],[106.820981,-6.200624],[106.821398,-6.202359],[106.823173,-6.202795],[106.824532,-6.201497]]]},"properties":{"h3_index":"898c1078a5bffff","kawasan":"Dukuh Atas BNI","tingkat_keyakinan":"RENDAH","n_titik_misi":4,"data_source":"observed","zona_izin_komersial":null,"indeks_churn":null,"harga_sewa_median":null,"harga_sewa_per_m2":null,"belanja_per_jam":null,"njop_m2":null,"opportunity_score":81.8,"hidden_gem_score":null,"kuadran":"PEMENANG_JELAS"}},{"type":"Feature","id":"898c1078a63ffff","geometry":{"type":"Polygon","coordinates":[[[106.812938,-6.201912],[106.812521,-6.200177],[106.810746,-6.199741],[106.809387,-6.201039],[106.809804,-6.202774],[106.811579,-6.20321],[106.812938,-6.201912]]]},"properties":{"h3_index":"898c1078a63ffff","kawasan":"Dukuh Atas BNI","tingkat_keyakinan":"RENDAH","n_titik_misi":0,"data_source":"predicted","zona_izin_komersial":true,"indeks_churn":null,"harga_sewa_median":null,"harga_sewa_per_m2":null,"belanja_per_jam":null,"njop_m2":null,"opportunity_score":49.2,"hidden_gem_score":null,"kuadran":"PEMENANG_JELAS"}},{"type":"Feature","id":"898c1078a67ffff","geometry":{"type":"Polygon","coordinates":[[[106.809804,-6.202774],[106.809387,-6.201039],[106.807612,-6.200603],[106.806253,-6.201901],[106.806669,-6.203636],[106.808445,-6.204072],[106.809804,-6.202774]]]},"properties":{"h3_index":"898c1078a67ffff","kawasan":"Dukuh Atas BNI","tingkat_keyakinan":"RENDAH","n_titik_misi":0,"data_source":"predicted","zona_izin_komersial":true,"indeks_churn":null,"harga_sewa_median":null,"harga_sewa_per_m2":null,"belanja_per_jam":null,"njop_m2":null,"opportunity_score":35.3,"hidden_gem_score":null,"kuadran":"JEBAKAN_GENGSI"}},{"type":"Feature","id":"898c1078a6bffff","geometry":{"type":"Polygon","coordinates":[[[106.81388,-6.198879],[106.813464,-6.197144],[106.811688,-6.196707],[106.810329,-6.198006],[106.810746,-6.199741],[106.812521,-6.200177],[106.81388,-6.198879]]]},"properties":{"h3_index":"898c1078a6bffff","kawasan":"Dukuh Atas BNI","tingkat_keyakinan":"RENDAH","n_titik_misi":0,"data_source":"predicted","zona_izin_komersial":null,"indeks_churn":null,"harga_sewa_median":null,"harga_sewa_per_m2":null,"belanja_per_jam":null,"njop_m2":null,"opportunity_score":51.1,"hidden_gem_score":null,"kuadran":"PEMENANG_JELAS"}},{"type":"Feature","id":"898c1078a6fffff","geometry":{"type":"Polygon","coordinates":[[[106.810746,-6.199741],[106.810329,-6.198006],[106.808554,-6.197569],[106.807195,-6.198868],[106.807612,-6.200603],[106.809387,-6.201039],[106.810746,-6.199741]]]},"properties":{"h3_index":"898c1078a6fffff","kawasan":"Tanah Abang","tingkat_keyakinan":"RENDAH","n_titik_misi":0,"data_source":"predicted","zona_izin_komersial":true,"indeks_churn":null,"harga_sewa_median":null,"harga_sewa_per_m2":null,"belanja_per_jam":null,"njop_m2":null,"opportunity_score":52.4,"hidden_gem_score":null,"kuadran":"HIDDEN_GEM"}},{"type":"Feature","id":"898c1078a73ffff","geometry":{"type":"Polygon","coordinates":[[[106.81513,-6.204083],[106.814713,-6.202348],[106.812938,-6.201912],[106.811579,-6.20321],[106.811996,-6.204945],[106.813771,-6.205381],[106.81513,-6.204083]]]},"properties":{"h3_index":"898c1078a73ffff","kawasan":"Dukuh Atas BNI","tingkat_keyakinan":"RENDAH","n_titik_misi":0,"data_source":"predicted","zona_izin_komersial":null,"indeks_churn":null,"harga_sewa_median":null,"harga_sewa_per_m2":null,"belanja_per_jam":null,"njop_m2":null,"opportunity_score":54.7,"hidden_gem_score":null,"kuadran":"HIDDEN_GEM"}},{"type":"Feature","id":"898c1078a77ffff","geometry":{"type":"Polygon","coordinates":[[[106.811996,-6.204945],[106.811579,-6.20321],[106.809804,-6.202774],[106.808445,-6.204072],[106.808861,-6.205807],[106.810637,-6.206243],[106.811996,-6.204945]]]},"properties":{"h3_index":"898c1078a77ffff","kawasan":"Dukuh Atas BNI","tingkat_keyakinan":"RENDAH","n_titik_misi":0,"data_source":"predicted","zona_izin_komersial":true,"indeks_churn":null,"harga_sewa_median":null,"harga_sewa_per_m2":null,"belanja_per_jam":null,"njop_m2":null,"opportunity_score":28.0,"hidden_gem_score":null,"kuadran":"JEBAKAN_GENGSI"}},{"type":"Feature","id":"898c1078a7bffff","geometry":{"type":"Polygon","coordinates":[[[106.816072,-6.20105],[106.815655,-6.199315],[106.81388,-6.198879],[106.812521,-6.200177],[106.812938,-6.201912],[106.814713,-6.202348],[106.816072,-6.20105]]]},"properties":{"h3_index":"898c1078a7bffff","kawasan":"Dukuh Atas BNI","tingkat_keyakinan":"RENDAH","n_titik_misi":0,"data_source":"predicted","zona_izin_komersial":true,"indeks_churn":null,"harga_sewa_median":null,"harga_sewa_per_m2":null,"belanja_per_jam":null,"njop_m2":null,"opportunity_score":36.7,"hidden_gem_score":null,"kuadran":"JEBAKAN_GENGSI"}},{"type":"Feature","id":"898c1078a83ffff","geometry":{"type":"Polygon","coordinates":[[[106.81982,-6.216662],[106.819404,-6.214927],[106.817628,-6.214491],[106.81627,-6.215789],[106.816686,-6.217524],[106.818461,-6.21796],[106.81982,-6.216662]]]},"properties":{"h3_index":"898c1078a83ffff","kawasan":"Dukuh Atas BNI","tingkat_keyakinan":"RENDAH","n_titik_misi":0,"data_source":"predicted","zona_izin_komersial":true,"indeks_churn":null,"harga_sewa_median":null,"harga_sewa_per_m2":null,"belanja_per_jam":null,"njop_m2":null,"opportunity_score":70.8,"hidden_gem_score":null,"kuadran":"HIDDEN_GEM"}},{"type":"Feature","id":"898c1078a87ffff","geometry":{"type":"Polygon","coordinates":[[[106.816686,-6.217524],[106.81627,-6.215789],[106.814495,-6.215353],[106.813136,-6.216651],[106.813552,-6.218386],[106.815327,-6.218822],[106.816686,-6.217524]]]},"properties":{"h3_index":"898c1078a87ffff","kawasan":"Dukuh Atas BNI","tingkat_keyakinan":"RENDAH","n_titik_misi":0,"data_source":"predicted","zona_izin_komersial":true,"indeks_churn":null,"harga_sewa_median":null,"harga_sewa_per_m2":null,"belanja_per_jam":null,"njop_m2":null,"opportunity_score":67.6,"hidden_gem_score":null,"kuadran":"PEMENANG_JELAS"}},{"type":"Feature","id":"898c1078a8bffff","geometry":{"type":"Polygon","coordinates":[[[106.820762,-6.213629],[106.820346,-6.211894],[106.818571,-6.211458],[106.817212,-6.212756],[106.817628,-6.214491],[106.819404,-6.214927],[106.820762,-6.213629]]]},"properties":{"h3_index":"898c1078a8bffff","kawasan":"Dukuh Atas BNI","tingkat_keyakinan":"RENDAH","n_titik_misi":0,"data_source":"predicted","zona_izin_komersial":true,"indeks_churn":null,"harga_sewa_median":null,"harga_sewa_per_m2":null,"belanja_per_jam":null,"njop_m2":null,"opportunity_score":60.4,"hidden_gem_score":null,"kuadran":"PEMENANG_JELAS"}},{"type":"Feature","id":"898c1078a8fffff","geometry":{"type":"Polygon","coordinates":[[[106.817628,-6.214491],[106.817212,-6.212756],[106.815437,-6.21232],[106.814078,-6.213618],[106.814495,-6.215353],[106.81627,-6.215789],[106.817628,-6.214491]]]},"properties":{"h3_index":"898c1078a8fffff","kawasan":"Dukuh Atas BNI","tingkat_keyakinan":"RENDAH","n_titik_misi":0,"data_source":"predicted","zona_izin_komersial":true,"indeks_churn":null,"harga_sewa_median":null,"harga_sewa_per_m2":null,"belanja_per_jam":null,"njop_m2":null,"opportunity_score":72.5,"hidden_gem_score":null,"kuadran":"HIDDEN_GEM"}},{"type":"Feature","id":"898c1078a93ffff","geometry":{"type":"Polygon","coordinates":[[[106.822012,-6.218832],[106.821595,-6.217098],[106.81982,-6.216662],[106.818461,-6.21796],[106.818878,-6.219694],[106.820653,-6.22013],[106.822012,-6.218832]]]},"properties":{"h3_index":"898c1078a93ffff","kawasan":"Dukuh Atas BNI","tingkat_keyakinan":"RENDAH","n_titik_misi":0,"data_source":"predicted","zona_izin_komersial":true,"indeks_churn":null,"harga_sewa_median":null,"harga_sewa_per_m2":null,"belanja_per_jam":null,"njop_m2":null,"opportunity_score":67.0,"hidden_gem_score":null,"kuadran":"PEMENANG_JELAS"}},{"type":"Feature","id":"898c1078a97ffff","geometry":{"type":"Polygon","coordinates":[[[106.818878,-6.219694],[106.818461,-6.21796],[106.816686,-6.217524],[106.815327,-6.218822],[106.815744,-6.220556],[106.817519,-6.220993],[106.818878,-6.219694]]]},"properties":{"h3_index":"898c1078a97ffff","kawasan":"Dukuh Atas BNI","tingkat_keyakinan":"RENDAH","n_titik_misi":0,"data_source":"predicted","zona_izin_komersial":true,"indeks_churn":null,"harga_sewa_median":null,"harga_sewa_per_m2":null,"belanja_per_jam":null,"njop_m2":null,"opportunity_score":72.9,"hidden_gem_score":null,"kuadran":"PEMENANG_JELAS"}},{"type":"Feature","id":"898c1078a9bffff","geometry":{"type":"Polygon","coordinates":[[[106.822954,-6.215799],[106.822538,-6.214065],[106.820762,-6.213629],[106.819404,-6.214927],[106.81982,-6.216662],[106.821595,-6.217098],[106.822954,-6.215799]]]},"properties":{"h3_index":"898c1078a9bffff","kawasan":"Dukuh Atas BNI","tingkat_keyakinan":"RENDAH","n_titik_misi":0,"data_source":"predicted","zona_izin_komersial":true,"indeks_churn":null,"harga_sewa_median":null,"harga_sewa_per_m2":null,"belanja_per_jam":null,"njop_m2":null,"opportunity_score":48.4,"hidden_gem_score":null,"kuadran":"PEMENANG_JELAS"}},{"type":"Feature","id":"898c1078aabffff","geometry":{"type":"Polygon","coordinates":[[[106.812303,-6.213182],[106.811886,-6.211447],[106.810111,-6.211011],[106.808752,-6.21231],[106.809169,-6.214044],[106.810944,-6.21448],[106.812303,-6.213182]]]},"properties":{"h3_index":"898c1078aabffff","kawasan":"Dukuh Atas BNI","tingkat_keyakinan":"RENDAH","n_titik_misi":0,"data_source":"predicted","zona_izin_komersial":true,"indeks_churn":null,"harga_sewa_median":null,"harga_sewa_per_m2":null,"belanja_per_jam":null,"njop_m2":null,"opportunity_score":52.6,"hidden_gem_score":null,"kuadran":"PEMENANG_JELAS"}},{"type":"Feature","id":"898c1078abbffff","geometry":{"type":"Polygon","coordinates":[[[106.814495,-6.215353],[106.814078,-6.213618],[106.812303,-6.213182],[106.810944,-6.21448],[106.81136,-6.216215],[106.813136,-6.216651],[106.814495,-6.215353]]]},"properties":{"h3_index":"898c1078abbffff","kawasan":"Dukuh Atas BNI","tingkat_keyakinan":"RENDAH","n_titik_misi":1,"data_source":"observed","zona_izin_komersial":true,"indeks_churn":null,"harga_sewa_median":null,"harga_sewa_per_m2":null,"belanja_per_jam":null,"njop_m2":null,"opportunity_score":49.3,"hidden_gem_score":null,"kuadran":"PEMENANG_JELAS"}},{"type":"Feature","id":"898c1078ac3ffff","geometry":{"type":"Polygon","coordinates":[[[106.824839,-6.209734],[106.824422,-6.207999],[106.822647,-6.207563],[106.821288,-6.208861],[106.821705,-6.210596],[106.82348,-6.211032],[106.824839,-6.209734]]]},"properties":{"h3_index":"898c1078ac3ffff","kawasan":"Dukuh Atas BNI","tingkat_keyakinan":"RENDAH","n_titik_misi":0,"data_source":"predicted","zona_izin_komersial":true,"indeks_churn":null,"harga_sewa_median":null,"harga_sewa_per_m2":null,"belanja_per_jam":null,"njop_m2":null,"opportunity_score":59.1,"hidden_gem_score":null,"kuadran":"PEMENANG_JELAS"}},{"type":"Feature","id":"898c1078ac7ffff","geometry":{"type":"Polygon","coordinates":[[[106.821705,-6.210596],[106.821288,-6.208861],[106.819513,-6.208425],[106.818154,-6.209723],[106.818571,-6.211458],[106.820346,-6.211894],[106.821705,-6.210596]]]},"properties":{"h3_index":"898c1078ac7ffff","kawasan":"Dukuh Atas BNI","tingkat_keyakinan":"RENDAH","n_titik_misi":0,"data_source":"predicted","zona_izin_komersial":true,"indeks_churn":null,"harga_sewa_median":null,"harga_sewa_per_m2":null,"belanja_per_jam":null,"njop_m2":null,"opportunity_score":75.8,"hidden_gem_score":null,"kuadran":"PEMENANG_JELAS"}},{"type":"Feature","id":"898c1078acbffff","geometry":{"type":"Polygon","coordinates":[[[106.825781,-6.206701],[106.825365,-6.204966],[106.823589,-6.20453],[106.822231,-6.205828],[106.822647,-6.207563],[106.824422,-6.207999],[106.825781,-6.206701]]]},"properties":{"h3_index":"898c1078acbffff","kawasan":"Dukuh Atas BNI","tingkat_keyakinan":"RENDAH","n_titik_misi":0,"data_source":"predicted","zona_izin_komersial":true,"indeks_churn":null,"harga_sewa_median":null,"harga_sewa_per_m2":null,"belanja_per_jam":null,"njop_m2":null,"opportunity_score":87.1,"hidden_gem_score":null,"kuadran":"PEMENANG_JELAS"}},{"type":"Feature","id":"898c1078acfffff","geometry":{"type":"Polygon","coordinates":[[[106.822647,-6.207563],[106.822231,-6.205828],[106.820455,-6.205392],[106.819097,-6.20669],[106.819513,-6.208425],[106.821288,-6.208861],[106.822647,-6.207563]]]},"properties":{"h3_index":"898c1078acfffff","kawasan":"Dukuh Atas BNI","tingkat_keyakinan":"RENDAH","n_titik_misi":0,"data_source":"predicted","zona_izin_komersial":true,"indeks_churn":null,"harga_sewa_median":null,"harga_sewa_per_m2":null,"belanja_per_jam":null,"njop_m2":null,"opportunity_score":74.6,"hidden_gem_score":null,"kuadran":"PEMENANG_JELAS"}},{"type":"Feature","id":"898c1078ad3ffff","geometry":{"type":"Polygon","coordinates":[[[106.82703,-6.211905],[106.826614,-6.21017],[106.824839,-6.209734],[106.82348,-6.211032],[106.823896,-6.212767],[106.825671,-6.213203],[106.82703,-6.211905]]]},"properties":{"h3_index":"898c1078ad3ffff","kawasan":"Dukuh Atas BNI","tingkat_keyakinan":"RENDAH","n_titik_misi":0,"data_source":"predicted","zona_izin_komersial":true,"indeks_churn":null,"harga_sewa_median":null,"harga_sewa_per_m2":null,"belanja_per_jam":null,"njop_m2":null,"opportunity_score":45.5,"hidden_gem_score":null,"kuadran":"PEMENANG_JELAS"}},{"type":"Feature","id":"898c1078ad7ffff","geometry":{"type":"Polygon","coordinates":[[[106.823896,-6.212767],[106.82348,-6.211032],[106.821705,-6.210596],[106.820346,-6.211894],[106.820762,-6.213629],[106.822538,-6.214065],[106.823896,-6.212767]]]},"properties":{"h3_index":"898c1078ad7ffff","kawasan":"Dukuh Atas BNI","tingkat_keyakinan":"RENDAH","n_titik_misi":0,"data_source":"predicted","zona_izin_komersial":true,"indeks_churn":null,"harga_sewa_median":null,"harga_sewa_per_m2":null,"belanja_per_jam":null,"njop_m2":null,"opportunity_score":63.7,"hidden_gem_score":0.539040880348641,"kuadran":"HIDDEN_GEM"}},{"type":"Feature","id":"898c1078adbffff","geometry":{"type":"Polygon","coordinates":[[[106.827972,-6.208872],[106.827556,-6.207137],[106.825781,-6.206701],[106.824422,-6.207999],[106.824839,-6.209734],[106.826614,-6.21017],[106.827972,-6.208872]]]},"properties":{"h3_index":"898c1078adbffff","kawasan":"Dukuh Atas BNI","tingkat_keyakinan":"RENDAH","n_titik_misi":0,"data_source":"predicted","zona_izin_komersial":true,"indeks_churn":null,"harga_sewa_median":null,"harga_sewa_per_m2":null,"belanja_per_jam":null,"njop_m2":null,"opportunity_score":63.5,"hidden_gem_score":null,"kuadran":"PEMENANG_JELAS"}},{"type":"Feature","id":"898c1078e43ffff","geometry":{"type":"Polygon","coordinates":[[[106.836738,-6.217554],[106.836322,-6.21582],[106.834547,-6.215384],[106.833188,-6.216682],[106.833604,-6.218416],[106.835379,-6.218853],[106.836738,-6.217554]]]},"properties":{"h3_index":"898c1078e43ffff","kawasan":"Manggarai","tingkat_keyakinan":"RENDAH","n_titik_misi":0,"data_source":"predicted","zona_izin_komersial":true,"indeks_churn":null,"harga_sewa_median":null,"harga_sewa_per_m2":null,"belanja_per_jam":null,"njop_m2":null,"opportunity_score":44.6,"hidden_gem_score":null,"kuadran":"PEMENANG_JELAS"}},{"type":"Feature","id":"898c1078e47ffff","geometry":{"type":"Polygon","coordinates":[[[106.833604,-6.218416],[106.833188,-6.216682],[106.831413,-6.216246],[106.830054,-6.217544],[106.830471,-6.219279],[106.832246,-6.219715],[106.833604,-6.218416]]]},"properties":{"h3_index":"898c1078e47ffff","kawasan":"Manggarai","tingkat_keyakinan":"RENDAH","n_titik_misi":0,"data_source":"predicted","zona_izin_komersial":true,"indeks_churn":null,"harga_sewa_median":null,"harga_sewa_per_m2":null,"belanja_per_jam":null,"njop_m2":null,"opportunity_score":62.9,"hidden_gem_score":null,"kuadran":"PEMENANG_JELAS"}},{"type":"Feature","id":"898c1078e4bffff","geometry":{"type":"Polygon","coordinates":[[[106.83768,-6.214522],[106.837264,-6.212787],[106.835489,-6.212351],[106.83413,-6.213649],[106.834547,-6.215384],[106.836322,-6.21582],[106.83768,-6.214522]]]},"properties":{"h3_index":"898c1078e4bffff","kawasan":"Manggarai","tingkat_keyakinan":"RENDAH","n_titik_misi":0,"data_source":"predicted","zona_izin_komersial":true,"indeks_churn":null,"harga_sewa_median":null,"harga_sewa_per_m2":null,"belanja_per_jam":null,"njop_m2":null,"opportunity_score":35.7,"hidden_gem_score":null,"kuadran":"JEBAKAN_GENGSI"}},{"type":"Feature","id":"898c1078e4fffff","geometry":{"type":"Polygon","coordinates":[[[106.834547,-6.215384],[106.83413,-6.213649],[106.832355,-6.213213],[106.830997,-6.214511],[106.831413,-6.216246],[106.833188,-6.216682],[106.834547,-6.215384]]]},"properties":{"h3_index":"898c1078e4fffff","kawasan":"Manggarai","tingkat_keyakinan":"RENDAH","n_titik_misi":0,"data_source":"predicted","zona_izin_komersial":true,"indeks_churn":null,"harga_sewa_median":null,"harga_sewa_per_m2":null,"belanja_per_jam":null,"njop_m2":null,"opportunity_score":44.8,"hidden_gem_score":0.519069454052984,"kuadran":"HIDDEN_GEM"}},{"type":"Feature","id":"898c1078e53ffff","geometry":{"type":"Polygon","coordinates":[[[106.838929,-6.219725],[106.838513,-6.21799],[106.836738,-6.217554],[106.835379,-6.218853],[106.835796,-6.220587],[106.83757,-6.221023],[106.838929,-6.219725]]]},"properties":{"h3_index":"898c1078e53ffff","kawasan":"Manggarai","tingkat_keyakinan":"RENDAH","n_titik_misi":0,"data_source":"predicted","zona_izin_komersial":true,"indeks_churn":null,"harga_sewa_median":null,"harga_sewa_per_m2":null,"belanja_per_jam":null,"njop_m2":null,"opportunity_score":50.0,"hidden_gem_score":0.550976936728299,"kuadran":"HIDDEN_GEM"}},{"type":"Feature","id":"898c1078e57ffff","geometry":{"type":"Polygon","coordinates":[[[106.835796,-6.220587],[106.835379,-6.218853],[106.833604,-6.218416],[106.832246,-6.219715],[106.832662,-6.221449],[106.834437,-6.221885],[106.835796,-6.220587]]]},"properties":{"h3_index":"898c1078e57ffff","kawasan":"Manggarai","tingkat_keyakinan":"RENDAH","n_titik_misi":0,"data_source":"predicted","zona_izin_komersial":true,"indeks_churn":null,"harga_sewa_median":null,"harga_sewa_per_m2":null,"belanja_per_jam":null,"njop_m2":null,"opportunity_score":63.8,"hidden_gem_score":null,"kuadran":"PEMENANG_JELAS"}},{"type":"Feature","id":"898c1078e5bffff","geometry":{"type":"Polygon","coordinates":[[[106.839871,-6.216692],[106.839455,-6.214958],[106.83768,-6.214522],[106.836322,-6.21582],[106.836738,-6.217554],[106.838513,-6.21799],[106.839871,-6.216692]]]},"properties":{"h3_index":"898c1078e5bffff","kawasan":"Manggarai","tingkat_keyakinan":"RENDAH","n_titik_misi":0,"data_source":"predicted","zona_izin_komersial":true,"indeks_churn":null,"harga_sewa_median":null,"harga_sewa_per_m2":null,"belanja_per_jam":null,"njop_m2":null,"opportunity_score":39.6,"hidden_gem_score":null,"kuadran":"JEBAKAN_GENGSI"}},{"type":"Feature","id":"898c1078e63ffff","geometry":{"type":"Polygon","coordinates":[[[106.828279,-6.217108],[106.827863,-6.215374],[106.826088,-6.214937],[106.824729,-6.216236],[106.825145,-6.21797],[106.826921,-6.218406],[106.828279,-6.217108]]]},"properties":{"h3_index":"898c1078e63ffff","kawasan":"Dukuh Atas BNI","tingkat_keyakinan":"RENDAH","n_titik_misi":0,"data_source":"predicted","zona_izin_komersial":null,"indeks_churn":null,"harga_sewa_median":null,"harga_sewa_per_m2":null,"belanja_per_jam":null,"njop_m2":null,"opportunity_score":56.3,"hidden_gem_score":null,"kuadran":"PEMENANG_JELAS"}},{"type":"Feature","id":"898c1078e67ffff","geometry":{"type":"Polygon","coordinates":[[[106.825145,-6.21797],[106.824729,-6.216236],[106.822954,-6.215799],[106.821595,-6.217098],[106.822012,-6.218832],[106.823787,-6.219268],[106.825145,-6.21797]]]},"properties":{"h3_index":"898c1078e67ffff","kawasan":"Dukuh Atas BNI","tingkat_keyakinan":"RENDAH","n_titik_misi":0,"data_source":"predicted","zona_izin_komersial":true,"indeks_churn":null,"harga_sewa_median":null,"harga_sewa_per_m2":null,"belanja_per_jam":null,"njop_m2":null,"opportunity_score":48.5,"hidden_gem_score":null,"kuadran":"PEMENANG_JELAS"}},{"type":"Feature","id":"898c1078e6bffff","geometry":{"type":"Polygon","coordinates":[[[106.829222,-6.214075],[106.828805,-6.212341],[106.82703,-6.211905],[106.825671,-6.213203],[106.826088,-6.214937],[106.827863,-6.215374],[106.829222,-6.214075]]]},"properties":{"h3_index":"898c1078e6bffff","kawasan":"Dukuh Atas BNI","tingkat_keyakinan":"RENDAH","n_titik_misi":0,"data_source":"predicted","zona_izin_komersial":true,"indeks_churn":null,"harga_sewa_median":null,"harga_sewa_per_m2":null,"belanja_per_jam":null,"njop_m2":null,"opportunity_score":64.4,"hidden_gem_score":0.564144618821187,"kuadran":"HIDDEN_GEM"}},{"type":"Feature","id":"898c1078e6fffff","geometry":{"type":"Polygon","coordinates":[[[106.826088,-6.214937],[106.825671,-6.213203],[106.823896,-6.212767],[106.822538,-6.214065],[106.822954,-6.215799],[106.824729,-6.216236],[106.826088,-6.214937]]]},"properties":{"h3_index":"898c1078e6fffff","kawasan":"Dukuh Atas BNI","tingkat_keyakinan":"RENDAH","n_titik_misi":0,"data_source":"predicted","zona_izin_komersial":null,"indeks_churn":null,"harga_sewa_median":null,"harga_sewa_per_m2":null,"belanja_per_jam":null,"njop_m2":null,"opportunity_score":21.9,"hidden_gem_score":null,"kuadran":"JEBAKAN_GENGSI"}},{"type":"Feature","id":"898c1078e7bffff","geometry":{"type":"Polygon","coordinates":[[[106.831413,-6.216246],[106.830997,-6.214511],[106.829222,-6.214075],[106.827863,-6.215374],[106.828279,-6.217108],[106.830054,-6.217544],[106.831413,-6.216246]]]},"properties":{"h3_index":"898c1078e7bffff","kawasan":"Dukuh Atas BNI","tingkat_keyakinan":"RENDAH","n_titik_misi":0,"data_source":"predicted","zona_izin_komersial":true,"indeks_churn":null,"harga_sewa_median":null,"harga_sewa_per_m2":null,"belanja_per_jam":null,"njop_m2":null,"opportunity_score":48.7,"hidden_gem_score":null,"kuadran":"PEMENANG_JELAS"}},{"type":"Feature","id":"898c1078ec3ffff","geometry":{"type":"Polygon","coordinates":[[[106.840178,-6.224927],[106.839762,-6.223193],[106.837987,-6.222757],[106.836628,-6.224055],[106.837044,-6.22579],[106.838819,-6.226226],[106.840178,-6.224927]]]},"properties":{"h3_index":"898c1078ec3ffff","kawasan":"Manggarai","tingkat_keyakinan":"RENDAH","n_titik_misi":0,"data_source":"predicted","zona_izin_komersial":true,"indeks_churn":null,"harga_sewa_median":null,"harga_sewa_per_m2":null,"belanja_per_jam":null,"njop_m2":null,"opportunity_score":36.7,"hidden_gem_score":null,"kuadran":"JEBAKAN_GENGSI"}},{"type":"Feature","id":"898c1078ecbffff","geometry":{"type":"Polygon","coordinates":[[[106.84112,-6.221895],[106.840704,-6.220161],[106.838929,-6.219725],[106.83757,-6.221023],[106.837987,-6.222757],[106.839762,-6.223193],[106.84112,-6.221895]]]},"properties":{"h3_index":"898c1078ecbffff","kawasan":"Manggarai","tingkat_keyakinan":"RENDAH","n_titik_misi":0,"data_source":"predicted","zona_izin_komersial":true,"indeks_churn":null,"harga_sewa_median":null,"harga_sewa_per_m2":null,"belanja_per_jam":null,"njop_m2":null,"opportunity_score":58.0,"hidden_gem_score":0.585496178378395,"kuadran":"HIDDEN_GEM"}},{"type":"Feature","id":"898c1078ecfffff","geometry":{"type":"Polygon","coordinates":[[[106.837987,-6.222757],[106.83757,-6.221023],[106.835796,-6.220587],[106.834437,-6.221885],[106.834853,-6.223619],[106.836628,-6.224055],[106.837987,-6.222757]]]},"properties":{"h3_index":"898c1078ecfffff","kawasan":"Manggarai","tingkat_keyakinan":"RENDAH","n_titik_misi":0,"data_source":"predicted","zona_izin_komersial":true,"indeks_churn":null,"harga_sewa_median":null,"harga_sewa_per_m2":null,"belanja_per_jam":null,"njop_m2":null,"opportunity_score":44.9,"hidden_gem_score":0.53210349678381,"kuadran":"HIDDEN_GEM"}},{"type":"Feature","id":"898c1078ed3ffff","geometry":{"type":"Polygon","coordinates":[[[106.842369,-6.227098],[106.841953,-6.225363],[106.840178,-6.224927],[106.838819,-6.226226],[106.839236,-6.22796],[106.84101,-6.228396],[106.842369,-6.227098]]]},"properties":{"h3_index":"898c1078ed3ffff","kawasan":"Manggarai","tingkat_keyakinan":"RENDAH","n_titik_misi":0,"data_source":"predicted","zona_izin_komersial":true,"indeks_churn":null,"harga_sewa_median":null,"harga_sewa_per_m2":null,"belanja_per_jam":null,"njop_m2":null,"opportunity_score":45.2,"hidden_gem_score":0.548984862333566,"kuadran":"HIDDEN_GEM"}},{"type":"Feature","id":"898c1078edbffff","geometry":{"type":"Polygon","coordinates":[[[106.843311,-6.224065],[106.842895,-6.222331],[106.84112,-6.221895],[106.839762,-6.223193],[106.840178,-6.224927],[106.841953,-6.225363],[106.843311,-6.224065]]]},"properties":{"h3_index":"898c1078edbffff","kawasan":"Manggarai","tingkat_keyakinan":"RENDAH","n_titik_misi":1,"data_source":"observed","zona_izin_komersial":true,"indeks_churn":null,"harga_sewa_median":null,"harga_sewa_per_m2":null,"belanja_per_jam":null,"njop_m2":null,"opportunity_score":50.9,"hidden_gem_score":null,"kuadran":"PEMENANG_JELAS"}},{"type":"Feature","id":"898c10798a7ffff","geometry":{"type":"Polygon","coordinates":[[[106.836761,-6.189811],[106.836344,-6.188076],[106.834569,-6.18764],[106.83321,-6.188938],[106.833627,-6.190673],[106.835402,-6.19111],[106.836761,-6.189811]]]},"properties":{"h3_index":"898c10798a7ffff","kawasan":"Dukuh Atas BNI","tingkat_keyakinan":"RENDAH","n_titik_misi":0,"data_source":"predicted","zona_izin_komersial":true,"indeks_churn":null,"harga_sewa_median":null,"harga_sewa_per_m2":null,"belanja_per_jam":null,"njop_m2":null,"opportunity_score":64.4,"hidden_gem_score":null,"kuadran":"PEMENANG_JELAS"}},{"type":"Feature","id":"898c10798b7ffff","geometry":{"type":"Polygon","coordinates":[[[106.838952,-6.191982],[106.838536,-6.190247],[106.836761,-6.189811],[106.835402,-6.19111],[106.835818,-6.192844],[106.837593,-6.193281],[106.838952,-6.191982]]]},"properties":{"h3_index":"898c10798b7ffff","kawasan":"Dukuh Atas BNI","tingkat_keyakinan":"RENDAH","n_titik_misi":0,"data_source":"predicted","zona_izin_komersial":true,"indeks_churn":null,"harga_sewa_median":null,"harga_sewa_per_m2":null,"belanja_per_jam":null,"njop_m2":null,"opportunity_score":53.5,"hidden_gem_score":null,"kuadran":"PEMENANG_JELAS"}},{"type":"Feature","id":"898c1079903ffff","geometry":{"type":"Polygon","coordinates":[[[106.822976,-6.188054],[106.822559,-6.186319],[106.820784,-6.185883],[106.819425,-6.187181],[106.819841,-6.188916],[106.821617,-6.189353],[106.822976,-6.188054]]]},"properties":{"h3_index":"898c1079903ffff","kawasan":"Tanah Abang","tingkat_keyakinan":"RENDAH","n_titik_misi":0,"data_source":"predicted","zona_izin_komersial":true,"indeks_churn":null,"harga_sewa_median":null,"harga_sewa_per_m2":null,"belanja_per_jam":null,"njop_m2":null,"opportunity_score":67.2,"hidden_gem_score":null,"kuadran":"PEMENANG_JELAS"}},{"type":"Feature","id":"898c1079907ffff","geometry":{"type":"Polygon","coordinates":[[[106.819841,-6.188916],[106.819425,-6.187181],[106.81765,-6.186745],[106.816291,-6.188043],[106.816707,-6.189779],[106.818483,-6.190215],[106.819841,-6.188916]]]},"properties":{"h3_index":"898c1079907ffff","kawasan":"Tanah Abang","tingkat_keyakinan":"RENDAH","n_titik_misi":0,"data_source":"predicted","zona_izin_komersial":true,"indeks_churn":null,"harga_sewa_median":null,"harga_sewa_per_m2":null,"belanja_per_jam":null,"njop_m2":null,"opportunity_score":64.6,"hidden_gem_score":null,"kuadran":"PEMENANG_JELAS"}},{"type":"Feature","id":"898c107990bffff","geometry":{"type":"Polygon","coordinates":[[[106.823918,-6.185021],[106.823501,-6.183286],[106.821726,-6.182849],[106.820367,-6.184148],[106.820784,-6.185883],[106.822559,-6.186319],[106.823918,-6.185021]]]},"properties":{"h3_index":"898c107990bffff","kawasan":"Tanah Abang","tingkat_keyakinan":"RENDAH","n_titik_misi":0,"data_source":"predicted","zona_izin_komersial":true,"indeks_churn":null,"harga_sewa_median":null,"harga_sewa_per_m2":null,"belanja_per_jam":null,"njop_m2":null,"opportunity_score":55.7,"hidden_gem_score":null,"kuadran":"PEMENANG_JELAS"}},{"type":"Feature","id":"898c107990fffff","geometry":{"type":"Polygon","coordinates":[[[106.820784,-6.185883],[106.820367,-6.184148],[106.818592,-6.183711],[106.817233,-6.18501],[106.81765,-6.186745],[106.819425,-6.187181],[106.820784,-6.185883]]]},"properties":{"h3_index":"898c107990fffff","kawasan":"Tanah Abang","tingkat_keyakinan":"RENDAH","n_titik_misi":0,"data_source":"predicted","zona_izin_komersial":true,"indeks_churn":null,"harga_sewa_median":null,"harga_sewa_per_m2":null,"belanja_per_jam":null,"njop_m2":null,"opportunity_score":69.3,"hidden_gem_score":null,"kuadran":"PEMENANG_JELAS"}},{"type":"Feature","id":"898c1079913ffff","geometry":{"type":"Polygon","coordinates":[[[106.825167,-6.190226],[106.824751,-6.188491],[106.822976,-6.188054],[106.821617,-6.189353],[106.822033,-6.191088],[106.823808,-6.191524],[106.825167,-6.190226]]]},"properties":{"h3_index":"898c1079913ffff","kawasan":"Dukuh Atas BNI","tingkat_keyakinan":"RENDAH","n_titik_misi":0,"data_source":"predicted","zona_izin_komersial":true,"indeks_churn":null,"harga_sewa_median":null,"harga_sewa_per_m2":null,"belanja_per_jam":null,"njop_m2":null,"opportunity_score":70.1,"hidden_gem_score":null,"kuadran":"PEMENANG_JELAS"}},{"type":"Feature","id":"898c1079917ffff","geometry":{"type":"Polygon","coordinates":[[[106.822033,-6.191088],[106.821617,-6.189353],[106.819841,-6.188916],[106.818483,-6.190215],[106.818899,-6.19195],[106.820674,-6.192386],[106.822033,-6.191088]]]},"properties":{"h3_index":"898c1079917ffff","kawasan":"Tanah Abang","tingkat_keyakinan":"RENDAH","n_titik_misi":0,"data_source":"predicted","zona_izin_komersial":true,"indeks_churn":null,"harga_sewa_median":null,"harga_sewa_per_m2":null,"belanja_per_jam":null,"njop_m2":null,"opportunity_score":49.0,"hidden_gem_score":null,"kuadran":"PEMENANG_JELAS"}},{"type":"Feature","id":"898c107991bffff","geometry":{"type":"Polygon","coordinates":[[[106.82611,-6.187192],[106.825693,-6.185457],[106.823918,-6.185021],[106.822559,-6.186319],[106.822976,-6.188054],[106.824751,-6.188491],[106.82611,-6.187192]]]},"properties":{"h3_index":"898c107991bffff","kawasan":"Tanah Abang","tingkat_keyakinan":"RENDAH","n_titik_misi":0,"data_source":"predicted","zona_izin_komersial":true,"indeks_churn":null,"harga_sewa_median":null,"harga_sewa_per_m2":null,"belanja_per_jam":null,"njop_m2":null,"opportunity_score":65.8,"hidden_gem_score":null,"kuadran":"PEMENANG_JELAS"}},{"type":"Feature","id":"898c1079923ffff","geometry":{"type":"Polygon","coordinates":[[[106.814515,-6.187607],[106.814099,-6.185872],[106.812323,-6.185435],[106.810964,-6.186734],[106.811381,-6.188469],[106.813156,-6.188905],[106.814515,-6.187607]]]},"properties":{"h3_index":"898c1079923ffff","kawasan":"Tanah Abang","tingkat_keyakinan":"RENDAH","n_titik_misi":0,"data_source":"predicted","zona_izin_komersial":true,"indeks_churn":null,"harga_sewa_median":null,"harga_sewa_per_m2":null,"belanja_per_jam":null,"njop_m2":null,"opportunity_score":84.5,"hidden_gem_score":null,"kuadran":"PEMENANG_JELAS"}},{"type":"Feature","id":"898c1079927ffff","geometry":{"type":"Polygon","coordinates":[[[106.811381,-6.188469],[106.810964,-6.186734],[106.809189,-6.186297],[106.80783,-6.187596],[106.808247,-6.189331],[106.810022,-6.189767],[106.811381,-6.188469]]]},"properties":{"h3_index":"898c1079927ffff","kawasan":"Tanah Abang","tingkat_keyakinan":"RENDAH","n_titik_misi":0,"data_source":"predicted","zona_izin_komersial":true,"indeks_churn":null,"harga_sewa_median":null,"harga_sewa_per_m2":null,"belanja_per_jam":null,"njop_m2":null,"opportunity_score":81.8,"hidden_gem_score":null,"kuadran":"PEMENANG_JELAS"}},{"type":"Feature","id":"898c107992bffff","geometry":{"type":"Polygon","coordinates":[[[106.815458,-6.184573],[106.815041,-6.182838],[106.813266,-6.182402],[106.811907,-6.1837],[106.812323,-6.185435],[106.814099,-6.185872],[106.815458,-6.184573]]]},"properties":{"h3_index":"898c107992bffff","kawasan":"Tanah Abang","tingkat_keyakinan":"RENDAH","n_titik_misi":0,"data_source":"predicted","zona_izin_komersial":true,"indeks_churn":null,"harga_sewa_median":null,"harga_sewa_per_m2":null,"belanja_per_jam":null,"njop_m2":null,"opportunity_score":78.9,"hidden_gem_score":null,"kuadran":"PEMENANG_JELAS"}},{"type":"Feature","id":"898c107992fffff","geometry":{"type":"Polygon","coordinates":[[[106.812323,-6.185435],[106.811907,-6.1837],[106.810131,-6.183264],[106.808772,-6.184562],[106.809189,-6.186297],[106.810964,-6.186734],[106.812323,-6.185435]]]},"properties":{"h3_index":"898c107992fffff","kawasan":"Tanah Abang","tingkat_keyakinan":"RENDAH","n_titik_misi":1,"data_source":"observed","zona_izin_komersial":true,"indeks_churn":null,"harga_sewa_median":null,"harga_sewa_per_m2":null,"belanja_per_jam":null,"njop_m2":null,"opportunity_score":74.6,"hidden_gem_score":null,"kuadran":"PEMENANG_JELAS"}},{"type":"Feature","id":"898c1079933ffff","geometry":{"type":"Polygon","coordinates":[[[106.816707,-6.189779],[106.816291,-6.188043],[106.814515,-6.187607],[106.813156,-6.188905],[106.813573,-6.190641],[106.815348,-6.191077],[106.816707,-6.189779]]]},"properties":{"h3_index":"898c1079933ffff","kawasan":"Tanah Abang","tingkat_keyakinan":"RENDAH","n_titik_misi":0,"data_source":"predicted","zona_izin_komersial":true,"indeks_churn":null,"harga_sewa_median":null,"harga_sewa_per_m2":null,"belanja_per_jam":null,"njop_m2":null,"opportunity_score":74.3,"hidden_gem_score":null,"kuadran":"PEMENANG_JELAS"}},{"type":"Feature","id":"898c1079937ffff","geometry":{"type":"Polygon","coordinates":[[[106.813573,-6.190641],[106.813156,-6.188905],[106.811381,-6.188469],[106.810022,-6.189767],[106.810439,-6.191503],[106.812214,-6.191939],[106.813573,-6.190641]]]},"properties":{"h3_index":"898c1079937ffff","kawasan":"Tanah Abang","tingkat_keyakinan":"RENDAH","n_titik_misi":1,"data_source":"observed","zona_izin_komersial":true,"indeks_churn":null,"harga_sewa_median":null,"harga_sewa_per_m2":null,"belanja_per_jam":null,"njop_m2":null,"opportunity_score":46.1,"hidden_gem_score":null,"kuadran":"PEMENANG_JELAS"}},{"type":"Feature","id":"898c107993bffff","geometry":{"type":"Polygon","coordinates":[[[106.81765,-6.186745],[106.817233,-6.18501],[106.815458,-6.184573],[106.814099,-6.185872],[106.814515,-6.187607],[106.816291,-6.188043],[106.81765,-6.186745]]]},"properties":{"h3_index":"898c107993bffff","kawasan":"Tanah Abang","tingkat_keyakinan":"RENDAH","n_titik_misi":0,"data_source":"predicted","zona_izin_komersial":true,"indeks_churn":null,"harga_sewa_median":null,"harga_sewa_per_m2":null,"belanja_per_jam":null,"njop_m2":null,"opportunity_score":67.0,"hidden_gem_score":null,"kuadran":"PEMENANG_JELAS"}},{"type":"Feature","id":"898c1079943ffff","geometry":{"type":"Polygon","coordinates":[[[106.827994,-6.181125],[106.827578,-6.17939],[106.825803,-6.178954],[106.824444,-6.180252],[106.82486,-6.181987],[106.826636,-6.182424],[106.827994,-6.181125]]]},"properties":{"h3_index":"898c1079943ffff","kawasan":"Tanah Abang","tingkat_keyakinan":"RENDAH","n_titik_misi":0,"data_source":"predicted","zona_izin_komersial":null,"indeks_churn":null,"harga_sewa_median":null,"harga_sewa_per_m2":null,"belanja_per_jam":null,"njop_m2":null,"opportunity_score":46.9,"hidden_gem_score":null,"kuadran":"PEMENANG_JELAS"}},{"type":"Feature","id":"898c1079947ffff","geometry":{"type":"Polygon","coordinates":[[[106.82486,-6.181987],[106.824444,-6.180252],[106.822669,-6.179816],[106.82131,-6.181114],[106.821726,-6.182849],[106.823501,-6.183286],[106.82486,-6.181987]]]},"properties":{"h3_index":"898c1079947ffff","kawasan":"Tanah Abang","tingkat_keyakinan":"RENDAH","n_titik_misi":0,"data_source":"predicted","zona_izin_komersial":null,"indeks_churn":null,"harga_sewa_median":null,"harga_sewa_per_m2":null,"belanja_per_jam":null,"njop_m2":null,"opportunity_score":69.5,"hidden_gem_score":null,"kuadran":"PEMENANG_JELAS"}},{"type":"Feature","id":"898c107994bffff","geometry":{"type":"Polygon","coordinates":[[[106.828937,-6.178092],[106.82852,-6.176356],[106.826745,-6.17592],[106.825386,-6.177218],[106.825803,-6.178954],[106.827578,-6.17939],[106.828937,-6.178092]]]},"properties":{"h3_index":"898c107994bffff","kawasan":"Tanah Abang","tingkat_keyakinan":"RENDAH","n_titik_misi":0,"data_source":"predicted","zona_izin_komersial":false,"indeks_churn":null,"harga_sewa_median":null,"harga_sewa_per_m2":null,"belanja_per_jam":null,"njop_m2":null,"opportunity_score":0.0,"hidden_gem_score":null,"kuadran":"HINDARI"}},{"type":"Feature","id":"898c107994fffff","geometry":{"type":"Polygon","coordinates":[[[106.825803,-6.178954],[106.825386,-6.177218],[106.823611,-6.176782],[106.822252,-6.17808],[106.822669,-6.179816],[106.824444,-6.180252],[106.825803,-6.178954]]]},"properties":{"h3_index":"898c107994fffff","kawasan":"Tanah Abang","tingkat_keyakinan":"RENDAH","n_titik_misi":0,"data_source":"predicted","zona_izin_komersial":null,"indeks_churn":null,"harga_sewa_median":null,"harga_sewa_per_m2":null,"belanja_per_jam":null,"njop_m2":null,"opportunity_score":64.9,"hidden_gem_score":null,"kuadran":"HIDDEN_GEM"}},{"type":"Feature","id":"898c1079953ffff","geometry":{"type":"Polygon","coordinates":[[[106.830186,-6.183297],[106.82977,-6.181562],[106.827994,-6.181125],[106.826636,-6.182424],[106.827052,-6.184159],[106.828827,-6.184595],[106.830186,-6.183297]]]},"properties":{"h3_index":"898c1079953ffff","kawasan":"Tanah Abang","tingkat_keyakinan":"RENDAH","n_titik_misi":0,"data_source":"predicted","zona_izin_komersial":true,"indeks_churn":null,"harga_sewa_median":null,"harga_sewa_per_m2":null,"belanja_per_jam":null,"njop_m2":null,"opportunity_score":65.2,"hidden_gem_score":null,"kuadran":"PEMENANG_JELAS"}},{"type":"Feature","id":"898c1079957ffff","geometry":{"type":"Polygon","coordinates":[[[106.827052,-6.184159],[106.826636,-6.182424],[106.82486,-6.181987],[106.823501,-6.183286],[106.823918,-6.185021],[106.825693,-6.185457],[106.827052,-6.184159]]]},"properties":{"h3_index":"898c1079957ffff","kawasan":"Tanah Abang","tingkat_keyakinan":"RENDAH","n_titik_misi":2,"data_source":"observed","zona_izin_komersial":true,"indeks_churn":null,"harga_sewa_median":null,"harga_sewa_per_m2":null,"belanja_per_jam":null,"njop_m2":null,"opportunity_score":81.2,"hidden_gem_score":0.714074255816301,"kuadran":"HIDDEN_GEM"}},{"type":"Feature","id":"898c107995bffff","geometry":{"type":"Polygon","coordinates":[[[106.831129,-6.180263],[106.830712,-6.178528],[106.828937,-6.178092],[106.827578,-6.17939],[106.827994,-6.181125],[106.82977,-6.181562],[106.831129,-6.180263]]]},"properties":{"h3_index":"898c107995bffff","kawasan":"Tanah Abang","tingkat_keyakinan":"RENDAH","n_titik_misi":0,"data_source":"predicted","zona_izin_komersial":null,"indeks_churn":null,"harga_sewa_median":null,"harga_sewa_per_m2":null,"belanja_per_jam":null,"njop_m2":null,"opportunity_score":80.2,"hidden_gem_score":null,"kuadran":"HIDDEN_GEM"}},{"type":"Feature","id":"898c1079963ffff","geometry":{"type":"Polygon","coordinates":[[[106.819534,-6.180678],[106.819118,-6.178942],[106.817342,-6.178506],[106.815984,-6.179804],[106.8164,-6.18154],[106.818175,-6.181976],[106.819534,-6.180678]]]},"properties":{"h3_index":"898c1079963ffff","kawasan":"Tanah Abang","tingkat_keyakinan":"RENDAH","n_titik_misi":0,"data_source":"predicted","zona_izin_komersial":true,"indeks_churn":null,"harga_sewa_median":null,"harga_sewa_per_m2":null,"belanja_per_jam":null,"njop_m2":null,"opportunity_score":65.7,"hidden_gem_score":null,"kuadran":"PEMENANG_JELAS"}},{"type":"Feature","id":"898c1079967ffff","geometry":{"type":"Polygon","coordinates":[[[106.8164,-6.18154],[106.815984,-6.179804],[106.814208,-6.179368],[106.812849,-6.180666],[106.813266,-6.182402],[106.815041,-6.182838],[106.8164,-6.18154]]]},"properties":{"h3_index":"898c1079967ffff","kawasan":"Tanah Abang","tingkat_keyakinan":"RENDAH","n_titik_misi":0,"data_source":"predicted","zona_izin_komersial":true,"indeks_churn":null,"harga_sewa_median":null,"harga_sewa_per_m2":null,"belanja_per_jam":null,"njop_m2":null,"opportunity_score":87.7,"hidden_gem_score":null,"kuadran":"HIDDEN_GEM"}},{"type":"Feature","id":"898c107996bffff","geometry":{"type":"Polygon","coordinates":[[[106.820477,-6.177644],[106.82006,-6.175909],[106.818285,-6.175472],[106.816926,-6.176771],[106.817342,-6.178506],[106.819118,-6.178942],[106.820477,-6.177644]]]},"properties":{"h3_index":"898c107996bffff","kawasan":"Tanah Abang","tingkat_keyakinan":"RENDAH","n_titik_misi":0,"data_source":"predicted","zona_izin_komersial":true,"indeks_churn":null,"harga_sewa_median":null,"harga_sewa_per_m2":null,"belanja_per_jam":null,"njop_m2":null,"opportunity_score":65.9,"hidden_gem_score":null,"kuadran":"PEMENANG_JELAS"}},{"type":"Feature","id":"898c107996fffff","geometry":{"type":"Polygon","coordinates":[[[106.817342,-6.178506],[106.816926,-6.176771],[106.81515,-6.176334],[106.813792,-6.177633],[106.814208,-6.179368],[106.815984,-6.179804],[106.817342,-6.178506]]]},"properties":{"h3_index":"898c107996fffff","kawasan":"Tanah Abang","tingkat_keyakinan":"RENDAH","n_titik_misi":0,"data_source":"predicted","zona_izin_komersial":true,"indeks_churn":null,"harga_sewa_median":null,"harga_sewa_per_m2":null,"belanja_per_jam":null,"njop_m2":null,"opportunity_score":64.6,"hidden_gem_score":null,"kuadran":"PEMENANG_JELAS"}},{"type":"Feature","id":"898c1079973ffff","geometry":{"type":"Polygon","coordinates":[[[106.821726,-6.182849],[106.82131,-6.181114],[106.819534,-6.180678],[106.818175,-6.181976],[106.818592,-6.183711],[106.820367,-6.184148],[106.821726,-6.182849]]]},"properties":{"h3_index":"898c1079973ffff","kawasan":"Tanah Abang","tingkat_keyakinan":"RENDAH","n_titik_misi":0,"data_source":"predicted","zona_izin_komersial":true,"indeks_churn":null,"harga_sewa_median":null,"harga_sewa_per_m2":null,"belanja_per_jam":null,"njop_m2":null,"opportunity_score":70.6,"hidden_gem_score":0.558971072092554,"kuadran":"HIDDEN_GEM"}},{"type":"Feature","id":"898c1079977ffff","geometry":{"type":"Polygon","coordinates":[[[106.818592,-6.183711],[106.818175,-6.181976],[106.8164,-6.18154],[106.815041,-6.182838],[106.815458,-6.184573],[106.817233,-6.18501],[106.818592,-6.183711]]]},"properties":{"h3_index":"898c1079977ffff","kawasan":"Tanah Abang","tingkat_keyakinan":"RENDAH","n_titik_misi":0,"data_source":"predicted","zona_izin_komersial":true,"indeks_churn":null,"harga_sewa_median":null,"harga_sewa_per_m2":null,"belanja_per_jam":null,"njop_m2":null,"opportunity_score":49.1,"hidden_gem_score":null,"kuadran":"PEMENANG_JELAS"}},{"type":"Feature","id":"898c107997bffff","geometry":{"type":"Polygon","coordinates":[[[106.822669,-6.179816],[106.822252,-6.17808],[106.820477,-6.177644],[106.819118,-6.178942],[106.819534,-6.180678],[106.82131,-6.181114],[106.822669,-6.179816]]]},"properties":{"h3_index":"898c107997bffff","kawasan":"Tanah Abang","tingkat_keyakinan":"RENDAH","n_titik_misi":0,"data_source":"predicted","zona_izin_komersial":null,"indeks_churn":null,"harga_sewa_median":null,"harga_sewa_per_m2":null,"belanja_per_jam":null,"njop_m2":null,"opportunity_score":70.6,"hidden_gem_score":null,"kuadran":"PEMENANG_JELAS"}},{"type":"Feature","id":"898c1079983ffff","geometry":{"type":"Polygon","coordinates":[[[106.826416,-6.195431],[106.826,-6.193696],[106.824225,-6.193259],[106.822866,-6.194558],[106.823282,-6.196293],[106.825058,-6.196729],[106.826416,-6.195431]]]},"properties":{"h3_index":"898c1079983ffff","kawasan":"Dukuh Atas BNI","tingkat_keyakinan":"RENDAH","n_titik_misi":0,"data_source":"predicted","zona_izin_komersial":true,"indeks_churn":null,"harga_sewa_median":null,"harga_sewa_per_m2":null,"belanja_per_jam":null,"njop_m2":null,"opportunity_score":69.1,"hidden_gem_score":null,"kuadran":"PEMENANG_JELAS"}},{"type":"Feature","id":"898c1079987ffff","geometry":{"type":"Polygon","coordinates":[[[106.823282,-6.196293],[106.822866,-6.194558],[106.821091,-6.194121],[106.819732,-6.19542],[106.820148,-6.197155],[106.821924,-6.197591],[106.823282,-6.196293]]]},"properties":{"h3_index":"898c1079987ffff","kawasan":"Dukuh Atas BNI","tingkat_keyakinan":"RENDAH","n_titik_misi":0,"data_source":"predicted","zona_izin_komersial":true,"indeks_churn":null,"harga_sewa_median":null,"harga_sewa_per_m2":null,"belanja_per_jam":null,"njop_m2":null,"opportunity_score":74.0,"hidden_gem_score":null,"kuadran":"PEMENANG_JELAS"}},{"type":"Feature","id":"898c107998bffff","geometry":{"type":"Polygon","coordinates":[[[106.827359,-6.192397],[106.826942,-6.190662],[106.825167,-6.190226],[106.823808,-6.191524],[106.824225,-6.193259],[106.826,-6.193696],[106.827359,-6.192397]]]},"properties":{"h3_index":"898c107998bffff","kawasan":"Dukuh Atas BNI","tingkat_keyakinan":"RENDAH","n_titik_misi":0,"data_source":"predicted","zona_izin_komersial":true,"indeks_churn":null,"harga_sewa_median":null,"harga_sewa_per_m2":null,"belanja_per_jam":null,"njop_m2":null,"opportunity_score":67.9,"hidden_gem_score":null,"kuadran":"PEMENANG_JELAS"}},{"type":"Feature","id":"898c107998fffff","geometry":{"type":"Polygon","coordinates":[[[106.824225,-6.193259],[106.823808,-6.191524],[106.822033,-6.191088],[106.820674,-6.192386],[106.821091,-6.194121],[106.822866,-6.194558],[106.824225,-6.193259]]]},"properties":{"h3_index":"898c107998fffff","kawasan":"Dukuh Atas BNI","tingkat_keyakinan":"RENDAH","n_titik_misi":0,"data_source":"predicted","zona_izin_komersial":true,"indeks_churn":null,"harga_sewa_median":null,"harga_sewa_per_m2":null,"belanja_per_jam":null,"njop_m2":null,"opportunity_score":70.3,"hidden_gem_score":null,"kuadran":"PEMENANG_JELAS"}},{"type":"Feature","id":"898c1079993ffff","geometry":{"type":"Polygon","coordinates":[[[106.828608,-6.197602],[106.828192,-6.195867],[106.826416,-6.195431],[106.825058,-6.196729],[106.825474,-6.198464],[106.827249,-6.1989],[106.828608,-6.197602]]]},"properties":{"h3_index":"898c1079993ffff","kawasan":"Dukuh Atas BNI","tingkat_keyakinan":"RENDAH","n_titik_misi":0,"data_source":"predicted","zona_izin_komersial":true,"indeks_churn":null,"harga_sewa_median":null,"harga_sewa_per_m2":null,"belanja_per_jam":null,"njop_m2":null,"opportunity_score":70.1,"hidden_gem_score":null,"kuadran":"PEMENANG_JELAS"}},{"type":"Feature","id":"898c1079997ffff","geometry":{"type":"Polygon","coordinates":[[[106.825474,-6.198464],[106.825058,-6.196729],[106.823282,-6.196293],[106.821924,-6.197591],[106.82234,-6.199326],[106.824115,-6.199762],[106.825474,-6.198464]]]},"properties":{"h3_index":"898c1079997ffff","kawasan":"Dukuh Atas BNI","tingkat_keyakinan":"RENDAH","n_titik_misi":0,"data_source":"predicted","zona_izin_komersial":true,"indeks_churn":null,"harga_sewa_median":null,"harga_sewa_per_m2":null,"belanja_per_jam":null,"njop_m2":null,"opportunity_score":68.8,"hidden_gem_score":null,"kuadran":"PEMENANG_JELAS"}},{"type":"Feature","id":"898c107999bffff","geometry":{"type":"Polygon","coordinates":[[[106.82955,-6.194568],[106.829134,-6.192834],[106.827359,-6.192397],[106.826,-6.193696],[106.826416,-6.195431],[106.828192,-6.195867],[106.82955,-6.194568]]]},"properties":{"h3_index":"898c107999bffff","kawasan":"Dukuh Atas BNI","tingkat_keyakinan":"RENDAH","n_titik_misi":0,"data_source":"predicted","zona_izin_komersial":null,"indeks_churn":null,"harga_sewa_median":null,"harga_sewa_per_m2":null,"belanja_per_jam":null,"njop_m2":null,"opportunity_score":57.6,"hidden_gem_score":null,"kuadran":"PEMENANG_JELAS"}},{"type":"Feature","id":"898c10799a3ffff","geometry":{"type":"Polygon","coordinates":[[[106.817957,-6.194983],[106.81754,-6.193248],[106.815765,-6.192812],[106.814406,-6.19411],[106.814822,-6.195845],[106.816598,-6.196282],[106.817957,-6.194983]]]},"properties":{"h3_index":"898c10799a3ffff","kawasan":"Dukuh Atas BNI","tingkat_keyakinan":"RENDAH","n_titik_misi":0,"data_source":"predicted","zona_izin_komersial":true,"indeks_churn":null,"harga_sewa_median":null,"harga_sewa_per_m2":null,"belanja_per_jam":null,"njop_m2":null,"opportunity_score":57.5,"hidden_gem_score":null,"kuadran":"PEMENANG_JELAS"}},{"type":"Feature","id":"898c10799a7ffff","geometry":{"type":"Polygon","coordinates":[[[106.814822,-6.195845],[106.814406,-6.19411],[106.812631,-6.193674],[106.811272,-6.194972],[106.811688,-6.196707],[106.813464,-6.197144],[106.814822,-6.195845]]]},"properties":{"h3_index":"898c10799a7ffff","kawasan":"Tanah Abang","tingkat_keyakinan":"RENDAH","n_titik_misi":1,"data_source":"observed","zona_izin_komersial":true,"indeks_churn":null,"harga_sewa_median":null,"harga_sewa_per_m2":null,"belanja_per_jam":null,"njop_m2":null,"opportunity_score":56.6,"hidden_gem_score":0.520590135409526,"kuadran":"HIDDEN_GEM"}},{"type":"Feature","id":"898c10799abffff","geometry":{"type":"Polygon","coordinates":[[[106.818899,-6.19195],[106.818483,-6.190215],[106.816707,-6.189779],[106.815348,-6.191077],[106.815765,-6.192812],[106.81754,-6.193248],[106.818899,-6.19195]]]},"properties":{"h3_index":"898c10799abffff","kawasan":"Tanah Abang","tingkat_keyakinan":"RENDAH","n_titik_misi":0,"data_source":"predicted","zona_izin_komersial":true,"indeks_churn":null,"harga_sewa_median":null,"harga_sewa_per_m2":null,"belanja_per_jam":null,"njop_m2":null,"opportunity_score":53.2,"hidden_gem_score":null,"kuadran":"PEMENANG_JELAS"}},{"type":"Feature","id":"898c10799afffff","geometry":{"type":"Polygon","coordinates":[[[106.815765,-6.192812],[106.815348,-6.191077],[106.813573,-6.190641],[106.812214,-6.191939],[106.812631,-6.193674],[106.814406,-6.19411],[106.815765,-6.192812]]]},"properties":{"h3_index":"898c10799afffff","kawasan":"Tanah Abang","tingkat_keyakinan":"RENDAH","n_titik_misi":0,"data_source":"predicted","zona_izin_komersial":true,"indeks_churn":null,"harga_sewa_median":null,"harga_sewa_per_m2":null,"belanja_per_jam":null,"njop_m2":null,"opportunity_score":72.8,"hidden_gem_score":null,"kuadran":"PEMENANG_JELAS"}},{"type":"Feature","id":"898c10799b3ffff","geometry":{"type":"Polygon","coordinates":[[[106.820148,-6.197155],[106.819732,-6.19542],[106.817957,-6.194983],[106.816598,-6.196282],[106.817014,-6.198017],[106.81879,-6.198453],[106.820148,-6.197155]]]},"properties":{"h3_index":"898c10799b3ffff","kawasan":"Dukuh Atas BNI","tingkat_keyakinan":"RENDAH","n_titik_misi":1,"data_source":"observed","zona_izin_komersial":true,"indeks_churn":null,"harga_sewa_median":null,"harga_sewa_per_m2":null,"belanja_per_jam":null,"njop_m2":null,"opportunity_score":54.6,"hidden_gem_score":0.517710602045185,"kuadran":"HIDDEN_GEM"}},{"type":"Feature","id":"898c10799b7ffff","geometry":{"type":"Polygon","coordinates":[[[106.817014,-6.198017],[106.816598,-6.196282],[106.814822,-6.195845],[106.813464,-6.197144],[106.81388,-6.198879],[106.815655,-6.199315],[106.817014,-6.198017]]]},"properties":{"h3_index":"898c10799b7ffff","kawasan":"Dukuh Atas BNI","tingkat_keyakinan":"RENDAH","n_titik_misi":0,"data_source":"predicted","zona_izin_komersial":true,"indeks_churn":null,"harga_sewa_median":null,"harga_sewa_per_m2":null,"belanja_per_jam":null,"njop_m2":null,"opportunity_score":59.8,"hidden_gem_score":null,"kuadran":"PEMENANG_JELAS"}},{"type":"Feature","id":"898c10799bbffff","geometry":{"type":"Polygon","coordinates":[[[106.821091,-6.194121],[106.820674,-6.192386],[106.818899,-6.19195],[106.81754,-6.193248],[106.817957,-6.194983],[106.819732,-6.19542],[106.821091,-6.194121]]]},"properties":{"h3_index":"898c10799bbffff","kawasan":"Dukuh Atas BNI","tingkat_keyakinan":"RENDAH","n_titik_misi":1,"data_source":"observed","zona_izin_komersial":true,"indeks_churn":null,"harga_sewa_median":null,"harga_sewa_per_m2":null,"belanja_per_jam":null,"njop_m2":null,"opportunity_score":72.3,"hidden_gem_score":null,"kuadran":"PEMENANG_JELAS"}},{"type":"Feature","id":"898c10799c3ffff","geometry":{"type":"Polygon","coordinates":[[[106.831435,-6.188502],[106.831019,-6.186767],[106.829244,-6.18633],[106.827885,-6.187629],[106.828301,-6.189364],[106.830076,-6.1898],[106.831435,-6.188502]]]},"properties":{"h3_index":"898c10799c3ffff","kawasan":"Dukuh Atas BNI","tingkat_keyakinan":"RENDAH","n_titik_misi":0,"data_source":"predicted","zona_izin_komersial":true,"indeks_churn":null,"harga_sewa_median":null,"harga_sewa_per_m2":null,"belanja_per_jam":null,"njop_m2":null,"opportunity_score":70.4,"hidden_gem_score":null,"kuadran":"PEMENANG_JELAS"}},{"type":"Feature","id":"898c10799c7ffff","geometry":{"type":"Polygon","coordinates":[[[106.828301,-6.189364],[106.827885,-6.187629],[106.82611,-6.187192],[106.824751,-6.188491],[106.825167,-6.190226],[106.826942,-6.190662],[106.828301,-6.189364]]]},"properties":{"h3_index":"898c10799c7ffff","kawasan":"Dukuh Atas BNI","tingkat_keyakinan":"RENDAH","n_titik_misi":0,"data_source":"predicted","zona_izin_komersial":true,"indeks_churn":null,"harga_sewa_median":null,"harga_sewa_per_m2":null,"belanja_per_jam":null,"njop_m2":null,"opportunity_score":65.4,"hidden_gem_score":null,"kuadran":"PEMENANG_JELAS"}},{"type":"Feature","id":"898c10799cbffff","geometry":{"type":"Polygon","coordinates":[[[106.832378,-6.185468],[106.831961,-6.183733],[106.830186,-6.183297],[106.828827,-6.184595],[106.829244,-6.18633],[106.831019,-6.186767],[106.832378,-6.185468]]]},"properties":{"h3_index":"898c10799cbffff","kawasan":"Dukuh Atas BNI","tingkat_keyakinan":"RENDAH","n_titik_misi":0,"data_source":"predicted","zona_izin_komersial":true,"indeks_churn":null,"harga_sewa_median":null,"harga_sewa_per_m2":null,"belanja_per_jam":null,"njop_m2":null,"opportunity_score":64.8,"hidden_gem_score":null,"kuadran":"PEMENANG_JELAS"}},{"type":"Feature","id":"898c10799cfffff","geometry":{"type":"Polygon","coordinates":[[[106.829244,-6.18633],[106.828827,-6.184595],[106.827052,-6.184159],[106.825693,-6.185457],[106.82611,-6.187192],[106.827885,-6.187629],[106.829244,-6.18633]]]},"properties":{"h3_index":"898c10799cfffff","kawasan":"Dukuh Atas BNI","tingkat_keyakinan":"RENDAH","n_titik_misi":0,"data_source":"predicted","zona_izin_komersial":true,"indeks_churn":null,"harga_sewa_median":null,"harga_sewa_per_m2":null,"belanja_per_jam":null,"njop_m2":null,"opportunity_score":57.9,"hidden_gem_score":0.554059741923137,"kuadran":"HIDDEN_GEM"}},{"type":"Feature","id":"898c10799d3ffff","geometry":{"type":"Polygon","coordinates":[[[106.833627,-6.190673],[106.83321,-6.188938],[106.831435,-6.188502],[106.830076,-6.1898],[106.830493,-6.191535],[106.832268,-6.191972],[106.833627,-6.190673]]]},"properties":{"h3_index":"898c10799d3ffff","kawasan":"Dukuh Atas BNI","tingkat_keyakinan":"RENDAH","n_titik_misi":0,"data_source":"predicted","zona_izin_komersial":true,"indeks_churn":null,"harga_sewa_median":null,"harga_sewa_per_m2":null,"belanja_per_jam":null,"njop_m2":null,"opportunity_score":57.9,"hidden_gem_score":null,"kuadran":"PEMENANG_JELAS"}},{"type":"Feature","id":"898c10799d7ffff","geometry":{"type":"Polygon","coordinates":[[[106.830493,-6.191535],[106.830076,-6.1898],[106.828301,-6.189364],[106.826942,-6.190662],[106.827359,-6.192397],[106.829134,-6.192834],[106.830493,-6.191535]]]},"properties":{"h3_index":"898c10799d7ffff","kawasan":"Dukuh Atas BNI","tingkat_keyakinan":"RENDAH","n_titik_misi":0,"data_source":"predicted","zona_izin_komersial":true,"indeks_churn":null,"harga_sewa_median":null,"harga_sewa_per_m2":null,"belanja_per_jam":null,"njop_m2":null,"opportunity_score":61.9,"hidden_gem_score":null,"kuadran":"PEMENANG_JELAS"}},{"type":"Feature","id":"898c10799dbffff","geometry":{"type":"Polygon","coordinates":[[[106.834569,-6.18764],[106.834153,-6.185905],[106.832378,-6.185468],[106.831019,-6.186767],[106.831435,-6.188502],[106.83321,-6.188938],[106.834569,-6.18764]]]},"properties":{"h3_index":"898c10799dbffff","kawasan":"Dukuh Atas BNI","tingkat_keyakinan":"RENDAH","n_titik_misi":0,"data_source":"predicted","zona_izin_komersial":true,"indeks_churn":null,"harga_sewa_median":null,"harga_sewa_per_m2":null,"belanja_per_jam":null,"njop_m2":null,"opportunity_score":64.8,"hidden_gem_score":null,"kuadran":"PEMENANG_JELAS"}},{"type":"Feature","id":"898c1079b27ffff","geometry":{"type":"Polygon","coordinates":[[[106.817978,-6.167232],[106.817561,-6.165497],[106.815786,-6.16506],[106.814427,-6.166359],[106.814843,-6.168094],[106.816619,-6.168531],[106.817978,-6.167232]]]},"properties":{"h3_index":"898c1079b27ffff","kawasan":"Tanah Abang","tingkat_keyakinan":"RENDAH","n_titik_misi":0,"data_source":"predicted","zona_izin_komersial":true,"indeks_churn":null,"harga_sewa_median":null,"harga_sewa_per_m2":null,"belanja_per_jam":null,"njop_m2":null,"opportunity_score":30.6,"hidden_gem_score":null,"kuadran":"JEBAKAN_GENGSI"}},{"type":"Feature","id":"898c1079b37ffff","geometry":{"type":"Polygon","coordinates":[[[106.82017,-6.169404],[106.819753,-6.167669],[106.817978,-6.167232],[106.816619,-6.168531],[106.817035,-6.170266],[106.818811,-6.170703],[106.82017,-6.169404]]]},"properties":{"h3_index":"898c1079b37ffff","kawasan":"Tanah Abang","tingkat_keyakinan":"RENDAH","n_titik_misi":0,"data_source":"predicted","zona_izin_komersial":true,"indeks_churn":null,"harga_sewa_median":null,"harga_sewa_per_m2":null,"belanja_per_jam":null,"njop_m2":null,"opportunity_score":55.4,"hidden_gem_score":null,"kuadran":"PEMENANG_JELAS"}},{"type":"Feature","id":"898c1079ba3ffff","geometry":{"type":"Polygon","coordinates":[[[106.824553,-6.173748],[106.824137,-6.172013],[106.822362,-6.171576],[106.821003,-6.172875],[106.821419,-6.17461],[106.823194,-6.175047],[106.824553,-6.173748]]]},"properties":{"h3_index":"898c1079ba3ffff","kawasan":"Tanah Abang","tingkat_keyakinan":"RENDAH","n_titik_misi":0,"data_source":"predicted","zona_izin_komersial":true,"indeks_churn":null,"harga_sewa_median":null,"harga_sewa_per_m2":null,"belanja_per_jam":null,"njop_m2":null,"opportunity_score":58.9,"hidden_gem_score":null,"kuadran":"PEMENANG_JELAS"}},{"type":"Feature","id":"898c1079ba7ffff","geometry":{"type":"Polygon","coordinates":[[[106.821419,-6.17461],[106.821003,-6.172875],[106.819227,-6.172438],[106.817868,-6.173737],[106.818285,-6.175472],[106.82006,-6.175909],[106.821419,-6.17461]]]},"properties":{"h3_index":"898c1079ba7ffff","kawasan":"Tanah Abang","tingkat_keyakinan":"RENDAH","n_titik_misi":0,"data_source":"predicted","zona_izin_komersial":true,"indeks_churn":null,"harga_sewa_median":null,"harga_sewa_per_m2":null,"belanja_per_jam":null,"njop_m2":null,"opportunity_score":58.9,"hidden_gem_score":null,"kuadran":"PEMENANG_JELAS"}},{"type":"Feature","id":"898c1079bafffff","geometry":{"type":"Polygon","coordinates":[[[106.822362,-6.171576],[106.821945,-6.169841],[106.82017,-6.169404],[106.818811,-6.170703],[106.819227,-6.172438],[106.821003,-6.172875],[106.822362,-6.171576]]]},"properties":{"h3_index":"898c1079bafffff","kawasan":"Tanah Abang","tingkat_keyakinan":"RENDAH","n_titik_misi":0,"data_source":"predicted","zona_izin_komersial":true,"indeks_churn":null,"harga_sewa_median":null,"harga_sewa_per_m2":null,"belanja_per_jam":null,"njop_m2":null,"opportunity_score":59.6,"hidden_gem_score":null,"kuadran":"PEMENANG_JELAS"}},{"type":"Feature","id":"898c1079bb3ffff","geometry":{"type":"Polygon","coordinates":[[[106.826745,-6.17592],[106.826329,-6.174185],[106.824553,-6.173748],[106.823194,-6.175047],[106.823611,-6.176782],[106.825386,-6.177218],[106.826745,-6.17592]]]},"properties":{"h3_index":"898c1079bb3ffff","kawasan":"Tanah Abang","tingkat_keyakinan":"RENDAH","n_titik_misi":0,"data_source":"predicted","zona_izin_komersial":false,"indeks_churn":null,"harga_sewa_median":null,"harga_sewa_per_m2":null,"belanja_per_jam":null,"njop_m2":null,"opportunity_score":0.0,"hidden_gem_score":null,"kuadran":"HINDARI"}},{"type":"Feature","id":"898c1079bb7ffff","geometry":{"type":"Polygon","coordinates":[[[106.823611,-6.176782],[106.823194,-6.175047],[106.821419,-6.17461],[106.82006,-6.175909],[106.820477,-6.177644],[106.822252,-6.17808],[106.823611,-6.176782]]]},"properties":{"h3_index":"898c1079bb7ffff","kawasan":"Tanah Abang","tingkat_keyakinan":"RENDAH","n_titik_misi":0,"data_source":"predicted","zona_izin_komersial":null,"indeks_churn":null,"harga_sewa_median":null,"harga_sewa_per_m2":null,"belanja_per_jam":null,"njop_m2":null,"opportunity_score":57.2,"hidden_gem_score":null,"kuadran":"PEMENANG_JELAS"}},{"type":"Feature","id":"898c1079c03ffff","geometry":{"type":"Polygon","coordinates":[[[106.860251,-6.197218],[106.859835,-6.195483],[106.85806,-6.195047],[106.856701,-6.196345],[106.857117,-6.19808],[106.858892,-6.198516],[106.860251,-6.197218]]]},"properties":{"h3_index":"898c1079c03ffff","kawasan":"Manggarai","tingkat_keyakinan":"RENDAH","n_titik_misi":0,"data_source":"predicted","zona_izin_komersial":true,"indeks_churn":null,"harga_sewa_median":null,"harga_sewa_per_m2":null,"belanja_per_jam":null,"njop_m2":null,"opportunity_score":49.2,"hidden_gem_score":null,"kuadran":"PEMENANG_JELAS"}},{"type":"Feature","id":"898c1079c07ffff","geometry":{"type":"Polygon","coordinates":[[[106.857117,-6.19808],[106.856701,-6.196345],[106.854926,-6.195909],[106.853568,-6.197207],[106.853984,-6.198942],[106.855759,-6.199378],[106.857117,-6.19808]]]},"properties":{"h3_index":"898c1079c07ffff","kawasan":"Manggarai","tingkat_keyakinan":"RENDAH","n_titik_misi":0,"data_source":"predicted","zona_izin_komersial":true,"indeks_churn":null,"harga_sewa_median":null,"harga_sewa_per_m2":null,"belanja_per_jam":null,"njop_m2":null,"opportunity_score":48.5,"hidden_gem_score":null,"kuadran":"PEMENANG_JELAS"}},{"type":"Feature","id":"898c1079c0fffff","geometry":{"type":"Polygon","coordinates":[[[106.85806,-6.195047],[106.857644,-6.193312],[106.855869,-6.192876],[106.85451,-6.194174],[106.854926,-6.195909],[106.856701,-6.196345],[106.85806,-6.195047]]]},"properties":{"h3_index":"898c1079c0fffff","kawasan":"Manggarai","tingkat_keyakinan":"RENDAH","n_titik_misi":0,"data_source":"predicted","zona_izin_komersial":true,"indeks_churn":null,"harga_sewa_median":null,"harga_sewa_per_m2":null,"belanja_per_jam":null,"njop_m2":null,"opportunity_score":56.2,"hidden_gem_score":null,"kuadran":"HIDDEN_GEM"}},{"type":"Feature","id":"898c1079c13ffff","geometry":{"type":"Polygon","coordinates":[[[106.862442,-6.199388],[106.862025,-6.197654],[106.860251,-6.197218],[106.858892,-6.198516],[106.859308,-6.200251],[106.861083,-6.200687],[106.862442,-6.199388]]]},"properties":{"h3_index":"898c1079c13ffff","kawasan":"Manggarai","tingkat_keyakinan":"RENDAH","n_titik_misi":0,"data_source":"predicted","zona_izin_komersial":true,"indeks_churn":null,"harga_sewa_median":null,"harga_sewa_per_m2":null,"belanja_per_jam":null,"njop_m2":null,"opportunity_score":20.5,"hidden_gem_score":null,"kuadran":"JEBAKAN_GENGSI"}},{"type":"Feature","id":"898c1079c17ffff","geometry":{"type":"Polygon","coordinates":[[[106.859308,-6.200251],[106.858892,-6.198516],[106.857117,-6.19808],[106.855759,-6.199378],[106.856175,-6.201113],[106.85795,-6.201549],[106.859308,-6.200251]]]},"properties":{"h3_index":"898c1079c17ffff","kawasan":"Manggarai","tingkat_keyakinan":"RENDAH","n_titik_misi":0,"data_source":"predicted","zona_izin_komersial":true,"indeks_churn":null,"harga_sewa_median":null,"harga_sewa_per_m2":null,"belanja_per_jam":null,"njop_m2":null,"opportunity_score":46.0,"hidden_gem_score":null,"kuadran":"PEMENANG_JELAS"}},{"type":"Feature","id":"898c1079c23ffff","geometry":{"type":"Polygon","coordinates":[[[106.851793,-6.196771],[106.851377,-6.195036],[106.849602,-6.1946],[106.848243,-6.195899],[106.848659,-6.197633],[106.850434,-6.19807],[106.851793,-6.196771]]]},"properties":{"h3_index":"898c1079c23ffff","kawasan":"Manggarai","tingkat_keyakinan":"RENDAH","n_titik_misi":0,"data_source":"predicted","zona_izin_komersial":true,"indeks_churn":null,"harga_sewa_median":null,"harga_sewa_per_m2":null,"belanja_per_jam":null,"njop_m2":null,"opportunity_score":37.5,"hidden_gem_score":null,"kuadran":"JEBAKAN_GENGSI"}},{"type":"Feature","id":"898c1079c27ffff","geometry":{"type":"Polygon","coordinates":[[[106.848659,-6.197633],[106.848243,-6.195899],[106.846468,-6.195462],[106.84511,-6.196761],[106.845526,-6.198495],[106.847301,-6.198932],[106.848659,-6.197633]]]},"properties":{"h3_index":"898c1079c27ffff","kawasan":"Manggarai","tingkat_keyakinan":"RENDAH","n_titik_misi":0,"data_source":"predicted","zona_izin_komersial":null,"indeks_churn":null,"harga_sewa_median":null,"harga_sewa_per_m2":null,"belanja_per_jam":null,"njop_m2":null,"opportunity_score":34.2,"hidden_gem_score":null,"kuadran":"JEBAKAN_GENGSI"}},{"type":"Feature","id":"898c1079c33ffff","geometry":{"type":"Polygon","coordinates":[[[106.853984,-6.198942],[106.853568,-6.197207],[106.851793,-6.196771],[106.850434,-6.19807],[106.85085,-6.199804],[106.852625,-6.20024],[106.853984,-6.198942]]]},"properties":{"h3_index":"898c1079c33ffff","kawasan":"Manggarai","tingkat_keyakinan":"RENDAH","n_titik_misi":0,"data_source":"predicted","zona_izin_komersial":true,"indeks_churn":null,"harga_sewa_median":null,"harga_sewa_per_m2":null,"belanja_per_jam":null,"njop_m2":null,"opportunity_score":59.5,"hidden_gem_score":null,"kuadran":"PEMENANG_JELAS"}},{"type":"Feature","id":"898c1079c37ffff","geometry":{"type":"Polygon","coordinates":[[[106.85085,-6.199804],[106.850434,-6.19807],[106.848659,-6.197633],[106.847301,-6.198932],[106.847717,-6.200666],[106.849492,-6.201102],[106.85085,-6.199804]]]},"properties":{"h3_index":"898c1079c37ffff","kawasan":"Manggarai","tingkat_keyakinan":"RENDAH","n_titik_misi":0,"data_source":"predicted","zona_izin_komersial":true,"indeks_churn":null,"harga_sewa_median":null,"harga_sewa_per_m2":null,"belanja_per_jam":null,"njop_m2":null,"opportunity_score":25.2,"hidden_gem_score":null,"kuadran":"JEBAKAN_GENGSI"}},{"type":"Feature","id":"898c1079c3bffff","geometry":{"type":"Polygon","coordinates":[[[106.854926,-6.195909],[106.85451,-6.194174],[106.852735,-6.193738],[106.851377,-6.195036],[106.851793,-6.196771],[106.853568,-6.197207],[106.854926,-6.195909]]]},"properties":{"h3_index":"898c1079c3bffff","kawasan":"Manggarai","tingkat_keyakinan":"RENDAH","n_titik_misi":0,"data_source":"predicted","zona_izin_komersial":true,"indeks_churn":null,"harga_sewa_median":null,"harga_sewa_per_m2":null,"belanja_per_jam":null,"njop_m2":null,"opportunity_score":52.1,"hidden_gem_score":null,"kuadran":"HIDDEN_GEM"}},{"type":"Feature","id":"898c1079c83ffff","geometry":{"type":"Polygon","coordinates":[[[106.86369,-6.204592],[106.863274,-6.202857],[106.861499,-6.202421],[106.860141,-6.20372],[106.860557,-6.205454],[106.862331,-6.20589],[106.86369,-6.204592]]]},"properties":{"h3_index":"898c1079c83ffff","kawasan":"Manggarai","tingkat_keyakinan":"RENDAH","n_titik_misi":0,"data_source":"predicted","zona_izin_komersial":true,"indeks_churn":null,"harga_sewa_median":null,"harga_sewa_per_m2":null,"belanja_per_jam":null,"njop_m2":null,"opportunity_score":41.6,"hidden_gem_score":null,"kuadran":"JEBAKAN_GENGSI"}},{"type":"Feature","id":"898c1079c87ffff","geometry":{"type":"Polygon","coordinates":[[[106.860557,-6.205454],[106.860141,-6.20372],[106.858366,-6.203283],[106.857007,-6.204582],[106.857423,-6.206316],[106.859198,-6.206752],[106.860557,-6.205454]]]},"properties":{"h3_index":"898c1079c87ffff","kawasan":"Manggarai","tingkat_keyakinan":"RENDAH","n_titik_misi":0,"data_source":"predicted","zona_izin_komersial":true,"indeks_churn":null,"harga_sewa_median":null,"harga_sewa_per_m2":null,"belanja_per_jam":null,"njop_m2":null,"opportunity_score":49.7,"hidden_gem_score":null,"kuadran":"PEMENANG_JELAS"}},{"type":"Feature","id":"898c1079c8bffff","geometry":{"type":"Polygon","coordinates":[[[106.864632,-6.201559],[106.864216,-6.199825],[106.862442,-6.199388],[106.861083,-6.200687],[106.861499,-6.202421],[106.863274,-6.202857],[106.864632,-6.201559]]]},"properties":{"h3_index":"898c1079c8bffff","kawasan":"Manggarai","tingkat_keyakinan":"RENDAH","n_titik_misi":0,"data_source":"predicted","zona_izin_komersial":true,"indeks_churn":null,"harga_sewa_median":null,"harga_sewa_per_m2":null,"belanja_per_jam":null,"njop_m2":null,"opportunity_score":15.1,"hidden_gem_score":null,"kuadran":"JEBAKAN_GENGSI"}},{"type":"Feature","id":"898c1079c8fffff","geometry":{"type":"Polygon","coordinates":[[[106.861499,-6.202421],[106.861083,-6.200687],[106.859308,-6.200251],[106.85795,-6.201549],[106.858366,-6.203283],[106.860141,-6.20372],[106.861499,-6.202421]]]},"properties":{"h3_index":"898c1079c8fffff","kawasan":"Manggarai","tingkat_keyakinan":"RENDAH","n_titik_misi":0,"data_source":"predicted","zona_izin_komersial":true,"indeks_churn":null,"harga_sewa_median":null,"harga_sewa_per_m2":null,"belanja_per_jam":null,"njop_m2":null,"opportunity_score":55.7,"hidden_gem_score":null,"kuadran":"HIDDEN_GEM"}},{"type":"Feature","id":"898c1079c93ffff","geometry":{"type":"Polygon","coordinates":[[[106.865881,-6.206762],[106.865464,-6.205028],[106.86369,-6.204592],[106.862331,-6.20589],[106.862747,-6.207624],[106.864522,-6.208061],[106.865881,-6.206762]]]},"properties":{"h3_index":"898c1079c93ffff","kawasan":"Manggarai","tingkat_keyakinan":"RENDAH","n_titik_misi":0,"data_source":"predicted","zona_izin_komersial":true,"indeks_churn":null,"harga_sewa_median":null,"harga_sewa_per_m2":null,"belanja_per_jam":null,"njop_m2":null,"opportunity_score":45.2,"hidden_gem_score":null,"kuadran":"PEMENANG_JELAS"}},{"type":"Feature","id":"898c1079c97ffff","geometry":{"type":"Polygon","coordinates":[[[106.862747,-6.207624],[106.862331,-6.20589],[106.860557,-6.205454],[106.859198,-6.206752],[106.859614,-6.208487],[106.861389,-6.208923],[106.862747,-6.207624]]]},"properties":{"h3_index":"898c1079c97ffff","kawasan":"Manggarai","tingkat_keyakinan":"RENDAH","n_titik_misi":0,"data_source":"predicted","zona_izin_komersial":true,"indeks_churn":null,"harga_sewa_median":null,"harga_sewa_per_m2":null,"belanja_per_jam":null,"njop_m2":null,"opportunity_score":51.3,"hidden_gem_score":null,"kuadran":"PEMENANG_JELAS"}},{"type":"Feature","id":"898c1079c9bffff","geometry":{"type":"Polygon","coordinates":[[[106.866823,-6.20373],[106.866407,-6.201995],[106.864632,-6.201559],[106.863274,-6.202857],[106.86369,-6.204592],[106.865464,-6.205028],[106.866823,-6.20373]]]},"properties":{"h3_index":"898c1079c9bffff","kawasan":"Manggarai","tingkat_keyakinan":"RENDAH","n_titik_misi":0,"data_source":"predicted","zona_izin_komersial":true,"indeks_churn":null,"harga_sewa_median":null,"harga_sewa_per_m2":null,"belanja_per_jam":null,"njop_m2":null,"opportunity_score":37.5,"hidden_gem_score":null,"kuadran":"HINDARI"}},{"type":"Feature","id":"898c1079ca3ffff","geometry":{"type":"Polygon","coordinates":[[[106.855232,-6.204146],[106.854816,-6.202411],[106.853041,-6.201975],[106.851683,-6.203273],[106.852099,-6.205008],[106.853874,-6.205444],[106.855232,-6.204146]]]},"properties":{"h3_index":"898c1079ca3ffff","kawasan":"Manggarai","tingkat_keyakinan":"RENDAH","n_titik_misi":0,"data_source":"predicted","zona_izin_komersial":null,"indeks_churn":null,"harga_sewa_median":null,"harga_sewa_per_m2":null,"belanja_per_jam":null,"njop_m2":null,"opportunity_score":43.7,"hidden_gem_score":null,"kuadran":"JEBAKAN_GENGSI"}},{"type":"Feature","id":"898c1079ca7ffff","geometry":{"type":"Polygon","coordinates":[[[106.852099,-6.205008],[106.851683,-6.203273],[106.849908,-6.202837],[106.848549,-6.204135],[106.848966,-6.20587],[106.85074,-6.206306],[106.852099,-6.205008]]]},"properties":{"h3_index":"898c1079ca7ffff","kawasan":"Manggarai","tingkat_keyakinan":"RENDAH","n_titik_misi":0,"data_source":"predicted","zona_izin_komersial":true,"indeks_churn":null,"harga_sewa_median":null,"harga_sewa_per_m2":null,"belanja_per_jam":null,"njop_m2":null,"opportunity_score":33.3,"hidden_gem_score":null,"kuadran":"JEBAKAN_GENGSI"}},{"type":"Feature","id":"898c1079cabffff","geometry":{"type":"Polygon","coordinates":[[[106.856175,-6.201113],[106.855759,-6.199378],[106.853984,-6.198942],[106.852625,-6.20024],[106.853041,-6.201975],[106.854816,-6.202411],[106.856175,-6.201113]]]},"properties":{"h3_index":"898c1079cabffff","kawasan":"Manggarai","tingkat_keyakinan":"RENDAH","n_titik_misi":0,"data_source":"predicted","zona_izin_komersial":true,"indeks_churn":null,"harga_sewa_median":null,"harga_sewa_per_m2":null,"belanja_per_jam":null,"njop_m2":null,"opportunity_score":55.3,"hidden_gem_score":null,"kuadran":"PEMENANG_JELAS"}},{"type":"Feature","id":"898c1079cafffff","geometry":{"type":"Polygon","coordinates":[[[106.853041,-6.201975],[106.852625,-6.20024],[106.85085,-6.199804],[106.849492,-6.201102],[106.849908,-6.202837],[106.851683,-6.203273],[106.853041,-6.201975]]]},"properties":{"h3_index":"898c1079cafffff","kawasan":"Manggarai","tingkat_keyakinan":"RENDAH","n_titik_misi":0,"data_source":"predicted","zona_izin_komersial":true,"indeks_churn":null,"harga_sewa_median":null,"harga_sewa_per_m2":null,"belanja_per_jam":null,"njop_m2":null,"opportunity_score":45.8,"hidden_gem_score":null,"kuadran":"HIDDEN_GEM"}},{"type":"Feature","id":"898c1079cb3ffff","geometry":{"type":"Polygon","coordinates":[[[106.857423,-6.206316],[106.857007,-6.204582],[106.855232,-6.204146],[106.853874,-6.205444],[106.85429,-6.207178],[106.856065,-6.207614],[106.857423,-6.206316]]]},"properties":{"h3_index":"898c1079cb3ffff","kawasan":"Manggarai","tingkat_keyakinan":"RENDAH","n_titik_misi":0,"data_source":"predicted","zona_izin_komersial":null,"indeks_churn":null,"harga_sewa_median":null,"harga_sewa_per_m2":null,"belanja_per_jam":null,"njop_m2":null,"opportunity_score":45.5,"hidden_gem_score":null,"kuadran":"HIDDEN_GEM"}},{"type":"Feature","id":"898c1079cb7ffff","geometry":{"type":"Polygon","coordinates":[[[106.85429,-6.207178],[106.853874,-6.205444],[106.852099,-6.205008],[106.85074,-6.206306],[106.851157,-6.20804],[106.852931,-6.208477],[106.85429,-6.207178]]]},"properties":{"h3_index":"898c1079cb7ffff","kawasan":"Manggarai","tingkat_keyakinan":"RENDAH","n_titik_misi":0,"data_source":"predicted","zona_izin_komersial":null,"indeks_churn":null,"harga_sewa_median":null,"harga_sewa_per_m2":null,"belanja_per_jam":null,"njop_m2":null,"opportunity_score":47.0,"hidden_gem_score":null,"kuadran":"HIDDEN_GEM"}},{"type":"Feature","id":"898c1079cbbffff","geometry":{"type":"Polygon","coordinates":[[[106.858366,-6.203283],[106.85795,-6.201549],[106.856175,-6.201113],[106.854816,-6.202411],[106.855232,-6.204146],[106.857007,-6.204582],[106.858366,-6.203283]]]},"properties":{"h3_index":"898c1079cbbffff","kawasan":"Manggarai","tingkat_keyakinan":"RENDAH","n_titik_misi":0,"data_source":"predicted","zona_izin_komersial":true,"indeks_churn":null,"harga_sewa_median":null,"harga_sewa_per_m2":null,"belanja_per_jam":null,"njop_m2":null,"opportunity_score":48.9,"hidden_gem_score":null,"kuadran":"PEMENANG_JELAS"}},{"type":"Feature","id":"898c1079d03ffff","geometry":{"type":"Polygon","coordinates":[[[106.838316,-6.203253],[106.8379,-6.201518],[106.836125,-6.201082],[106.834766,-6.20238],[106.835182,-6.204115],[106.836957,-6.204551],[106.838316,-6.203253]]]},"properties":{"h3_index":"898c1079d03ffff","kawasan":"Dukuh Atas BNI","tingkat_keyakinan":"RENDAH","n_titik_misi":0,"data_source":"predicted","zona_izin_komersial":null,"indeks_churn":null,"harga_sewa_median":null,"harga_sewa_per_m2":null,"belanja_per_jam":null,"njop_m2":null,"opportunity_score":53.8,"hidden_gem_score":null,"kuadran":"PEMENANG_JELAS"}},{"type":"Feature","id":"898c1079d07ffff","geometry":{"type":"Polygon","coordinates":[[[106.835182,-6.204115],[106.834766,-6.20238],[106.832991,-6.201944],[106.831632,-6.203242],[106.832049,-6.204977],[106.833824,-6.205413],[106.835182,-6.204115]]]},"properties":{"h3_index":"898c1079d07ffff","kawasan":"Dukuh Atas BNI","tingkat_keyakinan":"RENDAH","n_titik_misi":0,"data_source":"predicted","zona_izin_komersial":null,"indeks_churn":null,"harga_sewa_median":null,"harga_sewa_per_m2":null,"belanja_per_jam":null,"njop_m2":null,"opportunity_score":56.2,"hidden_gem_score":null,"kuadran":"PEMENANG_JELAS"}},{"type":"Feature","id":"898c1079d0bffff","geometry":{"type":"Polygon","coordinates":[[[106.839259,-6.20022],[106.838842,-6.198485],[106.837067,-6.198049],[106.835708,-6.199347],[106.836125,-6.201082],[106.8379,-6.201518],[106.839259,-6.20022]]]},"properties":{"h3_index":"898c1079d0bffff","kawasan":"Dukuh Atas BNI","tingkat_keyakinan":"RENDAH","n_titik_misi":0,"data_source":"predicted","zona_izin_komersial":true,"indeks_churn":null,"harga_sewa_median":null,"harga_sewa_per_m2":null,"belanja_per_jam":null,"njop_m2":null,"opportunity_score":66.8,"hidden_gem_score":null,"kuadran":"PEMENANG_JELAS"}},{"type":"Feature","id":"898c1079d0fffff","geometry":{"type":"Polygon","coordinates":[[[106.836125,-6.201082],[106.835708,-6.199347],[106.833933,-6.198911],[106.832575,-6.200209],[106.832991,-6.201944],[106.834766,-6.20238],[106.836125,-6.201082]]]},"properties":{"h3_index":"898c1079d0fffff","kawasan":"Dukuh Atas BNI","tingkat_keyakinan":"RENDAH","n_titik_misi":0,"data_source":"predicted","zona_izin_komersial":null,"indeks_churn":null,"harga_sewa_median":null,"harga_sewa_per_m2":null,"belanja_per_jam":null,"njop_m2":null,"opportunity_score":62.2,"hidden_gem_score":null,"kuadran":"PEMENANG_JELAS"}},{"type":"Feature","id":"898c1079d13ffff","geometry":{"type":"Polygon","coordinates":[[[106.840507,-6.205423],[106.840091,-6.203689],[106.838316,-6.203253],[106.836957,-6.204551],[106.837374,-6.206286],[106.839149,-6.206722],[106.840507,-6.205423]]]},"properties":{"h3_index":"898c1079d13ffff","kawasan":"Manggarai","tingkat_keyakinan":"RENDAH","n_titik_misi":0,"data_source":"predicted","zona_izin_komersial":true,"indeks_churn":null,"harga_sewa_median":null,"harga_sewa_per_m2":null,"belanja_per_jam":null,"njop_m2":null,"opportunity_score":40.4,"hidden_gem_score":null,"kuadran":"JEBAKAN_GENGSI"}},{"type":"Feature","id":"898c1079d17ffff","geometry":{"type":"Polygon","coordinates":[[[106.837374,-6.206286],[106.836957,-6.204551],[106.835182,-6.204115],[106.833824,-6.205413],[106.83424,-6.207148],[106.836015,-6.207584],[106.837374,-6.206286]]]},"properties":{"h3_index":"898c1079d17ffff","kawasan":"Dukuh Atas BNI","tingkat_keyakinan":"RENDAH","n_titik_misi":0,"data_source":"predicted","zona_izin_komersial":true,"indeks_churn":null,"harga_sewa_median":null,"harga_sewa_per_m2":null,"belanja_per_jam":null,"njop_m2":null,"opportunity_score":51.8,"hidden_gem_score":null,"kuadran":"HIDDEN_GEM"}},{"type":"Feature","id":"898c1079d1bffff","geometry":{"type":"Polygon","coordinates":[[[106.84145,-6.20239],[106.841033,-6.200656],[106.839259,-6.20022],[106.8379,-6.201518],[106.838316,-6.203253],[106.840091,-6.203689],[106.84145,-6.20239]]]},"properties":{"h3_index":"898c1079d1bffff","kawasan":"Manggarai","tingkat_keyakinan":"RENDAH","n_titik_misi":0,"data_source":"predicted","zona_izin_komersial":null,"indeks_churn":null,"harga_sewa_median":null,"harga_sewa_per_m2":null,"belanja_per_jam":null,"njop_m2":null,"opportunity_score":46.9,"hidden_gem_score":null,"kuadran":"PEMENANG_JELAS"}},{"type":"Feature","id":"898c1079d23ffff","geometry":{"type":"Polygon","coordinates":[[[106.829857,-6.202806],[106.829441,-6.201071],[106.827666,-6.200635],[106.826307,-6.201933],[106.826723,-6.203668],[106.828498,-6.204104],[106.829857,-6.202806]]]},"properties":{"h3_index":"898c1079d23ffff","kawasan":"Dukuh Atas BNI","tingkat_keyakinan":"RENDAH","n_titik_misi":0,"data_source":"predicted","zona_izin_komersial":true,"indeks_churn":null,"harga_sewa_median":null,"harga_sewa_per_m2":null,"belanja_per_jam":null,"njop_m2":null,"opportunity_score":90.1,"hidden_gem_score":null,"kuadran":"HIDDEN_GEM"}},{"type":"Feature","id":"898c1079d27ffff","geometry":{"type":"Polygon","coordinates":[[[106.826723,-6.203668],[106.826307,-6.201933],[106.824532,-6.201497],[106.823173,-6.202795],[106.823589,-6.20453],[106.825365,-6.204966],[106.826723,-6.203668]]]},"properties":{"h3_index":"898c1079d27ffff","kawasan":"Dukuh Atas BNI","tingkat_keyakinan":"RENDAH","n_titik_misi":2,"data_source":"observed","zona_izin_komersial":true,"indeks_churn":null,"harga_sewa_median":null,"harga_sewa_per_m2":null,"belanja_per_jam":null,"njop_m2":null,"opportunity_score":100.0,"hidden_gem_score":null,"kuadran":"PEMENANG_JELAS"}},{"type":"Feature","id":"898c1079d2fffff","geometry":{"type":"Polygon","coordinates":[[[106.827666,-6.200635],[106.827249,-6.1989],[106.825474,-6.198464],[106.824115,-6.199762],[106.824532,-6.201497],[106.826307,-6.201933],[106.827666,-6.200635]]]},"properties":{"h3_index":"898c1079d2fffff","kawasan":"Dukuh Atas BNI","tingkat_keyakinan":"RENDAH","n_titik_misi":0,"data_source":"predicted","zona_izin_komersial":null,"indeks_churn":null,"harga_sewa_median":null,"harga_sewa_per_m2":null,"belanja_per_jam":null,"njop_m2":null,"opportunity_score":95.6,"hidden_gem_score":null,"kuadran":"HIDDEN_GEM"}},{"type":"Feature","id":"898c1079d33ffff","geometry":{"type":"Polygon","coordinates":[[[106.832049,-6.204977],[106.831632,-6.203242],[106.829857,-6.202806],[106.828498,-6.204104],[106.828915,-6.205839],[106.83069,-6.206275],[106.832049,-6.204977]]]},"properties":{"h3_index":"898c1079d33ffff","kawasan":"Dukuh Atas BNI","tingkat_keyakinan":"RENDAH","n_titik_misi":0,"data_source":"predicted","zona_izin_komersial":true,"indeks_churn":null,"harga_sewa_median":null,"harga_sewa_per_m2":null,"belanja_per_jam":null,"njop_m2":null,"opportunity_score":71.0,"hidden_gem_score":null,"kuadran":"HIDDEN_GEM"}},{"type":"Feature","id":"898c1079d37ffff","geometry":{"type":"Polygon","coordinates":[[[106.828915,-6.205839],[106.828498,-6.204104],[106.826723,-6.203668],[106.825365,-6.204966],[106.825781,-6.206701],[106.827556,-6.207137],[106.828915,-6.205839]]]},"properties":{"h3_index":"898c1079d37ffff","kawasan":"Dukuh Atas BNI","tingkat_keyakinan":"RENDAH","n_titik_misi":0,"data_source":"predicted","zona_izin_komersial":true,"indeks_churn":null,"harga_sewa_median":null,"harga_sewa_per_m2":null,"belanja_per_jam":null,"njop_m2":null,"opportunity_score":80.7,"hidden_gem_score":null,"kuadran":"PEMENANG_JELAS"}},{"type":"Feature","id":"898c1079d3bffff","geometry":{"type":"Polygon","coordinates":[[[106.832991,-6.201944],[106.832575,-6.200209],[106.8308,-6.199773],[106.829441,-6.201071],[106.829857,-6.202806],[106.831632,-6.203242],[106.832991,-6.201944]]]},"properties":{"h3_index":"898c1079d3bffff","kawasan":"Dukuh Atas BNI","tingkat_keyakinan":"RENDAH","n_titik_misi":0,"data_source":"predicted","zona_izin_komersial":null,"indeks_churn":null,"harga_sewa_median":null,"harga_sewa_per_m2":null,"belanja_per_jam":null,"njop_m2":null,"opportunity_score":64.4,"hidden_gem_score":null,"kuadran":"PEMENANG_JELAS"}},{"type":"Feature","id":"898c1079d43ffff","geometry":{"type":"Polygon","coordinates":[[[106.843335,-6.196324],[106.842918,-6.19459],[106.841143,-6.194153],[106.839785,-6.195452],[106.840201,-6.197187],[106.841976,-6.197623],[106.843335,-6.196324]]]},"properties":{"h3_index":"898c1079d43ffff","kawasan":"Dukuh Atas BNI","tingkat_keyakinan":"RENDAH","n_titik_misi":0,"data_source":"predicted","zona_izin_komersial":true,"indeks_churn":null,"harga_sewa_median":null,"harga_sewa_per_m2":null,"belanja_per_jam":null,"njop_m2":null,"opportunity_score":46.4,"hidden_gem_score":null,"kuadran":"PEMENANG_JELAS"}},{"type":"Feature","id":"898c1079d47ffff","geometry":{"type":"Polygon","coordinates":[[[106.840201,-6.197187],[106.839785,-6.195452],[106.83801,-6.195015],[106.836651,-6.196314],[106.837067,-6.198049],[106.838842,-6.198485],[106.840201,-6.197187]]]},"properties":{"h3_index":"898c1079d47ffff","kawasan":"Dukuh Atas BNI","tingkat_keyakinan":"RENDAH","n_titik_misi":1,"data_source":"observed","zona_izin_komersial":true,"indeks_churn":null,"harga_sewa_median":null,"harga_sewa_per_m2":null,"belanja_per_jam":null,"njop_m2":null,"opportunity_score":59.4,"hidden_gem_score":null,"kuadran":"PEMENANG_JELAS"}},{"type":"Feature","id":"898c1079d4fffff","geometry":{"type":"Polygon","coordinates":[[[106.841143,-6.194153],[106.840727,-6.192419],[106.838952,-6.191982],[106.837593,-6.193281],[106.83801,-6.195015],[106.839785,-6.195452],[106.841143,-6.194153]]]},"properties":{"h3_index":"898c1079d4fffff","kawasan":"Dukuh Atas BNI","tingkat_keyakinan":"RENDAH","n_titik_misi":0,"data_source":"predicted","zona_izin_komersial":true,"indeks_churn":null,"harga_sewa_median":null,"harga_sewa_per_m2":null,"belanja_per_jam":null,"njop_m2":null,"opportunity_score":48.1,"hidden_gem_score":null,"kuadran":"PEMENANG_JELAS"}},{"type":"Feature","id":"898c1079d53ffff","geometry":{"type":"Polygon","coordinates":[[[106.845526,-6.198495],[106.84511,-6.196761],[106.843335,-6.196324],[106.841976,-6.197623],[106.842392,-6.199358],[106.844167,-6.199794],[106.845526,-6.198495]]]},"properties":{"h3_index":"898c1079d53ffff","kawasan":"Manggarai","tingkat_keyakinan":"RENDAH","n_titik_misi":0,"data_source":"predicted","zona_izin_komersial":true,"indeks_churn":null,"harga_sewa_median":null,"harga_sewa_per_m2":null,"belanja_per_jam":null,"njop_m2":null,"opportunity_score":50.8,"hidden_gem_score":null,"kuadran":"HIDDEN_GEM"}},{"type":"Feature","id":"898c1079d57ffff","geometry":{"type":"Polygon","coordinates":[[[106.842392,-6.199358],[106.841976,-6.197623],[106.840201,-6.197187],[106.838842,-6.198485],[106.839259,-6.20022],[106.841033,-6.200656],[106.842392,-6.199358]]]},"properties":{"h3_index":"898c1079d57ffff","kawasan":"Manggarai","tingkat_keyakinan":"RENDAH","n_titik_misi":0,"data_source":"predicted","zona_izin_komersial":true,"indeks_churn":null,"harga_sewa_median":null,"harga_sewa_per_m2":null,"belanja_per_jam":null,"njop_m2":null,"opportunity_score":52.4,"hidden_gem_score":null,"kuadran":"PEMENANG_JELAS"}},{"type":"Feature","id":"898c1079d63ffff","geometry":{"type":"Polygon","coordinates":[[[106.834876,-6.195878],[106.834459,-6.194143],[106.832684,-6.193706],[106.831326,-6.195005],[106.831742,-6.19674],[106.833517,-6.197176],[106.834876,-6.195878]]]},"properties":{"h3_index":"898c1079d63ffff","kawasan":"Dukuh Atas BNI","tingkat_keyakinan":"RENDAH","n_titik_misi":0,"data_source":"predicted","zona_izin_komersial":null,"indeks_churn":null,"harga_sewa_median":null,"harga_sewa_per_m2":null,"belanja_per_jam":null,"njop_m2":null,"opportunity_score":52.9,"hidden_gem_score":null,"kuadran":"PEMENANG_JELAS"}},{"type":"Feature","id":"898c1079d67ffff","geometry":{"type":"Polygon","coordinates":[[[106.831742,-6.19674],[106.831326,-6.195005],[106.82955,-6.194568],[106.828192,-6.195867],[106.828608,-6.197602],[106.830383,-6.198038],[106.831742,-6.19674]]]},"properties":{"h3_index":"898c1079d67ffff","kawasan":"Dukuh Atas BNI","tingkat_keyakinan":"RENDAH","n_titik_misi":0,"data_source":"predicted","zona_izin_komersial":true,"indeks_churn":null,"harga_sewa_median":null,"harga_sewa_per_m2":null,"belanja_per_jam":null,"njop_m2":null,"opportunity_score":57.7,"hidden_gem_score":null,"kuadran":"PEMENANG_JELAS"}},{"type":"Feature","id":"898c1079d6bffff","geometry":{"type":"Polygon","coordinates":[[[106.835818,-6.192844],[106.835402,-6.19111],[106.833627,-6.190673],[106.832268,-6.191972],[106.832684,-6.193706],[106.834459,-6.194143],[106.835818,-6.192844]]]},"properties":{"h3_index":"898c1079d6bffff","kawasan":"Dukuh Atas BNI","tingkat_keyakinan":"RENDAH","n_titik_misi":0,"data_source":"predicted","zona_izin_komersial":null,"indeks_churn":null,"harga_sewa_median":null,"harga_sewa_per_m2":null,"belanja_per_jam":null,"njop_m2":null,"opportunity_score":51.0,"hidden_gem_score":null,"kuadran":"PEMENANG_JELAS"}},{"type":"Feature","id":"898c1079d6fffff","geometry":{"type":"Polygon","coordinates":[[[106.832684,-6.193706],[106.832268,-6.191972],[106.830493,-6.191535],[106.829134,-6.192834],[106.82955,-6.194568],[106.831326,-6.195005],[106.832684,-6.193706]]]},"properties":{"h3_index":"898c1079d6fffff","kawasan":"Dukuh Atas BNI","tingkat_keyakinan":"RENDAH","n_titik_misi":0,"data_source":"predicted","zona_izin_komersial":null,"indeks_churn":null,"harga_sewa_median":null,"harga_sewa_per_m2":null,"belanja_per_jam":null,"njop_m2":null,"opportunity_score":51.5,"hidden_gem_score":null,"kuadran":"PEMENANG_JELAS"}},{"type":"Feature","id":"898c1079d73ffff","geometry":{"type":"Polygon","coordinates":[[[106.837067,-6.198049],[106.836651,-6.196314],[106.834876,-6.195878],[106.833517,-6.197176],[106.833933,-6.198911],[106.835708,-6.199347],[106.837067,-6.198049]]]},"properties":{"h3_index":"898c1079d73ffff","kawasan":"Dukuh Atas BNI","tingkat_keyakinan":"RENDAH","n_titik_misi":0,"data_source":"predicted","zona_izin_komersial":true,"indeks_churn":null,"harga_sewa_median":null,"harga_sewa_per_m2":null,"belanja_per_jam":null,"njop_m2":null,"opportunity_score":52.7,"hidden_gem_score":0.527412673352153,"kuadran":"HIDDEN_GEM"}},{"type":"Feature","id":"898c1079d77ffff","geometry":{"type":"Polygon","coordinates":[[[106.833933,-6.198911],[106.833517,-6.197176],[106.831742,-6.19674],[106.830383,-6.198038],[106.8308,-6.199773],[106.832575,-6.200209],[106.833933,-6.198911]]]},"properties":{"h3_index":"898c1079d77ffff","kawasan":"Dukuh Atas BNI","tingkat_keyakinan":"RENDAH","n_titik_misi":0,"data_source":"predicted","zona_izin_komersial":null,"indeks_churn":null,"harga_sewa_median":null,"harga_sewa_per_m2":null,"belanja_per_jam":null,"njop_m2":null,"opportunity_score":52.7,"hidden_gem_score":null,"kuadran":"PEMENANG_JELAS"}},{"type":"Feature","id":"898c1079d7bffff","geometry":{"type":"Polygon","coordinates":[[[106.83801,-6.195015],[106.837593,-6.193281],[106.835818,-6.192844],[106.834459,-6.194143],[106.834876,-6.195878],[106.836651,-6.196314],[106.83801,-6.195015]]]},"properties":{"h3_index":"898c1079d7bffff","kawasan":"Dukuh Atas BNI","tingkat_keyakinan":"RENDAH","n_titik_misi":0,"data_source":"predicted","zona_izin_komersial":true,"indeks_churn":null,"harga_sewa_median":null,"harga_sewa_per_m2":null,"belanja_per_jam":null,"njop_m2":null,"opportunity_score":55.0,"hidden_gem_score":0.54594176223288,"kuadran":"HIDDEN_GEM"}},{"type":"Feature","id":"898c1079d83ffff","geometry":{"type":"Polygon","coordinates":[[[106.841756,-6.210627],[106.84134,-6.208892],[106.839565,-6.208456],[106.838206,-6.209755],[106.838623,-6.211489],[106.840398,-6.211925],[106.841756,-6.210627]]]},"properties":{"h3_index":"898c1079d83ffff","kawasan":"Manggarai","tingkat_keyakinan":"RENDAH","n_titik_misi":0,"data_source":"predicted","zona_izin_komersial":null,"indeks_churn":null,"harga_sewa_median":null,"harga_sewa_per_m2":null,"belanja_per_jam":null,"njop_m2":null,"opportunity_score":41.2,"hidden_gem_score":null,"kuadran":"JEBAKAN_GENGSI"}},{"type":"Feature","id":"898c1079d87ffff","geometry":{"type":"Polygon","coordinates":[[[106.838623,-6.211489],[106.838206,-6.209755],[106.836431,-6.209318],[106.835073,-6.210617],[106.835489,-6.212351],[106.837264,-6.212787],[106.838623,-6.211489]]]},"properties":{"h3_index":"898c1079d87ffff","kawasan":"Manggarai","tingkat_keyakinan":"RENDAH","n_titik_misi":0,"data_source":"predicted","zona_izin_komersial":true,"indeks_churn":null,"harga_sewa_median":null,"harga_sewa_per_m2":null,"belanja_per_jam":null,"njop_m2":null,"opportunity_score":37.3,"hidden_gem_score":null,"kuadran":"HINDARI"}},{"type":"Feature","id":"898c1079d8bffff","geometry":{"type":"Polygon","coordinates":[[[106.842699,-6.207594],[106.842282,-6.20586],[106.840507,-6.205423],[106.839149,-6.206722],[106.839565,-6.208456],[106.84134,-6.208892],[106.842699,-6.207594]]]},"properties":{"h3_index":"898c1079d8bffff","kawasan":"Manggarai","tingkat_keyakinan":"RENDAH","n_titik_misi":0,"data_source":"predicted","zona_izin_komersial":true,"indeks_churn":null,"harga_sewa_median":null,"harga_sewa_per_m2":null,"belanja_per_jam":null,"njop_m2":null,"opportunity_score":43.9,"hidden_gem_score":null,"kuadran":"HINDARI"}},{"type":"Feature","id":"898c1079d8fffff","geometry":{"type":"Polygon","coordinates":[[[106.839565,-6.208456],[106.839149,-6.206722],[106.837374,-6.206286],[106.836015,-6.207584],[106.836431,-6.209318],[106.838206,-6.209755],[106.839565,-6.208456]]]},"properties":{"h3_index":"898c1079d8fffff","kawasan":"Manggarai","tingkat_keyakinan":"RENDAH","n_titik_misi":0,"data_source":"predicted","zona_izin_komersial":true,"indeks_churn":null,"harga_sewa_median":null,"harga_sewa_per_m2":null,"belanja_per_jam":null,"njop_m2":null,"opportunity_score":51.8,"hidden_gem_score":0.517789238383944,"kuadran":"HIDDEN_GEM"}},{"type":"Feature","id":"898c1079d93ffff","geometry":{"type":"Polygon","coordinates":[[[106.843947,-6.212797],[106.843531,-6.211063],[106.841756,-6.210627],[106.840398,-6.211925],[106.840814,-6.21366],[106.842589,-6.214096],[106.843947,-6.212797]]]},"properties":{"h3_index":"898c1079d93ffff","kawasan":"Manggarai","tingkat_keyakinan":"RENDAH","n_titik_misi":0,"data_source":"predicted","zona_izin_komersial":true,"indeks_churn":null,"harga_sewa_median":null,"harga_sewa_per_m2":null,"belanja_per_jam":null,"njop_m2":null,"opportunity_score":41.4,"hidden_gem_score":null,"kuadran":"JEBAKAN_GENGSI"}},{"type":"Feature","id":"898c1079d97ffff","geometry":{"type":"Polygon","coordinates":[[[106.840814,-6.21366],[106.840398,-6.211925],[106.838623,-6.211489],[106.837264,-6.212787],[106.83768,-6.214522],[106.839455,-6.214958],[106.840814,-6.21366]]]},"properties":{"h3_index":"898c1079d97ffff","kawasan":"Manggarai","tingkat_keyakinan":"RENDAH","n_titik_misi":0,"data_source":"predicted","zona_izin_komersial":true,"indeks_churn":null,"harga_sewa_median":null,"harga_sewa_per_m2":null,"belanja_per_jam":null,"njop_m2":null,"opportunity_score":19.3,"hidden_gem_score":null,"kuadran":"JEBAKAN_GENGSI"}},{"type":"Feature","id":"898c1079d9bffff","geometry":{"type":"Polygon","coordinates":[[[106.84489,-6.209765],[106.844473,-6.20803],[106.842699,-6.207594],[106.84134,-6.208892],[106.841756,-6.210627],[106.843531,-6.211063],[106.84489,-6.209765]]]},"properties":{"h3_index":"898c1079d9bffff","kawasan":"Manggarai","tingkat_keyakinan":"RENDAH","n_titik_misi":0,"data_source":"predicted","zona_izin_komersial":true,"indeks_churn":null,"harga_sewa_median":null,"harga_sewa_per_m2":null,"belanja_per_jam":null,"njop_m2":null,"opportunity_score":49.5,"hidden_gem_score":null,"kuadran":"HIDDEN_GEM"}},{"type":"Feature","id":"898c1079da3ffff","geometry":{"type":"Polygon","coordinates":[[[106.833298,-6.21018],[106.832881,-6.208446],[106.831106,-6.20801],[106.829748,-6.209308],[106.830164,-6.211043],[106.831939,-6.211479],[106.833298,-6.21018]]]},"properties":{"h3_index":"898c1079da3ffff","kawasan":"Dukuh Atas BNI","tingkat_keyakinan":"RENDAH","n_titik_misi":0,"data_source":"predicted","zona_izin_komersial":true,"indeks_churn":null,"harga_sewa_median":null,"harga_sewa_per_m2":null,"belanja_per_jam":null,"njop_m2":null,"opportunity_score":64.5,"hidden_gem_score":0.545766100691691,"kuadran":"HIDDEN_GEM"}},{"type":"Feature","id":"898c1079da7ffff","geometry":{"type":"Polygon","coordinates":[[[106.830164,-6.211043],[106.829748,-6.209308],[106.827972,-6.208872],[106.826614,-6.21017],[106.82703,-6.211905],[106.828805,-6.212341],[106.830164,-6.211043]]]},"properties":{"h3_index":"898c1079da7ffff","kawasan":"Dukuh Atas BNI","tingkat_keyakinan":"RENDAH","n_titik_misi":0,"data_source":"predicted","zona_izin_komersial":true,"indeks_churn":null,"harga_sewa_median":null,"harga_sewa_per_m2":null,"belanja_per_jam":null,"njop_m2":null,"opportunity_score":63.9,"hidden_gem_score":null,"kuadran":"PEMENANG_JELAS"}},{"type":"Feature","id":"898c1079dabffff","geometry":{"type":"Polygon","coordinates":[[[106.83424,-6.207148],[106.833824,-6.205413],[106.832049,-6.204977],[106.83069,-6.206275],[106.831106,-6.20801],[106.832881,-6.208446],[106.83424,-6.207148]]]},"properties":{"h3_index":"898c1079dabffff","kawasan":"Dukuh Atas BNI","tingkat_keyakinan":"RENDAH","n_titik_misi":0,"data_source":"predicted","zona_izin_komersial":true,"indeks_churn":null,"harga_sewa_median":null,"harga_sewa_per_m2":null,"belanja_per_jam":null,"njop_m2":null,"opportunity_score":64.2,"hidden_gem_score":null,"kuadran":"PEMENANG_JELAS"}},{"type":"Feature","id":"898c1079dafffff","geometry":{"type":"Polygon","coordinates":[[[106.831106,-6.20801],[106.83069,-6.206275],[106.828915,-6.205839],[106.827556,-6.207137],[106.827972,-6.208872],[106.829748,-6.209308],[106.831106,-6.20801]]]},"properties":{"h3_index":"898c1079dafffff","kawasan":"Dukuh Atas BNI","tingkat_keyakinan":"RENDAH","n_titik_misi":0,"data_source":"predicted","zona_izin_komersial":true,"indeks_churn":null,"harga_sewa_median":null,"harga_sewa_per_m2":null,"belanja_per_jam":null,"njop_m2":null,"opportunity_score":65.5,"hidden_gem_score":0.562085402772955,"kuadran":"HIDDEN_GEM"}},{"type":"Feature","id":"898c1079db3ffff","geometry":{"type":"Polygon","coordinates":[[[106.835489,-6.212351],[106.835073,-6.210617],[106.833298,-6.21018],[106.831939,-6.211479],[106.832355,-6.213213],[106.83413,-6.213649],[106.835489,-6.212351]]]},"properties":{"h3_index":"898c1079db3ffff","kawasan":"Dukuh Atas BNI","tingkat_keyakinan":"RENDAH","n_titik_misi":0,"data_source":"predicted","zona_izin_komersial":true,"indeks_churn":null,"harga_sewa_median":null,"harga_sewa_per_m2":null,"belanja_per_jam":null,"njop_m2":null,"opportunity_score":61.2,"hidden_gem_score":0.563664334232641,"kuadran":"HIDDEN_GEM"}},{"type":"Feature","id":"898c1079db7ffff","geometry":{"type":"Polygon","coordinates":[[[106.832355,-6.213213],[106.831939,-6.211479],[106.830164,-6.211043],[106.828805,-6.212341],[106.829222,-6.214075],[106.830997,-6.214511],[106.832355,-6.213213]]]},"properties":{"h3_index":"898c1079db7ffff","kawasan":"Dukuh Atas BNI","tingkat_keyakinan":"RENDAH","n_titik_misi":0,"data_source":"predicted","zona_izin_komersial":true,"indeks_churn":null,"harga_sewa_median":null,"harga_sewa_per_m2":null,"belanja_per_jam":null,"njop_m2":null,"opportunity_score":62.4,"hidden_gem_score":null,"kuadran":"PEMENANG_JELAS"}},{"type":"Feature","id":"898c1079dbbffff","geometry":{"type":"Polygon","coordinates":[[[106.836431,-6.209318],[106.836015,-6.207584],[106.83424,-6.207148],[106.832881,-6.208446],[106.833298,-6.21018],[106.835073,-6.210617],[106.836431,-6.209318]]]},"properties":{"h3_index":"898c1079dbbffff","kawasan":"Dukuh Atas BNI","tingkat_keyakinan":"RENDAH","n_titik_misi":0,"data_source":"predicted","zona_izin_komersial":true,"indeks_churn":null,"harga_sewa_median":null,"harga_sewa_per_m2":null,"belanja_per_jam":null,"njop_m2":null,"opportunity_score":63.1,"hidden_gem_score":null,"kuadran":"PEMENANG_JELAS"}},{"type":"Feature","id":"898c1079dc3ffff","geometry":{"type":"Polygon","coordinates":[[[106.846775,-6.203699],[106.846358,-6.201965],[106.844583,-6.201528],[106.843225,-6.202827],[106.843641,-6.204561],[106.845416,-6.204997],[106.846775,-6.203699]]]},"properties":{"h3_index":"898c1079dc3ffff","kawasan":"Manggarai","tingkat_keyakinan":"RENDAH","n_titik_misi":0,"data_source":"predicted","zona_izin_komersial":true,"indeks_churn":null,"harga_sewa_median":null,"harga_sewa_per_m2":null,"belanja_per_jam":null,"njop_m2":null,"opportunity_score":48.9,"hidden_gem_score":0.535366137122458,"kuadran":"HIDDEN_GEM"}},{"type":"Feature","id":"898c1079dc7ffff","geometry":{"type":"Polygon","coordinates":[[[106.843641,-6.204561],[106.843225,-6.202827],[106.84145,-6.20239],[106.840091,-6.203689],[106.840507,-6.205423],[106.842282,-6.20586],[106.843641,-6.204561]]]},"properties":{"h3_index":"898c1079dc7ffff","kawasan":"Manggarai","tingkat_keyakinan":"RENDAH","n_titik_misi":0,"data_source":"predicted","zona_izin_komersial":null,"indeks_churn":null,"harga_sewa_median":null,"harga_sewa_per_m2":null,"belanja_per_jam":null,"njop_m2":null,"opportunity_score":44.6,"hidden_gem_score":null,"kuadran":"PEMENANG_JELAS"}},{"type":"Feature","id":"898c1079dcbffff","geometry":{"type":"Polygon","coordinates":[[[106.847717,-6.200666],[106.847301,-6.198932],[106.845526,-6.198495],[106.844167,-6.199794],[106.844583,-6.201528],[106.846358,-6.201965],[106.847717,-6.200666]]]},"properties":{"h3_index":"898c1079dcbffff","kawasan":"Manggarai","tingkat_keyakinan":"RENDAH","n_titik_misi":0,"data_source":"predicted","zona_izin_komersial":true,"indeks_churn":null,"harga_sewa_median":null,"harga_sewa_per_m2":null,"belanja_per_jam":null,"njop_m2":null,"opportunity_score":17.1,"hidden_gem_score":null,"kuadran":"JEBAKAN_GENGSI"}},{"type":"Feature","id":"898c1079dcfffff","geometry":{"type":"Polygon","coordinates":[[[106.844583,-6.201528],[106.844167,-6.199794],[106.842392,-6.199358],[106.841033,-6.200656],[106.84145,-6.20239],[106.843225,-6.202827],[106.844583,-6.201528]]]},"properties":{"h3_index":"898c1079dcfffff","kawasan":"Manggarai","tingkat_keyakinan":"RENDAH","n_titik_misi":0,"data_source":"predicted","zona_izin_komersial":true,"indeks_churn":null,"harga_sewa_median":null,"harga_sewa_per_m2":null,"belanja_per_jam":null,"njop_m2":null,"opportunity_score":38.1,"hidden_gem_score":null,"kuadran":"JEBAKAN_GENGSI"}},{"type":"Feature","id":"898c1079dd3ffff","geometry":{"type":"Polygon","coordinates":[[[106.848966,-6.20587],[106.848549,-6.204135],[106.846775,-6.203699],[106.845416,-6.204997],[106.845832,-6.206732],[106.847607,-6.207168],[106.848966,-6.20587]]]},"properties":{"h3_index":"898c1079dd3ffff","kawasan":"Manggarai","tingkat_keyakinan":"RENDAH","n_titik_misi":0,"data_source":"predicted","zona_izin_komersial":true,"indeks_churn":null,"harga_sewa_median":null,"harga_sewa_per_m2":null,"belanja_per_jam":null,"njop_m2":null,"opportunity_score":46.1,"hidden_gem_score":null,"kuadran":"PEMENANG_JELAS"}},{"type":"Feature","id":"898c1079dd7ffff","geometry":{"type":"Polygon","coordinates":[[[106.845832,-6.206732],[106.845416,-6.204997],[106.843641,-6.204561],[106.842282,-6.20586],[106.842699,-6.207594],[106.844473,-6.20803],[106.845832,-6.206732]]]},"properties":{"h3_index":"898c1079dd7ffff","kawasan":"Manggarai","tingkat_keyakinan":"RENDAH","n_titik_misi":0,"data_source":"predicted","zona_izin_komersial":null,"indeks_churn":null,"harga_sewa_median":null,"harga_sewa_per_m2":null,"belanja_per_jam":null,"njop_m2":null,"opportunity_score":48.1,"hidden_gem_score":null,"kuadran":"PEMENANG_JELAS"}},{"type":"Feature","id":"898c1079ddbffff","geometry":{"type":"Polygon","coordinates":[[[106.849908,-6.202837],[106.849492,-6.201102],[106.847717,-6.200666],[106.846358,-6.201965],[106.846775,-6.203699],[106.848549,-6.204135],[106.849908,-6.202837]]]},"properties":{"h3_index":"898c1079ddbffff","kawasan":"Manggarai","tingkat_keyakinan":"RENDAH","n_titik_misi":0,"data_source":"predicted","zona_izin_komersial":true,"indeks_churn":null,"harga_sewa_median":null,"harga_sewa_per_m2":null,"belanja_per_jam":null,"njop_m2":null,"opportunity_score":51.2,"hidden_gem_score":0.518130171059681,"kuadran":"HIDDEN_GEM"}},{"type":"Feature","id":"898c1073063ffff","geometry":{"type":"Polygon","coordinates":[[[106.87856,-6.37783],[106.878144,-6.376099],[106.87637,-6.375665],[106.875013,-6.376961],[106.875428,-6.378692],[106.877202,-6.379127],[106.87856,-6.37783]]]},"properties":{"h3_index":"898c1073063ffff","kawasan":"Harjamukti","tingkat_keyakinan":"RENDAH","n_titik_misi":0,"data_source":"predicted","zona_izin_komersial":null,"indeks_churn":null,"harga_sewa_median":null,"harga_sewa_per_m2":null,"belanja_per_jam":null,"njop_m2":null,"opportunity_score":35.1,"hidden_gem_score":null,"kuadran":"HINDARI"}},{"type":"Feature","id":"898c1073693ffff","geometry":{"type":"Polygon","coordinates":[[[106.909536,-6.388671],[106.90912,-6.386941],[106.907347,-6.386507],[106.90599,-6.387803],[106.906405,-6.389534],[106.908178,-6.389968],[106.909536,-6.388671]]]},"properties":{"h3_index":"898c1073693ffff","kawasan":"Harjamukti","tingkat_keyakinan":"RENDAH","n_titik_misi":0,"data_source":"predicted","zona_izin_komersial":null,"indeks_churn":null,"harga_sewa_median":null,"harga_sewa_per_m2":null,"belanja_per_jam":null,"njop_m2":null,"opportunity_score":28.1,"hidden_gem_score":null,"kuadran":"HINDARI"}},{"type":"Feature","id":"898c1079d2bffff","geometry":{"type":"Polygon","coordinates":[[[106.8308,-6.199773],[106.830383,-6.198038],[106.828608,-6.197602],[106.827249,-6.1989],[106.827666,-6.200635],[106.829441,-6.201071],[106.8308,-6.199773]]]},"properties":{"h3_index":"898c1079d2bffff","kawasan":"Dukuh Atas BNI","tingkat_keyakinan":"RENDAH","n_titik_misi":0,"data_source":"predicted","zona_izin_komersial":true,"indeks_churn":null,"harga_sewa_median":null,"harga_sewa_per_m2":null,"belanja_per_jam":null,"njop_m2":null,"opportunity_score":68.7,"hidden_gem_score":0.557434159342798,"kuadran":"HIDDEN_GEM"}},{"type":"Feature","id":"898c1044d23ffff","geometry":{"type":"Polygon","coordinates":[[[106.902056,-6.357515],[106.901641,-6.355784],[106.899868,-6.355349],[106.89851,-6.356646],[106.898925,-6.358378],[106.900699,-6.358812],[106.902056,-6.357515]]]},"properties":{"h3_index":"898c1044d23ffff","kawasan":"Harjamukti","tingkat_keyakinan":"RENDAH","n_titik_misi":0,"data_source":"predicted","zona_izin_komersial":false,"indeks_churn":null,"harga_sewa_median":null,"harga_sewa_per_m2":null,"belanja_per_jam":null,"njop_m2":null,"opportunity_score":0.0,"hidden_gem_score":null,"kuadran":"HINDARI"}},{"type":"Feature","id":"898c104ec7bffff","geometry":{"type":"Polygon","coordinates":[[[107.002335,-6.246798],[107.00192,-6.245065],[107.000147,-6.24463],[106.998789,-6.245928],[106.999204,-6.24766],[107.000977,-6.248095],[107.002335,-6.246798]]]},"properties":{"h3_index":"898c104ec7bffff","kawasan":"Bekasi","tingkat_keyakinan":"RENDAH","n_titik_misi":0,"data_source":"predicted","zona_izin_komersial":null,"indeks_churn":null,"harga_sewa_median":null,"harga_sewa_per_m2":null,"belanja_per_jam":null,"njop_m2":null,"opportunity_score":38.7,"hidden_gem_score":null,"kuadran":"HINDARI"}},{"type":"Feature","id":"898c104e88fffff","geometry":{"type":"Polygon","coordinates":[[[106.988568,-6.24505],[106.988153,-6.243317],[106.986381,-6.242882],[106.985023,-6.24418],[106.985438,-6.245913],[106.987211,-6.246348],[106.988568,-6.24505]]]},"properties":{"h3_index":"898c104e88fffff","kawasan":"Bekasi","tingkat_keyakinan":"RENDAH","n_titik_misi":0,"data_source":"predicted","zona_izin_komersial":null,"indeks_churn":null,"harga_sewa_median":null,"harga_sewa_per_m2":null,"belanja_per_jam":null,"njop_m2":null,"opportunity_score":39.3,"hidden_gem_score":null,"kuadran":"JEBAKAN_GENGSI"}},{"type":"Feature","id":"898c1070577ffff","geometry":{"type":"Polygon","coordinates":[[[106.811852,-6.398969],[106.811436,-6.397238],[106.809661,-6.396803],[106.808303,-6.3981],[106.80872,-6.399831],[106.810494,-6.400266],[106.811852,-6.398969]]]},"properties":{"h3_index":"898c1070577ffff","kawasan":"Depok Baru","tingkat_keyakinan":"RENDAH","n_titik_misi":0,"data_source":"predicted","zona_izin_komersial":null,"indeks_churn":null,"harga_sewa_median":null,"harga_sewa_per_m2":null,"belanja_per_jam":null,"njop_m2":null,"opportunity_score":47.6,"hidden_gem_score":null,"kuadran":"HIDDEN_GEM"}},{"type":"Feature","id":"898c10705bbffff","geometry":{"type":"Polygon","coordinates":[[[106.814349,-6.409354],[106.813933,-6.407624],[106.812159,-6.407189],[106.810801,-6.408486],[106.811217,-6.410217],[106.812991,-6.410651],[106.814349,-6.409354]]]},"properties":{"h3_index":"898c10705bbffff","kawasan":"Depok Baru","tingkat_keyakinan":"RENDAH","n_titik_misi":0,"data_source":"predicted","zona_izin_komersial":null,"indeks_churn":null,"harga_sewa_median":null,"harga_sewa_per_m2":null,"belanja_per_jam":null,"njop_m2":null,"opportunity_score":33.2,"hidden_gem_score":null,"kuadran":"JEBAKAN_GENGSI"}},{"type":"Feature","id":"898c10705c7ffff","geometry":{"type":"Polygon","coordinates":[[[106.821555,-6.404602],[106.821139,-6.402871],[106.819365,-6.402437],[106.818007,-6.403734],[106.818423,-6.405465],[106.820197,-6.405899],[106.821555,-6.404602]]]},"properties":{"h3_index":"898c10705c7ffff","kawasan":"Depok Baru","tingkat_keyakinan":"RENDAH","n_titik_misi":0,"data_source":"predicted","zona_izin_komersial":null,"indeks_churn":null,"harga_sewa_median":null,"harga_sewa_per_m2":null,"belanja_per_jam":null,"njop_m2":null,"opportunity_score":44.7,"hidden_gem_score":null,"kuadran":"PEMENANG_JELAS"}},{"type":"Feature","id":"898c10705dbffff","geometry":{"type":"Polygon","coordinates":[[[106.827819,-6.402877],[106.827403,-6.401146],[106.825629,-6.400712],[106.824271,-6.402009],[106.824687,-6.40374],[106.826461,-6.404174],[106.827819,-6.402877]]]},"properties":{"h3_index":"898c10705dbffff","kawasan":"Depok Baru","tingkat_keyakinan":"RENDAH","n_titik_misi":0,"data_source":"predicted","zona_izin_komersial":null,"indeks_churn":null,"harga_sewa_median":null,"harga_sewa_per_m2":null,"belanja_per_jam":null,"njop_m2":null,"opportunity_score":37.6,"hidden_gem_score":null,"kuadran":"HINDARI"}},{"type":"Feature","id":"898c10706a7ffff","geometry":{"type":"Polygon","coordinates":[[[106.836602,-6.383849],[106.836185,-6.382118],[106.834411,-6.381683],[106.833054,-6.38298],[106.83347,-6.384711],[106.835244,-6.385146],[106.836602,-6.383849]]]},"properties":{"h3_index":"898c10706a7ffff","kawasan":"Depok Baru","tingkat_keyakinan":"RENDAH","n_titik_misi":0,"data_source":"predicted","zona_izin_komersial":null,"indeks_churn":null,"harga_sewa_median":null,"harga_sewa_per_m2":null,"belanja_per_jam":null,"njop_m2":null,"opportunity_score":36.0,"hidden_gem_score":null,"kuadran":"JEBAKAN_GENGSI"}},{"type":"Feature","id":"898c1078063ffff","geometry":{"type":"Polygon","coordinates":[[[106.86555,-6.226264],[106.865134,-6.22453],[106.863359,-6.224094],[106.862,-6.225393],[106.862417,-6.227127],[106.864191,-6.227562],[106.86555,-6.226264]]]},"properties":{"h3_index":"898c1078063ffff","kawasan":"Manggarai","tingkat_keyakinan":"RENDAH","n_titik_misi":0,"data_source":"predicted","zona_izin_komersial":true,"indeks_churn":null,"harga_sewa_median":null,"harga_sewa_per_m2":null,"belanja_per_jam":null,"njop_m2":null,"opportunity_score":44.4,"hidden_gem_score":null,"kuadran":"PEMENANG_JELAS"}},{"type":"Feature","id":"898c107806bffff","geometry":{"type":"Polygon","coordinates":[[[106.866492,-6.223232],[106.866076,-6.221498],[106.864301,-6.221062],[106.862943,-6.22236],[106.863359,-6.224094],[106.865134,-6.22453],[106.866492,-6.223232]]]},"properties":{"h3_index":"898c107806bffff","kawasan":"Manggarai","tingkat_keyakinan":"RENDAH","n_titik_misi":0,"data_source":"predicted","zona_izin_komersial":true,"indeks_churn":null,"harga_sewa_median":null,"harga_sewa_per_m2":null,"belanja_per_jam":null,"njop_m2":null,"opportunity_score":58.3,"hidden_gem_score":null,"kuadran":"HIDDEN_GEM"}}]}